﻿계정코드,계정명,보간값,보간방향,근거
117112,부채와자본총계|부채총계|비유동부채(계)|매입채무및기타채무,29075533,정방향(116400 + 116805),계산식 기반
117119,부채와자본총계|부채총계|비유동부채(계)|기타비금융부채,35083202693,정방향(116500 + 116700),계산식 기반
115190,부채와자본총계|부채총계|유동부채(계)|유동차입부채|유동성장기부채,55130603,정방향(115195),계산식 기반
113007,자산총계|비유동자산(계)|무형자산(계)|기타의무형자산(계),7350415153,역방향(113400 - []),계산식 기반
111137,자산총계|유동자산(계)|현금및현금성자산|기타현금성자산,416919919668,역방향(111100 - []),계산식 기반
118630,부채와자본총계|자본총계|기타자본구성요소,2524661589266,역방향(118900 - [118060 + 118300]),계산식 기반
116409,부채와자본총계|부채총계|비유동부채(계)|매입채무및기타채무|장기미지급금|기타장기미지급금,21834584,역방향(116400 - []),계산식 기반
115147,부채와자본총계|부채총계|유동부채(계)|매입채무및기타채무|미지급금|기타미지급금,61251058,역방향(115140 - []),계산식 기반
115164,부채와자본총계|부채총계|유동부채(계)|매입채무및기타채무|예수금|기타예수금,16233876,역방향(115160 - []),계산식 기반
115153,부채와자본총계|부채총계|유동부채(계)|기타비금융부채|선수금|기타선수금,855452,역방향(115150 - []),계산식 기반
115122,부채와자본총계|부채총계|유동부채(계)|유동차입부채,55130603,정방향(115190),계산식 기반
