계정코드,계정명,예측값
261010,기말납입자본|유상증자,2162100
261900,기말납입자본,4925891100
263000,기초이익잉여금수정|기초이익잉여금,3047231712239
263013,처분후이익잉여금|수정후이익잉여금,3047231712239
263014,기말이익잉여금|처분후이익잉여금,3047231712239
263110,기말이익잉여금|당기순손익,1376266875946
263900,기말이익잉여금,4303918735251
267250,기말기타자본구성요소|합병(분할)로인한자본잉여금증감,1025429116
267370,기말기타자본구성요소|매도가능금융자산평가이익,-34846256508
267440,기말기타자본구성요소|해외사업환산손익의증감,38815230
267460,기말기타자본구성요소|기타,191578504
