계정코드,계정명,예측값
133500,미처분이익잉여금,4303918735251
132000,미처분이익잉여금|수정후전기이월미처분이익잉여금,2927651859305
131100,미처분이익잉여금|수정후전기이월미처분이익잉여금|전기이월미처분이익잉여금,3047231712239
131113,미처분이익잉여금|수정후전기이월미처분이익잉여금|자기주식처분손실(-),119579852934
133000,미처분이익잉여금|당기순이익,1376266875946
135000,이익잉여금처분가능액,4303918735251
138000,차기이월미처분이익잉여금,4303918735251
