계정코드,계정명,예측값
121000,수익,2636975532925
121100,수익|총수익,2636975532925
121120,수익|총수익|제품판매로인한수익,2636975532925
124120,판매비와관리비|인건비|단기종업원급여|급료와임금,204665800000
124145,판매비와관리비|인건비|퇴직급여,21081697000
124180,판매비와관리비|인건비|주식보상비용,90574714000
124170,판매비와관리비|인건비|복리후생비,44895945000
124211,판매비와관리비|일반관리비|여비교통비,6586333000
124218,판매비와관리비|일반관리비|보험료,4910052000
124220,판매비와관리비|일반관리비|소모품비,1083224000
124224,판매비와관리비|일반관리비|수수료비용,569120111000
124300,판매비와관리비|판매비,73896931000
124312,판매비와관리비|판매비|광고선전비,73896931000
124450,판매비와관리비|기타판매비와관리비|무형자산상각비,4564484000
125000,영업이익(손실),1208574641448
125100,영업외수익,763699657357
125101,영업외수익|금융수익|이자수익,22438025000
125103,영업외수익|금융수익|배당금수익,140550000
125169,영업외수익|당기손익인식금융자산처분이익,307460409000
125185,영업외수익|관계기업투자처분이익,786762000
125123,"영업외수익|유,무형,리스자산처분이익",1013121000
125111,영업외수익|외화환산이익,154539259000
125126,영업외수익|파생상품평가이익,4824199000
125187,영업외수익|자산평가이익,194186036000
125155,영업외수익|자산평가이익|당기손익인식금융자산평가이익,194186036000
125167,영업외수익|자산손상차손환입,54088091000
125171,영업외수익|자산손상차손환입|종속기업투자손상차손환입,54088091000
125115,영업외수익|기타영업외수익,155093000
126000,영업외비용,167730976604
126103,영업외비용|금융비용,6508249340
126110,영업외비용|금융비용|이자비용,6508249340
126129,영업외비용|당기손익인식금융자산처분손실,38167062000
126260,"영업외비용|유,무형,리스자산처분손실",3652000
126150,영업외비용|기부금,522123000
126174,영업외비용|외화환산손실,34201210000
126170,영업외비용|자산평가손실,11887053000
126178,영업외비용|자산평가손실|당기손익인식금융자산평가손실,11887053000
126240,영업외비용|기타대손상각비,12596850000
126156,영업외비용|자산손상차손|종속기업투자손상차손,14853683000
126157,영업외비용|자산손상차손|관계기업투자손상차손,31080095000
126410,영업외비용|자산손상차손|유형자산손상차손,65695000
126420,영업외비용|자산손상차손|무형자산손상차손,6197098000
126250,영업외비용|기타영업외비용,9317583000
128000,법인세비용차감전계속영업이익(손실),1804543322201
128100,계속영업손익법인세비용(부의법인세비용),428276446255
128160,계속영업이익(손실),1376266875946
129007,기본주당계속영업손익,30129
129009,기본주당순손익,30129
129017,희석주당계속영업손익,29909
129019,희석주당순손익,29909
129050,기타포괄손익,-34615862774
129053,기타포괄손익|투자자산평가손익,-34846256508
129055,기타포괄손익|외화환산평가손익,38815230
129056,기타포괄손익|보험수리적손익,191578504
129060,포괄손익,1341651013172
