계정코드,계정명,예측값
161000,영업활동으로인한현금흐름,877281444662
161100,영업활동으로인한현금흐름|당기순이익(손실),1376266875946
161211,"영업활동으로인한현금흐름|현금유출없는비용등가산|유형자산, 투자부동산감가상각비",59457539000
161212,영업활동으로인한현금흐름|현금유출없는비용등가산|무형자산상각비,4564484000
161249,영업활동으로인한현금흐름|현금유출없는비용등가산|무형자산상각비|기타무형자산상각비,4564484000
161268,영업활동으로인한현금흐름|현금유출없는비용등가산|기타대손상각비,12596850000
161296,영업활동으로인한현금흐름|현금유출없는비용등가산|당기손익인식금융자산처분손실,38167062000
161282,영업활동으로인한현금흐름|현금유출없는비용등가산|당기손익인식금융자산평가손실,11887053000
161206,영업활동으로인한현금흐름|현금유출없는비용등가산|관계기업투자손상차손,31080095000
161260,영업활동으로인한현금흐름|현금유출없는비용등가산|유형자산손상차손,65695000
161270,영업활동으로인한현금흐름|현금유출없는비용등가산|무형자산손상차손,6197098000
161247,영업활동으로인한현금흐름|현금유출없는비용등가산|법인세비용,428276446255
161226,영업활동으로인한현금흐름|현금유출없는비용등가산|이자비용,6508249000
161262,영업활동으로인한현금흐름|현금유출없는비용등가산|주식보상비용,90574714000
161696,영업활동으로인한현금흐름|현금유입없는수익등차감|당기손익인식금융자산처분이익,307460409000
161690,영업활동으로인한현금흐름|현금유입없는수익등차감|관계기업투자처분이익,786762000
161514,"영업활동으로인한현금흐름|현금유입없는수익등차감|유,무형,리스자산처분이익",1013121000
161674,영업활동으로인한현금흐름|현금유입없는수익등차감|당기손익인식금융자산평가이익,194186036000
161521,영업활동으로인한현금흐름|현금유입없는수익등차감|이자수익,22438025000
161555,영업활동으로인한현금흐름|현금유입없는수익등차감|배당금수익,140550000
161612,영업활동으로인한현금흐름|현금유입없는수익등차감|파생상품평가이익,4824199000
161540,영업활동으로인한현금흐름|영업활동관련자산부채변동,-262808532371
161541,영업활동으로인한현금흐름|영업활동관련자산부채변동|매출채권의감소(증가),-231700471000
161543,영업활동으로인한현금흐름|영업활동관련자산부채변동|선급금의감소(증가),-200633000
161544,영업활동으로인한현금흐름|영업활동관련자산부채변동|선급비용의감소(증가),-29769001000
161685,영업활동으로인한현금흐름|영업활동관련자산부채변동|장기선급비용의감소(증가),-66312982000
161545,영업활동으로인한현금흐름|영업활동관련자산부채변동|미수금의감소(증가),9996103000
161551,영업활동으로인한현금흐름|영업활동관련자산부채변동|기타투자및비유동자산감소(증가),23494000
161572,영업활동으로인한현금흐름|영업활동관련자산부채변동|선수금의증가(감소),-1233612000
161573,영업활동으로인한현금흐름|영업활동관련자산부채변동|예수금의증가(감소),13864714000
161574,영업활동으로인한현금흐름|영업활동관련자산부채변동|미지급비용의증가(감소),-3378966000
161575,영업활동으로인한현금흐름|영업활동관련자산부채변동|미지급금의증가(감소),2399075000
161579,영업활동으로인한현금흐름|영업활동관련자산부채변동|기타유동부채증가(감소),42238877000
161582,영업활동으로인한현금흐름|영업활동관련자산부채변동|퇴직금의지급,-369914000
161589,영업활동으로인한현금흐름|영업활동관련자산부채변동|비유동부채의증가(감소),1634784000
161710,영업활동으로인한현금흐름|금융비용유출액,5952695244
161711,영업활동으로인한현금흐름|이자수익유입액,18318895468
161713,영업활동으로인한현금흐름|배당금수익유입액,140549941
162000,투자활동으로인한현금흐름,-752964520146
162100,투자활동으로인한현금흐름|투자활동으로인한현금유입,18543999183895
162110,투자활동으로인한현금흐름|투자활동으로인한현금유입|유동자산의감소,8047400402
162112,투자활동으로인한현금흐름|투자활동으로인한현금유입|유동자산의감소|단기대여금의회수,8047400402
162171,투자활동으로인한현금흐름|투자활동으로인한현금유입|투자자산등의감소|당기손익인식금융자산의 처분,18518336217967
162196,투자활동으로인한현금흐름|투자활동으로인한현금유입|투자자산등의감소|관계회사투자관련현금유입액,786762169
162197,투자활동으로인한현금흐름|투자활동으로인한현금유입|투자자산등의감소|관계회사투자관련현금유입액|관계회사투자의처분,786762169
162126,투자활동으로인한현금흐름|투자활동으로인한현금유입|투자자산등의감소|장기대여금의회수,300000000
162131,투자활동으로인한현금흐름|투자활동으로인한현금유입|투자자산등의감소|보증금의감소,3509142954
162157,"투자활동으로인한현금흐름|투자활동으로인한현금유입|유,무형,리스자산의감소|무형자산감소",41893059
162163,"투자활동으로인한현금흐름|투자활동으로인한현금유입|유,무형,리스자산의감소|무형자산감소|기타무형자산감소",41893059
162169,"투자활동으로인한현금흐름|투자활동으로인한현금유입|유,무형,리스자산의감소|기타유형,리스자산처분",157801503
162220,투자활동으로인한현금흐름|투자활동으로인한현금유입|합병(영업양수도)현금유입,999000000
162500,투자활동으로인한현금흐름|투자활동으로인한현금유출,19296963704041
162510,투자활동으로인한현금흐름|투자활동으로인한현금유출|유동자산의증가,8992130100
162512,투자활동으로인한현금흐름|투자활동으로인한현금유출|유동자산의증가|단기대여금의증가,8992130100
162564,투자활동으로인한현금흐름|투자활동으로인한현금유출|투자자산등의증가|당기손익인식금융자산의 취득,18933877795933
162565,투자활동으로인한현금흐름|투자활동으로인한현금유출|투자자산등의증가|매도가능금융자산의 취득,6471081812
162540,투자활동으로인한현금흐름|투자활동으로인한현금유출|투자자산등의증가|종속회사투자관련현금유출액,30146509176
162541,투자활동으로인한현금흐름|투자활동으로인한현금유출|투자자산등의증가|종속회사투자관련현금유출액|종속회사투자의취득,30146509176
162545,투자활동으로인한현금흐름|투자활동으로인한현금유출|투자자산등의증가|관계회사투자관련현금유출액,208095154253
162546,투자활동으로인한현금흐름|투자활동으로인한현금유출|투자자산등의증가|관계회사투자관련현금유출액|관계회사투자의취득,208095154253
162525,투자활동으로인한현금흐름|투자활동으로인한현금유출|투자자산등의증가|투자부동산증가,11403874530
162526,투자활동으로인한현금흐름|투자활동으로인한현금유출|투자자산등의증가|장기대여금증가,700000000
162530,투자활동으로인한현금흐름|투자활동으로인한현금유출|투자자산등의증가|보증금의증가,2386016250
162535,투자활동으로인한현금흐름|투자활동으로인한현금유출|투자자산등의증가|기타비유동자산의증가,80996600233
162550,"투자활동으로인한현금흐름|투자활동으로인한현금유출|유,무형,리스자산의증가",13894541754
162557,"투자활동으로인한현금흐름|투자활동으로인한현금유출|유,무형,리스자산의증가|무형자산증가",6176519787
162563,"투자활동으로인한현금흐름|투자활동으로인한현금유출|유,무형,리스자산의증가|무형자산증가|기타무형자산증가",6176519787
162569,"투자활동으로인한현금흐름|투자활동으로인한현금유출|유,무형,리스자산의증가|기타유형,리스자산증가",7718021967
163000,재무활동으로인한현금흐름,-244496001039
163100,재무활동으로인한현금흐름|재무활동으로인한현금유입,4335131200
163148,재무활동으로인한현금흐름|재무활동으로인한현금유입|비유동부채의증가|보증금의증가,233681200
163170,재무활동으로인한현금흐름|재무활동으로인한현금유입|자본의증가,4101450000
163171,재무활동으로인한현금흐름|재무활동으로인한현금유입|자본의증가|유상증자(주식발행초과금),4101450000
163500,재무활동으로인한현금흐름|재무활동으로인한현금유출,248831132239
163570,재무활동으로인한현금흐름|재무활동으로인한현금유출|자본의감소,199299754890
163575,재무활동으로인한현금흐름|재무활동으로인한현금유출|자본의감소|자기주식취득,199299754890
164000,현금및현금성자산의증가(감소),-120179076523
164030,환율변동으로인한차이조정,25608099953
165000,기초의현금및현금성자산,511490896238
166000,기말의현금및현금성자산,416919919668
