계정코드,계정명,예측값
114000,자산총계|비유동자산(계),3092122746921
113200,자산총계|비유동자산(계)|유형자산(계),157075910154
113203,(유형자산정부보조금계),164000000
113201,(유형자산감가상각누계액계),235924339000
113205,(유형자산손상차손누계액계),2410615000
113310,자산총계|비유동자산(계)|유형자산(계)|리스자산,94041137000
113311,(유형자산감가상각누계액계)|(리스자산감가상각누계액),166710203000
112690,자산총계|비유동자산(계)|유형자산(계)|리스자산|기타리스자산,94041137000
112699,(유형자산감가상각누계액계)|(리스자산감가상각누계액)|(기타리스자산감가상각누계액),166710203000
113110,자산총계|비유동자산(계)|유형자산(계)|토지,18840145000
113146,자산총계|비유동자산(계)|유형자산(계)|시설장치,25718002000
113148,(유형자산정부보조금계)|(시설장치정부보조금),164000000
113149,(유형자산감가상각누계액계)|(시설장치감가상각누계액),39075824000
113180,자산총계|비유동자산(계)|유형자산(계)|비품,17926726000
113181,(유형자산감가상각누계액계)|(비품감가상각누계액),30138312000
113199,자산총계|비유동자산(계)|유형자산(계)|건설중인자산,549900000
113196,(유형자산손상차손누계액계)|(건설중인자산손상차손누계액),2410615000
112150,자산총계|비유동자산(계)|투자부동산,557388744444
112175,(투자부동산감가상각누계액),4043949000
112143,자산총계|비유동자산(계)|투자부동산|토지,486326320000
112144,자산총계|비유동자산(계)|투자부동산|건물,71062424000
112178,(투자부동산감가상각누계액)|(건물감가상각누계액),4043949000
113400,자산총계|비유동자산(계)|무형자산(계),7350415153
113007,자산총계|비유동자산(계)|무형자산(계)|기타의무형자산(계),7350415153
113220,자산총계|비유동자산(계)|무형자산(계)|기타의무형자산(계)|산업재산권,369400000
113290,자산총계|비유동자산(계)|무형자산(계)|기타의무형자산(계)|전용시설이용권,1130649000
113297,자산총계|비유동자산(계)|무형자산(계)|기타의무형자산(계)|소프트웨어,3169147000
113300,자산총계|비유동자산(계)|무형자산(계)|기타의무형자산(계)|기타무형자산,2681219000
112111,자산총계|비유동자산(계)|장기투자자산|당기손익인식금융자산|기타당기손익인식금융자산|장기금융상품,7365683000
112106,자산총계|비유동자산(계)|장기투자자산|당기손익인식금융자산|기타당기손익인식금융자산|장기금융상품|기타장기금융상품,7365683000
112121,자산총계|비유동자산(계)|장기투자자산|매도가능금융자산,92599023544
112118,자산총계|비유동자산(계)|장기투자자산|관계기업투자,777458740000
112241,자산총계|비유동자산(계)|매출채권및기타채권|장기미수수익,548223000
112242,(매출채권및기타채권 대손충당부채)|(장기미수수익대손충당부채),5637000
112245,자산총계|비유동자산(계)|매출채권및기타채권|장기미수수익|원화장기미수수익,548223000
112210,자산총계|비유동자산(계)|매출채권및기타채권|장기대여금,62225136000
112215,(매출채권및기타채권 대손충당부채)|(장기대여금대손충당부채),62023550000
112213,자산총계|비유동자산(계)|매출채권및기타채권|장기대여금|기타장기대여금,62225136000
112261,자산총계|비유동자산(계)|매출채권및기타채권|보증금,32717603000
113604,자산총계|비유동자산(계)|매출채권및기타채권|리스채권,21771767000
112610,자산총계|비유동자산(계)|매출채권및기타채권|리스채권|금융리스채권,21771767000
112270,자산총계|비유동자산(계)|이연법인세자산,86107250907
112636,자산총계|비유동자산(계)|기타비금융자산,192091045096
112251,자산총계|비유동자산(계)|기타비금융자산|장기선급금,120151609000
112252,자산총계|비유동자산(계)|기타비금융자산|장기선급비용,71939436000
112000,자산총계|유동자산(계),4660209356408
111150,자산총계|유동자산(계)|매출채권및기타채권|매출채권,997093259867
111159,(매출채권및기타채권 대손충당부채)|(매출채권대손충당부채),1764664000
111147,자산총계|유동자산(계)|매출채권및기타채권|매출채권|원화매출채권,997093259867
111180,자산총계|유동자산(계)|매출채권및기타채권|미수금,8714226000
111189,(매출채권및기타채권 대손충당부채)|(미수금대손충당부채),227293000
111183,자산총계|유동자산(계)|매출채권및기타채권|미수금|기타미수금,8714226000
111190,자산총계|유동자산(계)|매출채권및기타채권|미수수익,720332000
111199,(매출채권및기타채권 대손충당부채)|(미수수익대손충당부채),675449000
111197,자산총계|유동자산(계)|매출채권및기타채권|미수수익|원화미수수익,720332000
111170,자산총계|유동자산(계)|매출채권및기타채권|단기대여금,9613222000
111179,(매출채권및기타채권 대손충당부채)|(단기대여금대손충당부채),24072194000
111174,자산총계|유동자산(계)|매출채권및기타채권|단기대여금|기타단기대여금,9613222000
111591,자산총계|유동자산(계)|매출채권및기타채권|리스채권,14283242000
111594,자산총계|유동자산(계)|매출채권및기타채권|리스채권|금융리스채권,14283242000
111233,자산총계|유동자산(계)|단기투자자산,3147865774185
111230,자산총계|유동자산(계)|단기투자자산|당기손익인식금융자산,3147865774185
111232,자산총계|유동자산(계)|단기투자자산|당기손익인식금융자산|기타당기손익인식금융자산,3147865774185
111484,자산총계|유동자산(계)|단기투자자산|당기손익인식금융자산|기타당기손익인식금융자산|기타의기타당기손익인식금융자산,3147865774185
111100,자산총계|유동자산(계)|현금및현금성자산,416919919668
111137,자산총계|유동자산(계)|현금및현금성자산|기타현금성자산,416919919668
115000,자산총계,7752332103329
118060,부채와자본총계|자본총계|납입자본,4925891100
118100,부채와자본총계|자본총계|납입자본|자본금,4925891100
118110,부채와자본총계|자본총계|납입자본|자본금|보통주자본금,4925891100
118300,부채와자본총계|자본총계|이익잉여금,4303918735251
118330,부채와자본총계|자본총계|이익잉여금|미처분이익잉여금,4303918735251
118630,부채와자본총계|자본총계|기타자본구성요소,2524661589266
118470,부채와자본총계|자본총계|기타자본구성요소|기타포괄손익누계액|해외사업환산손실(-),29834000
118530,부채와자본총계|자본총계|기타자본구성요소|기타포괄손익누계액|투자자산평가손실(-),40859596000
118531,부채와자본총계|자본총계|기타자본구성요소|기타포괄손익누계액|투자자산평가손실(-)|매도가능금융자산평가손실(-),40859596000
118621,부채와자본총계|자본총계|기타자본구성요소|기타포괄손익누계액|보험수리적손실(-),1031260000
118214,부채와자본총계|자본총계|기타자본구성요소|기타자본구성|주식발행초과금,1448041383000
118236,부채와자본총계|자본총계|기타자본구성요소|기타자본구성|자기주식처분이익,13982088000
118430,부채와자본총계|자본총계|기타자본구성요소|기타자본구성|자기주식(-),79819802000
118570,부채와자본총계|자본총계|기타자본구성요소|기타자본구성|주식선택권,137668181000
118900,부채와자본총계|자본총계,6833506215617
117000,부채와자본총계|부채총계|비유동부채(계),173439563969
117115,부채와자본총계|부채총계|비유동부채(계)|기타금융부채|당기손익인식금융부채,7242659262
117116,부채와자본총계|부채총계|비유동부채(계)|기타금융부채|당기손익인식금융부채|매매목적파생상품,7242659262
116700,부채와자본총계|부채총계|비유동부채(계)|기타비금융부채|기타비유동부채,35068650600
117123,부채와자본총계|부채총계|비유동부채(계)|퇴직급여채무,18134633796
116645,부채와자본총계|부채총계|비유동부채(계)|장기충당부채(계)|복구충당부채,12930081223
116000,부채와자본총계|부채총계|유동부채(계),745386323743
115144,부채와자본총계|부채총계|유동부채(계)|당기법인세부채,300416342003
115127,부채와자본총계|부채총계|유동부채(계)|기타금융부채,27799840320
115128,부채와자본총계|부채총계|유동부채(계)|기타금융부채|당기손익인식금융부채,27799840320
118000,부채와자본총계|부채총계,918825887712
119000,부채와자본총계,7752332103329
