﻿계정코드,계정명,reason,value
133500,미처분이익잉여금,"('reason', ""미처분이익잉여금은 재무제표의 '이익잉여금처분계산서'에서 확인할 수 있으며, 단위는 '원'으로 명시되어 있습니다. 2024년의 미처분이익잉여금은 4,303,918,735,251원입니다."")","('value', '4,303,918,735,251원')"
132000,미처분이익잉여금|수정후전기이월미처분이익잉여금,"('reason', ""수정후전기이월미처분이익잉여금은 '이익잉여금처분계산서'에서 확인할 수 있으며, 단위는 '원'으로 명시되어 있습니다. 2024년의 수정후전기이월미처분이익잉여금은 3,047,231,712,239원입니다."")","('value', '3,047,231,712,239원')"
131100,미처분이익잉여금|수정후전기이월미처분이익잉여금|전기이월미처분이익잉여금,"('reason', ""전기이월미처분이익잉여금은 '이익잉여금처분계산서'에서 확인할 수 있으며, 단위는 '원'으로 명시되어 있습니다. 2024년의 전기이월미처분이익잉여금은 3,047,231,712,239원입니다."")","('value', '3,047,231,712,239원')"
131600,미처분이익잉여금|수정후전기이월미처분이익잉여금|회계정책변경누적효과(-),"('reason', '해당 정보는 주어진 문서에서 찾을 수 없습니다. 따라서 값을 명확히 찾을 수 없습니다.')","('value', '알 수 없음')"
131113,미처분이익잉여금|수정후전기이월미처분이익잉여금|자기주식처분손실(-),"('reason', ""자기주식처분손실은 '이익잉여금처분계산서'에서 확인할 수 있으며, 단위는 '원'으로 명시되어 있습니다. 2024년의 자기주식처분손실은 119,579,852,934원입니다."")","('value', '119,579,852,934원')"
131450,미처분이익잉여금|수정후전기이월미처분이익잉여금|지분법이익,"('reason', '해당 정보는 주어진 문서에서 찾을 수 없습니다. 따라서 값을 명확히 찾을 수 없습니다.')","('value', '알 수 없음')"
131500,미처분이익잉여금|수정후전기이월미처분이익잉여금|기타,"('reason', '해당 정보는 주어진 문서에서 찾을 수 없습니다. 따라서 값을 명확히 찾을 수 없습니다.')","('value', '알 수 없음')"
133000,미처분이익잉여금|당기순이익,"('reason', ""당기순이익은 '이익잉여금처분계산서'에서 확인할 수 있으며, 단위는 '원'으로 명시되어 있습니다. 2024년의 당기순이익은 1,376,266,875,946원입니다."")","('value', '1,376,266,875,946원')"
135000,이익잉여금처분가능액,"('reason', ""이익잉여금처분가능액은 '이익잉여금처분계산서'에서 확인할 수 있으며, 단위는 '원'으로 명시되어 있습니다. 2024년의 이익잉여금처분가능액은 4,303,918,735,251원입니다."")","('value', '4,303,918,735,251원')"
137000,결손금처리액,"('reason', '해당 정보는 주어진 문서에서 찾을 수 없습니다. 따라서 값을 명확히 찾을 수 없습니다.')","('value', '알 수 없음')"
137600,결손금처리액|자본준비금이입,"('reason', '해당 정보는 주어진 문서에서 찾을 수 없습니다. 따라서 값을 명확히 찾을 수 없습니다.')","('value', '알 수 없음')"
138000,차기이월미처분이익잉여금,"('reason', ""차기이월미처분이익잉여금은 '이익잉여금처분계산서'에서 확인할 수 있으며, 단위는 '원'으로 명시되어 있습니다. 2024년의 차기이월미처분이익잉여금은 4,303,918,735,251원입니다."")","('value', '4,303,918,735,251원')"
