﻿계정코드,계정명,reason,value
261000,기말납입자본|기초납입자본,"('reason', ""기말 납입자본은 재무상태표의 자본금 항목에서 확인할 수 있습니다. '단위: 원'으로 명시되어 있으며, 기말 납입자본은 4,925,891,100원입니다."")","('value', '4,925,891,100원')"
261010,기말납입자본|유상증자,"('reason', ""기말 납입자본의 유상증자는 자본변동표에서 확인할 수 있습니다. '단위: 원'으로 명시되어 있으며, 유상증자로 인한 자본금 증가는 2,162,100원입니다."")","('value', '2,162,100원')"
261050,기말납입자본|전환사채의전환,"('reason', '기말 납입자본의 전환사채 전환은 자본변동표에서 확인할 수 없습니다. 따라서 전환사채 전환에 의한 자본금 증가는 없습니다.')","('value', '알 수 없음')"
261090,기말납입자본|합병(분할)로인한자본금증감,"('reason', '기말 납입자본의 합병(분할)로 인한 자본금 증감은 자본변동표에서 확인할 수 없습니다. 따라서 합병(분할)로 인한 자본금 증감은 없습니다.')","('value', '알 수 없음')"
261900,기말납입자본,"('reason', ""기말 납입자본은 재무상태표의 자본금 항목에서 확인할 수 있습니다. '단위: 원'으로 명시되어 있으며, 기말 납입자본은 4,925,891,100원입니다."")","('value', '4,925,891,100원')"
263000,기초이익잉여금수정|기초이익잉여금,"('reason', ""기초 이익잉여금은 자본변동표에서 확인할 수 있습니다. '단위: 원'으로 명시되어 있으며, 기초 이익잉여금은 3,047,231,712,239원입니다."")","('value', '3,047,231,712,239원')"
263010,수정후이익잉여금|기초이익잉여금수정,"('reason', ""수정 후 이익잉여금은 자본변동표에서 확인할 수 있으며, 기초 이익잉여금과 동일합니다. '단위: 원'으로 명시되어 있으며, 수정 후 이익잉여금은 3,047,231,712,239원입니다."")","('value', '3,047,231,712,239원')"
263011,수정후이익잉여금|회계정책변경누적효과,"('reason', '회계정책 변경 누적 효과는 자본변동표에서 확인할 수 없습니다. 따라서 회계정책 변경 누적 효과는 없습니다.')","('value', '알 수 없음')"
263013,처분후이익잉여금|수정후이익잉여금,"('reason', ""처분 후 이익잉여금은 자본변동표에서 확인할 수 있으며, 수정 후 이익잉여금과 동일합니다. '단위: 원'으로 명시되어 있으며, 처분 후 이익잉여금은 3,047,231,712,239원입니다."")","('value', '3,047,231,712,239원')"
263014,기말이익잉여금|처분후이익잉여금,"('reason', ""기말 이익잉여금은 자본변동표에서 확인할 수 있습니다. '단위: 원'으로 명시되어 있으며, 기말 이익잉여금은 4,303,918,735,251원입니다."")","('value', '4,303,918,735,251원')"
263080,기말이익잉여금|자기주식처분손익,"('reason', '자기주식 처분 손익은 자본변동표에서 확인할 수 없습니다. 따라서 자기주식 처분 손익은 없습니다.')","('value', '알 수 없음')"
263110,기말이익잉여금|당기순손익,"('reason', ""기말 이익잉여금의 당기순손익은 포괄손익계산서에서 확인할 수 있습니다. '단위: 원'으로 명시되어 있으며, 당기순손익은 1,376,266,875,946원입니다."")","('value', '1,376,266,875,946원')"
263310,"기말이익잉여금|장기투자증권의취득(처분,평가)","('reason', '장기 투자증권의 취득(처분, 평가)은 자본변동표에서 확인할 수 없습니다. 따라서 장기 투자증권의 취득(처분, 평가)은 없습니다.')","('value', '알 수 없음')"
263340,기말이익잉여금|기타,"('reason', '기타 항목은 자본변동표에서 확인할 수 없습니다. 따라서 기타 항목은 없습니다.')","('value', '알 수 없음')"
263900,기말이익잉여금,"('reason', ""기말 이익잉여금은 자본변동표에서 확인할 수 있습니다. '단위: 원'으로 명시되어 있으며, 기말 이익잉여금은 4,303,918,735,251원입니다."")","('value', '4,303,918,735,251원')"
267010,기말기타자본구성요소|기초기타자본구성요소,"('reason', ""기말 기타자본구성요소는 자본변동표에서 확인할 수 있습니다. '단위: 원'으로 명시되어 있으며, 기초 기타자본구성요소는 42,536,484,987원입니다."")","('value', '42,536,484,987원')"
267030,기말기타자본구성요소|유상증자,"('reason', '기말 기타자본구성요소의 유상증자는 자본변동표에서 확인할 수 없습니다. 따라서 유상증자로 인한 기타자본구성요소 증가는 없습니다.')","('value', '알 수 없음')"
267180,기말기타자본구성요소|신주인수권행사,"('reason', '기말 기타자본구성요소의 신주인수권 행사는 자본변동표에서 확인할 수 없습니다. 따라서 신주인수권 행사로 인한 기타자본구성요소 증가는 없습니다.')","('value', '알 수 없음')"
267190,기말기타자본구성요소|전환사채의전환,"('reason', '기말 기타자본구성요소의 전환사채 전환은 자본변동표에서 확인할 수 없습니다. 따라서 전환사채 전환으로 인한 기타자본구성요소 증가는 없습니다.')","('value', '알 수 없음')"
267210,기말기타자본구성요소|회계변경의누적효과,"('reason', '회계변경의 누적 효과는 자본변동표에서 확인할 수 없습니다. 따라서 회계변경의 누적 효과는 없습니다.')","('value', '알 수 없음')"
267250,기말기타자본구성요소|합병(분할)로인한자본잉여금증감,"('reason', ""기말 기타자본구성요소의 합병(분할)로 인한 자본잉여금 증감은 자본변동표에서 확인할 수 있습니다. '단위: 원'으로 명시되어 있으며, 합병(분할)로 인한 자본잉여금 증감은 1,025,429,116원입니다."")","('value', '1,025,429,116원')"
267310,기말기타자본구성요소|자기주식의취득(처분),"('reason', ""기말 기타자본구성요소의 자기주식의 취득(처분)은 자본변동표에서 확인할 수 있습니다. '단위: 원'으로 명시되어 있으며, 자기주식의 취득은 -199,399,655,390원입니다."")","('value', '-199,399,655,390원')"
267320,기말기타자본구성요소|주식선택권,"('reason', ""기말 기타자본구성요소의 주식선택권은 자본변동표에서 확인할 수 있습니다. '단위: 원'으로 명시되어 있으며, 주식선택권은 98,193,141,233원입니다."")","('value', '98,193,141,233원')"
267370,기말기타자본구성요소|매도가능금융자산평가이익,"('reason', ""기말 기타자본구성요소의 매도가능금융자산평가이익은 자본변동표에서 확인할 수 있습니다. '단위: 원'으로 명시되어 있으며, 매도가능금융자산평가이익은 -34,846,256,508원입니다."")","('value', '-34,846,256,508원')"
267380,기말기타자본구성요소|매도가능금융자산평가손실,"('reason', '기말 기타자본구성요소의 매도가능금융자산평가손실은 자본변동표에서 확인할 수 없습니다. 따라서 매도가능금융자산평가손실은 없습니다.')","('value', '알 수 없음')"
267430,기말기타자본구성요소|지분법자본변동,"('reason', '기말 기타자본구성요소의 지분법자본변동은 자본변동표에서 확인할 수 없습니다. 따라서 지분법자본변동은 없습니다.')","('value', '알 수 없음')"
267440,기말기타자본구성요소|해외사업환산손익의증감,"('reason', ""기말 기타자본구성요소의 해외사업환산손익의 증감은 자본변동표에서 확인할 수 있습니다. '단위: 원'으로 명시되어 있으며, 해외사업환산손익의 증감은 38,815,230원입니다."")","('value', '38,815,230원')"
267460,기말기타자본구성요소|기타,"('reason', ""기말 기타자본구성요소의 기타 항목은 자본변동표에서 확인할 수 있습니다. '단위: 원'으로 명시되어 있으며, 기타 항목은 191,578,504원입니다."")","('value', '191,578,504원')"
267470,기말기타자본구성요소,"('reason', ""기말 기타자본구성요소는 자본변동표에서 확인할 수 있습니다. '단위: 원'으로 명시되어 있으며, 기말 기타자본구성요소는 15,927,689,217원입니다."")","('value', '15,927,689,217원')"
