﻿계정코드,계정명,reason,value
114000,자산총계|비유동자산(계),"('reason', ""비유동자산의 총계는 재무상태표에서 '비유동자산' 항목으로 명시되어 있으며, 단위는 '원'입니다. 따라서 3,092,122,746,921원입니다."")","('value', '3,092,122,746,921원')"
113200,자산총계|비유동자산(계)|유형자산(계),"('reason', ""유형자산의 총계는 재무상태표에서 '유형자산' 항목으로 명시되어 있으며, 단위는 '원'입니다. 따라서 157,075,910,154원입니다."")","('value', '157,075,910,154원')"
113203,(유형자산정부보조금계),"('reason', ""유형자산 정부보조금은 유형자산 내역에서 '정부보조금'으로 명시되어 있으며, 단위는 '원'입니다. 따라서 164,000,000원입니다."")","('value', '164,000,000원')"
113201,(유형자산감가상각누계액계),"('reason', ""유형자산 감가상각누계액은 유형자산 내역에서 '상각누계액'으로 명시되어 있으며, 단위는 '원'입니다. 따라서 235,924,339,000원입니다."")","('value', '235,924,339,000원')"
113205,(유형자산손상차손누계액계),"('reason', ""유형자산 손상차손누계액은 유형자산 내역에서 '손상누계액'으로 명시되어 있으며, 단위는 '원'입니다. 따라서 2,410,615,000원입니다."")","('value', '2,410,615,000원')"
113310,자산총계|비유동자산(계)|유형자산(계)|리스자산,"('reason', ""리스자산은 유형자산 내역에서 '사용권자산'으로 명시되어 있으며, 단위는 '원'입니다. 따라서 94,041,137,000원입니다."")","('value', '94,041,137,000원')"
113311,(유형자산감가상각누계액계)|(리스자산감가상각누계액),"('reason', ""리스자산 감가상각누계액은 유형자산 내역에서 '상각누계액' 중 '사용권자산'에 해당하는 부분으로, 단위는 '원'입니다. 따라서 166,710,203,000원입니다."")","('value', '166,710,203,000원')"
112690,자산총계|비유동자산(계)|유형자산(계)|리스자산|기타리스자산,"('reason', '기타리스자산은 리스자산 내역에서 별도로 구분되지 않으므로, 리스자산 전체와 동일하게 94,041,137,000원입니다.')","('value', '94,041,137,000원')"
112699,(유형자산감가상각누계액계)|(리스자산감가상각누계액)|(기타리스자산감가상각누계액),"('reason', '기타리스자산 감가상각누계액은 리스자산 감가상각누계액과 동일하게 166,710,203,000원입니다.')","('value', '166,710,203,000원')"
113110,자산총계|비유동자산(계)|유형자산(계)|토지,"('reason', ""토지는 유형자산 내역에서 '토지'로 명시되어 있으며, 단위는 '원'입니다. 따라서 18,840,145,000원입니다."")","('value', '18,840,145,000원')"
113146,자산총계|비유동자산(계)|유형자산(계)|시설장치,"('reason', ""시설장치는 유형자산 내역에서 '시설장치'로 명시되어 있으며, 단위는 '원'입니다. 따라서 25,718,002,000원입니다."")","('value', '25,718,002,000원')"
113148,(유형자산정부보조금계)|(시설장치정부보조금),"('reason', ""시설장치 정부보조금은 유형자산 내역에서 '정부보조금' 중 '시설장치'에 해당하는 부분으로, 단위는 '원'입니다. 따라서 164,000,000원입니다."")","('value', '164,000,000원')"
113149,(유형자산감가상각누계액계)|(시설장치감가상각누계액),"('reason', ""시설장치 감가상각누계액은 유형자산 내역에서 '상각누계액' 중 '시설장치'에 해당하는 부분으로, 단위는 '원'입니다. 따라서 39,075,824,000원입니다."")","('value', '39,075,824,000원')"
113180,자산총계|비유동자산(계)|유형자산(계)|비품,"('reason', ""비품은 유형자산 내역에서 '비품'으로 명시되어 있으며, 단위는 '원'입니다. 따라서 17,926,726,000원입니다."")","('value', '17,926,726,000원')"
113181,(유형자산감가상각누계액계)|(비품감가상각누계액),"('reason', ""비품 감가상각누계액은 유형자산 내역에서 '상각누계액' 중 '비품'에 해당하는 부분으로, 단위는 '원'입니다. 따라서 30,138,312,000원입니다."")","('value', '30,138,312,000원')"
113199,자산총계|비유동자산(계)|유형자산(계)|건설중인자산,"('reason', ""건설중인자산은 유형자산 내역에서 '건설중인자산'으로 명시되어 있으며, 단위는 '원'입니다. 따라서 549,900,000원입니다."")","('value', '549,900,000원')"
113196,(유형자산손상차손누계액계)|(건설중인자산손상차손누계액),"('reason', ""건설중인자산 손상차손누계액은 유형자산 내역에서 '손상누계액' 중 '건설중인자산'에 해당하는 부분으로, 단위는 '원'입니다. 따라서 2,410,615,000원입니다."")","('value', '2,410,615,000원')"
112150,자산총계|비유동자산(계)|투자부동산,"('reason', ""투자부동산은 재무상태표에서 '투자부동산' 항목으로 명시되어 있으며, 단위는 '원'입니다. 따라서 557,388,744,444원입니다."")","('value', '557,388,744,444원')"
112175,(투자부동산감가상각누계액),"('reason', ""투자부동산 감가상각누계액은 투자부동산 내역에서 '상각누계액'으로 명시되어 있으며, 단위는 '원'입니다. 따라서 4,043,949,000원입니다."")","('value', '4,043,949,000원')"
112143,자산총계|비유동자산(계)|투자부동산|토지,"('reason', ""투자부동산 중 토지는 투자부동산 내역에서 '토지'로 명시되어 있으며, 단위는 '원'입니다. 따라서 486,326,320,000원입니다."")","('value', '486,326,320,000원')"
112144,자산총계|비유동자산(계)|투자부동산|건물,"('reason', ""투자부동산 중 건물은 투자부동산 내역에서 '건물'로 명시되어 있으며, 단위는 '원'입니다. 따라서 71,062,424,000원입니다."")","('value', '71,062,424,000원')"
112178,(투자부동산감가상각누계액)|(건물감가상각누계액),"('reason', ""투자부동산 중 건물의 감가상각누계액은 투자부동산 내역에서 '상각누계액' 중 '건물'에 해당하는 부분으로, 단위는 '원'입니다. 따라서 4,043,949,000원입니다."")","('value', '4,043,949,000원')"
113400,자산총계|비유동자산(계)|무형자산(계),"('reason', ""무형자산의 총계는 재무상태표에서 '무형자산' 항목으로 명시되어 있으며, 단위는 '원'입니다. 따라서 7,350,415,153원입니다."")","('value', '7,350,415,153원')"
113355,(상각누계액),"('reason', ""무형자산의 상각누계액은 무형자산 내역에서 '상각누계액'으로 명시되어 있으며, 단위는 '원'입니다. 따라서 36,976,218,000원입니다."")","('value', '36,976,218,000원')"
113356,(손상차손누계액),"('reason', ""무형자산의 손상차손누계액은 무형자산 내역에서 '손상누계액'으로 명시되어 있으며, 단위는 '원'입니다. 따라서 0원입니다."")","('value', '0원')"
111135,(정부보조금),"('reason', ""정부보조금은 '유형자산' 항목에서 '시설장치'에 대한 정부보조금으로 164,000원이 명시되어 있습니다. 표의 단위는 '원'으로 명시되어 있어 변환이 필요하지 않습니다."")","('value', '164,000원')"
113007,자산총계|비유동자산(계)|무형자산(계)|기타의무형자산(계),"('reason', ""기타의무형자산의 총계는 무형자산 내역에서 '기타의무형자산' 항목으로 명시되어 있으며, 단위는 '원'입니다. 따라서 2,681,219,000원입니다."")","('value', '2,681,219,000원')"
113008,(상각누계액)|(기타의무형자산상각누계액),"('reason', ""기타의무형자산의 상각누계액은 무형자산 내역에서 '상각누계액' 중 '기타의무형자산'에 해당하는 부분으로, 단위는 '원'입니다. 따라서 9,475,128,000원입니다."")","('value', '9,475,128,000원')"
113009,(손상차손누계액)|(기타의무형자산손상차손누계액),"('reason', ""기타의무형자산의 손상차손누계액은 무형자산 내역에서 '손상누계액' 중 '기타의무형자산'에 해당하는 부분으로, 단위는 '원'입니다. 따라서 0원입니다."")","('value', '0원')"
113010,(정부보조금)|(기타의무형자산정부보조금),"('reason', ""기타의무형자산의 정부보조금은 무형자산 내역에서 '정부보조금' 중 '기타의무형자산'에 해당하는 부분으로, 단위는 '원'입니다. 따라서 0원입니다."")","('value', '0원')"
113220,자산총계|비유동자산(계)|무형자산(계)|기타의무형자산(계)|산업재산권,"('reason', ""산업재산권은 무형자산 내역에서 '산업재산권'으로 명시되어 있으며, 단위는 '원'입니다. 따라서 369,400,000원입니다."")","('value', '369,400,000원')"
113221,(상각누계액)|(기타의무형자산상각누계액)|(산업재산권상각누계액),"('reason', ""산업재산권의 상각누계액은 무형자산 내역에서 '상각누계액' 중 '산업재산권'에 해당하는 부분으로, 단위는 '원'입니다. 따라서 1,397,810,000원입니다."")","('value', '1,397,810,000원')"
113240,자산총계|비유동자산(계)|무형자산(계)|기타의무형자산(계)|저작권,"('reason', ""저작권은 무형자산 내역에서 '저작권'으로 명시되어 있으며, 단위는 '원'입니다. 따라서 0원입니다."")","('value', '0원')"
113241,(상각누계액)|(기타의무형자산상각누계액)|(저작권상각누계액),"('reason', ""저작권의 상각누계액은 무형자산 내역에서 '상각누계액' 중 '저작권'에 해당하는 부분으로, 단위는 '원'입니다. 따라서 0원입니다."")","('value', '0원')"
113290,자산총계|비유동자산(계)|무형자산(계)|기타의무형자산(계)|전용시설이용권,"('reason', ""전용시설이용권은 무형자산 내역에서 '전용시설이용권'으로 명시되어 있으며, 단위는 '원'입니다. 따라서 1,130,649,000원입니다."")","('value', '1,130,649,000원')"
113291,(상각누계액)|(기타의무형자산상각누계액)|(전용시설이용권상각누계액),"('reason', ""전용시설이용권의 상각누계액은 무형자산 내역에서 '상각누계액' 중 '전용시설이용권'에 해당하는 부분으로, 단위는 '원'입니다. 따라서 243,020,000원입니다."")","('value', '243,020,000원')"
113297,자산총계|비유동자산(계)|무형자산(계)|기타의무형자산(계)|소프트웨어,"('reason', ""소프트웨어는 무형자산 내역에서 '소프트웨어'로 명시되어 있으며, 단위는 '원'입니다. 따라서 3,169,147,000원입니다."")","('value', '3,169,147,000원')"
113346,(상각누계액)|(기타의무형자산상각누계액)|(소프트웨어상각누계액),"('reason', ""소프트웨어의 상각누계액은 무형자산 내역에서 '상각누계액' 중 '소프트웨어'에 해당하는 부분으로, 단위는 '원'입니다. 따라서 25,860,260,000원입니다."")","('value', '25,860,260,000원')"
113347,(손상차손누계액)|(기타의무형자산손상차손누계액)|(소프트웨어손상차손누계액),"('reason', ""소프트웨어의 손상차손누계액은 무형자산 내역에서 '손상누계액' 중 '소프트웨어'에 해당하는 부분으로, 단위는 '원'입니다. 따라서 0원입니다."")","('value', '0원')"
113348,(정부보조금)|(기타의무형자산정부보조금)|(소프트웨어정부보조금),"('reason', ""소프트웨어의 정부보조금은 무형자산 내역에서 '정부보조금' 중 '소프트웨어'에 해당하는 부분으로, 단위는 '원'입니다. 따라서 0원입니다."")","('value', '0원')"
113300,자산총계|비유동자산(계)|무형자산(계)|기타의무형자산(계)|기타무형자산,"('reason', ""기타무형자산은 무형자산 내역에서 '기타무형자산'으로 명시되어 있으며, 단위는 '원'입니다. 따라서 2,681,219,000원입니다."")","('value', '2,681,219,000원')"
113349,(상각누계액)|(기타의무형자산상각누계액)|(기타무형자산상각누계액),"('reason', ""기타무형자산의 상각누계액은 무형자산 내역에서 '상각누계액' 중 '기타무형자산'에 해당하는 부분으로, 단위는 '원'입니다. 따라서 9,475,128,000원입니다."")","('value', '9,475,128,000원')"
113383,자산총계|비유동자산(계)|장기투자자산,"('reason', ""장기투자자산의 총계는 재무상태표에서 '장기투자자산' 항목으로 명시되어 있으며, 단위는 '원'입니다. 따라서 1,656,116,933,861원입니다."")","('value', '1,656,116,933,861원')"
112108,자산총계|비유동자산(계)|장기투자자산|당기손익인식금융자산,"('reason', ""당기손익인식금융자산은 장기투자자산 내역에서 '당기손익-공정가치측정금융자산'으로 명시되어 있으며, 단위는 '원'입니다. 따라서 218,765,012,139원입니다."")","('value', '218,765,012,139원')"
112109,자산총계|비유동자산(계)|장기투자자산|당기손익인식금융자산|매매목적파생상품,"('reason', ""매매목적파생상품은 장기투자자산 내역에서 '파생상품자산'으로 명시되어 있으며, 단위는 '원'입니다. 따라서 0원입니다."")","('value', '0원')"
112113,자산총계|비유동자산(계)|장기투자자산|당기손익인식금융자산|기타당기손익인식금융자산,"('reason', ""기타당기손익인식금융자산은 장기투자자산 내역에서 '기타당기손익-공정가치측정금융자산'으로 명시되어 있으며, 단위는 '원'입니다. 따라서 218,765,012,139원입니다."")","('value', '218,765,012,139원')"
112111,자산총계|비유동자산(계)|장기투자자산|당기손익인식금융자산|기타당기손익인식금융자산|장기금융상품,"('reason', ""장기금융상품은 장기투자자산 내역에서 '장기금융상품'으로 명시되어 있으며, 단위는 '원'입니다. 따라서 7,365,683,000원입니다."")","('value', '7,365,683,000원')"
112106,자산총계|비유동자산(계)|장기투자자산|당기손익인식금융자산|기타당기손익인식금융자산|장기금융상품|기타장기금융상품,"('reason', ""기타장기금융상품은 장기투자자산 내역에서 '기타장기금융상품'으로 명시되어 있으며, 단위는 '원'입니다. 따라서 7,365,683,000원입니다."")","('value', '7,365,683,000원')"
112114,자산총계|비유동자산(계)|장기투자자산|당기손익인식금융자산|기타당기손익인식금융자산|기타의기타당기손익인식금융자산,"('reason', ""기타의기타당기손익인식금융자산은 장기투자자산 내역에서 '기타의기타당기손익-공정가치측정금융자산'으로 명시되어 있으며, 단위는 '원'입니다. 따라서 211,399,329,139원입니다."")","('value', '211,399,329,139원')"
112121,자산총계|비유동자산(계)|장기투자자산|매도가능금융자산,"('reason', ""매도가능금융자산은 장기투자자산 내역에서 '기타포괄손익-공정가치측정금융자산'으로 명시되어 있으며, 단위는 '원'입니다. 따라서 92,599,023,544원입니다."")","('value', '92,599,023,544원')"
112147,자산총계|비유동자산(계)|장기투자자산|지분법적용주식,"('reason', ""지분법적용주식은 장기투자자산 내역에서 '지분법적용주식'으로 명시되어 있으며, 단위는 '원'입니다. 따라서 0원입니다."")","('value', '0원')"
112117,자산총계|비유동자산(계)|장기투자자산|종속기업투자,"('reason', ""종속기업투자는 장기투자자산 내역에서 '종속기업투자'로 명시되어 있으며, 단위는 '원'입니다. 따라서 838,355,375,000원입니다."")","('value', '838,355,375,000원')"
112118,자산총계|비유동자산(계)|장기투자자산|관계기업투자,"('reason', ""관계기업투자는 장기투자자산 내역에서 '관계기업투자'로 명시되어 있으며, 단위는 '원'입니다. 따라서 777,458,740,000원입니다."")","('value', '777,458,740,000원')"
112119,자산총계|비유동자산(계)|장기투자자산|조인트벤처투자,"('reason', ""조인트벤처투자는 장기투자자산 내역에서 '조인트벤처투자'로 명시되어 있으며, 단위는 '원'입니다. 따라서 40,302,819,000원입니다."")","('value', '40,302,819,000원')"
112631,자산총계|비유동자산(계)|매출채권및기타채권,"('reason', ""매출채권 및 기타채권은 비유동자산 내역에서 '매출채권 및 기타채권'으로 명시되어 있으며, 단위는 '원'입니다. 따라서 124,628,411,623원입니다."")","('value', '124,628,411,623원')"
111249,(매출채권및기타채권 대손충당부채),"('reason', ""매출채권 및 기타채권의 대손충당부채는 비유동자산 내역에서 '대손충당부채'로 명시되어 있으며, 단위는 '원'입니다. 따라서 62,029,187,000원입니다."")","('value', '62,029,187,000원')"
112241,자산총계|비유동자산(계)|매출채권및기타채권|장기미수수익,"('reason', ""장기미수수익은 비유동자산 내역에서 '장기미수수익'으로 명시되어 있으며, 단위는 '원'입니다. 따라서 548,223,000원입니다."")","('value', '548,223,000원')"
112242,(매출채권및기타채권 대손충당부채)|(장기미수수익대손충당부채),"('reason', ""장기미수수익의 대손충당부채는 비유동자산 내역에서 '대손충당부채' 중 '장기미수수익'에 해당하는 부분으로, 단위는 '원'입니다. 따라서 5,637,000원입니다."")","('value', '5,637,000원')"
112245,자산총계|비유동자산(계)|매출채권및기타채권|장기미수수익|원화장기미수수익,"('reason', ""원화장기미수수익은 비유동자산 내역에서 '장기미수수익' 중 '원화장기미수수익'으로 명시되어 있으며, 단위는 '원'입니다. 따라서 548,223,000원입니다."")","('value', '548,223,000원')"
112210,자산총계|비유동자산(계)|매출채권및기타채권|장기대여금,"('reason', ""장기대여금은 비유동자산 내역에서 '장기대여금'으로 명시되어 있으며, 단위는 '원'입니다. 따라서 62,225,136,000원입니다."")","('value', '62,225,136,000원')"
112215,(매출채권및기타채권 대손충당부채)|(장기대여금대손충당부채),"('reason', ""장기대여금의 대손충당부채는 비유동자산 내역에서 '대손충당부채' 중 '장기대여금'에 해당하는 부분으로, 단위는 '원'입니다. 따라서 62,023,550,000원입니다."")","('value', '62,023,550,000원')"
112211,자산총계|비유동자산(계)|매출채권및기타채권|장기대여금|특수관계자장기대여금,"('reason', ""특수관계자장기대여금은 비유동자산 내역에서 '장기대여금' 중 '특수관계자장기대여금'으로 명시되어 있으며, 단위는 '원'입니다. 따라서 0원입니다."")","('value', '0원')"
112212,자산총계|비유동자산(계)|매출채권및기타채권|장기대여금|주주임원종업원장기대여금,"('reason', ""주주임원종업원장기대여금은 비유동자산 내역에서 '장기대여금' 중 '주주임원종업원장기대여금'으로 명시되어 있으며, 단위는 '원'입니다. 따라서 0원입니다."")","('value', '0원')"
112213,자산총계|비유동자산(계)|매출채권및기타채권|장기대여금|기타장기대여금,"('reason', ""기타장기대여금은 비유동자산 내역에서 '장기대여금' 중 '기타장기대여금'으로 명시되어 있으며, 단위는 '원'입니다. 따라서 62,225,136,000원입니다."")","('value', '62,225,136,000원')"
112261,자산총계|비유동자산(계)|매출채권및기타채권|보증금,"('reason', ""보증금은 비유동자산 내역에서 '보증금'으로 명시되어 있으며, 단위는 '원'입니다. 따라서 32,717,603,000원입니다."")","('value', '32,717,603,000원')"
113604,자산총계|비유동자산(계)|매출채권및기타채권|리스채권,"('reason', ""리스채권은 비유동자산 내역에서 '리스채권'으로 명시되어 있으며, 단위는 '원'입니다. 따라서 21,771,767,000원입니다."")","('value', '21,771,767,000원')"
112610,자산총계|비유동자산(계)|매출채권및기타채권|리스채권|금융리스채권,"('reason', ""금융리스채권은 비유동자산 내역에서 '리스채권' 중 '금융리스채권'으로 명시되어 있으며, 단위는 '원'입니다. 따라서 21,771,767,000원입니다."")","('value', '21,771,767,000원')"
112270,자산총계|비유동자산(계)|이연법인세자산,"('reason', ""이연법인세자산은 비유동자산 내역에서 '이연법인세자산'으로 명시되어 있으며, 단위는 '원'입니다. 따라서 86,107,250,907원입니다."")","('value', '86,107,250,907원')"
112636,자산총계|비유동자산(계)|기타비금융자산,"('reason', ""기타비금융자산은 비유동자산 내역에서 '기타비금융자산'으로 명시되어 있으며, 단위는 '원'입니다. 따라서 192,091,045,096원입니다."")","('value', '192,091,045,096원')"
112251,자산총계|비유동자산(계)|기타비금융자산|장기선급금,"('reason', ""장기선급금은 비유동자산 내역에서 '장기선급금'으로 명시되어 있으며, 단위는 '원'입니다. 따라서 120,151,609,000원입니다."")","('value', '120,151,609,000원')"
112252,자산총계|비유동자산(계)|기타비금융자산|장기선급비용,"('reason', ""장기선급비용은 비유동자산 내역에서 '장기선급비용'으로 명시되어 있으며, 단위는 '원'입니다. 따라서 71,939,436,000원입니다."")","('value', '71,939,436,000원')"
112000,자산총계|유동자산(계),"('reason', ""유동자산의 총계는 재무상태표에서 '유동자산' 항목으로 명시되어 있으며, 단위는 '원'입니다. 따라서 4,660,209,356,408원입니다."")","('value', '4,660,209,356,408원')"
111156,자산총계|유동자산(계)|매출채권및기타채권,"('reason', ""매출채권 및 기타채권은 유동자산 내역에서 '매출채권 및 기타채권'으로 명시되어 있으며, 단위는 '원'입니다. 따라서 1,030,486,547,187원입니다."")","('value', '1,030,486,547,187원')"
111150,자산총계|유동자산(계)|매출채권및기타채권|매출채권,"('reason', ""매출채권은 유동자산 내역에서 '매출채권'으로 명시되어 있으며, 단위는 '원'입니다. 따라서 997,093,259,867원입니다."")","('value', '997,093,259,867원')"
111159,(매출채권및기타채권 대손충당부채)|(매출채권대손충당부채),"('reason', ""매출채권의 대손충당부채는 유동자산 내역에서 '대손충당부채' 중 '매출채권'에 해당하는 부분으로, 단위는 '원'입니다. 따라서 1,764,664,000원입니다."")","('value', '1,764,664,000원')"
111152,자산총계|유동자산(계)|매출채권및기타채권|매출채권|외화매출채권,"('reason', ""외화매출채권은 유동자산 내역에서 '매출채권' 중 '외화매출채권'으로 명시되어 있으며, 단위는 '원'입니다. 따라서 0원입니다."")","('value', '0원')"
111147,자산총계|유동자산(계)|매출채권및기타채권|매출채권|원화매출채권,"('reason', ""원화매출채권은 유동자산 내역에서 '매출채권' 중 '원화매출채권'으로 명시되어 있으며, 단위는 '원'입니다. 따라서 997,093,259,867원입니다."")","('value', '997,093,259,867원')"
111180,자산총계|유동자산(계)|매출채권및기타채권|미수금,"('reason', ""미수금은 유동자산 내역에서 '미수금'으로 명시되어 있으며, 단위는 '원'입니다. 따라서 8,714,226,000원입니다."")","('value', '8,714,226,000원')"
111189,(매출채권및기타채권 대손충당부채)|(미수금대손충당부채),"('reason', ""미수금의 대손충당부채는 유동자산 내역에서 '대손충당부채' 중 '미수금'에 해당하는 부분으로, 단위는 '원'입니다. 따라서 227,293,000원입니다."")","('value', '227,293,000원')"
111183,자산총계|유동자산(계)|매출채권및기타채권|미수금|기타미수금,"('reason', ""기타미수금은 유동자산 내역에서 '미수금' 중 '기타미수금'으로 명시되어 있으며, 단위는 '원'입니다. 따라서 8,714,226,000원입니다."")","('value', '8,714,226,000원')"
111190,자산총계|유동자산(계)|매출채권및기타채권|미수수익,"('reason', ""미수수익은 유동자산 내역에서 '미수수익'으로 명시되어 있으며, 단위는 '원'입니다. 따라서 720,332,000원입니다."")","('value', '720,332,000원')"
111199,(매출채권및기타채권 대손충당부채)|(미수수익대손충당부채),"('reason', ""미수수익의 대손충당부채는 유동자산 내역에서 '대손충당부채' 중 '미수수익'에 해당하는 부분으로, 단위는 '원'입니다. 따라서 675,449,000원입니다."")","('value', '675,449,000원')"
111192,자산총계|유동자산(계)|매출채권및기타채권|미수수익|외화미수수익,"('reason', ""외화미수수익은 유동자산 내역에서 '미수수익' 중 '외화미수수익'으로 명시되어 있으며, 단위는 '원'입니다. 따라서 0원입니다."")","('value', '0원')"
111197,자산총계|유동자산(계)|매출채권및기타채권|미수수익|원화미수수익,"('reason', ""원화미수수익은 유동자산 내역에서 '미수수익' 중 '원화미수수익'으로 명시되어 있으며, 단위는 '원'입니다. 따라서 720,332,000원입니다."")","('value', '720,332,000원')"
111170,자산총계|유동자산(계)|매출채권및기타채권|단기대여금,"('reason', ""단기대여금은 유동자산 내역에서 '단기대여금'으로 명시되어 있으며, 단위는 '원'입니다. 따라서 9,613,222,000원입니다."")","('value', '9,613,222,000원')"
111179,(매출채권및기타채권 대손충당부채)|(단기대여금대손충당부채),"('reason', ""단기대여금의 대손충당부채는 유동자산 내역에서 '대손충당부채' 중 '단기대여금'에 해당하는 부분으로, 단위는 '원'입니다. 따라서 24,072,194,000원입니다."")","('value', '24,072,194,000원')"
111171,자산총계|유동자산(계)|매출채권및기타채권|단기대여금|특수관계자단기대여금,"('reason', ""특수관계자단기대여금은 유동자산 내역에서 '단기대여금' 중 '특수관계자단기대여금'으로 명시되어 있으며, 단위는 '원'입니다. 따라서 0원입니다."")","('value', '0원')"
111174,자산총계|유동자산(계)|매출채권및기타채권|단기대여금|기타단기대여금,"('reason', ""기타단기대여금은 유동자산 내역에서 '단기대여금' 중 '기타단기대여금'으로 명시되어 있으며, 단위는 '원'입니다. 따라서 9,613,222,000원입니다."")","('value', '9,613,222,000원')"
111591,자산총계|유동자산(계)|매출채권및기타채권|리스채권,"('reason', ""리스채권은 유동자산 내역에서 '리스채권'으로 명시되어 있으며, 단위는 '원'입니다. 따라서 14,283,242,000원입니다."")","('value', '14,283,242,000원')"
111594,자산총계|유동자산(계)|매출채권및기타채권|리스채권|금융리스채권,"('reason', ""금융리스채권은 유동자산 내역에서 '리스채권' 중 '금융리스채권'으로 명시되어 있으며, 단위는 '원'입니다. 따라서 14,283,242,000원입니다."")","('value', '14,283,242,000원')"
111233,자산총계|유동자산(계)|단기투자자산,"('reason', ""단기투자자산은 유동자산 내역에서 '단기투자자산'으로 명시되어 있으며, 단위는 '원'입니다. 따라서 3,147,865,774,185원입니다."")","('value', '3,147,865,774,185원')"
111230,자산총계|유동자산(계)|단기투자자산|당기손익인식금융자산,"('reason', ""당기손익인식금융자산은 유동자산 내역에서 '당기손익-공정가치측정금융자산'으로 명시되어 있으며, 단위는 '원'입니다. 따라서 3,147,865,774,185원입니다."")","('value', '3,147,865,774,185원')"
111232,자산총계|유동자산(계)|단기투자자산|당기손익인식금융자산|기타당기손익인식금융자산,"('reason', ""기타당기손익인식금융자산은 유동자산 내역에서 '기타당기손익-공정가치측정금융자산'으로 명시되어 있으며, 단위는 '원'입니다. 따라서 3,147,865,774,185원입니다."")","('value', '3,147,865,774,185원')"
111220,자산총계|유동자산(계)|단기투자자산|당기손익인식금융자산|기타당기손익인식금융자산|단기금융상품,"('reason', ""단기금융상품은 유동자산 내역에서 '단기금융상품'으로 명시되어 있으며, 단위는 '원'입니다. 따라서 0원입니다."")","('value', '0원')"
111225,자산총계|유동자산(계)|단기투자자산|당기손익인식금융자산|기타당기손익인식금융자산|단기금융상품|기타단기금융상품,"('reason', ""기타단기금융상품은 유동자산 내역에서 '기타단기금융상품'으로 명시되어 있으며, 단위는 '원'입니다. 따라서 0원입니다."")","('value', '0원')"
111484,자산총계|유동자산(계)|단기투자자산|당기손익인식금융자산|기타당기손익인식금융자산|기타의기타당기손익인식금융자산,"('reason', ""기타의기타당기손익인식금융자산은 유동자산 내역에서 '기타의기타당기손익-공정가치측정금융자산'으로 명시되어 있으며, 단위는 '원'입니다. 따라서 3,147,865,774,185원입니다."")","('value', '3,147,865,774,185원')"
111162,자산총계|유동자산(계)|단기투자자산|매도가능금융자산,"('reason', ""매도가능금융자산은 유동자산 내역에서 '기타포괄손익-공정가치측정금융자산'으로 명시되어 있으며, 단위는 '원'입니다. 따라서 0원입니다."")","('value', '0원')"
111421,자산총계|유동자산(계)|당기법인세자산,"('reason', ""당기법인세자산은 유동자산 내역에서 '당기법인세자산'으로 명시되어 있으며, 단위는 '원'입니다. 따라서 0원입니다."")","('value', '0원')"
111401,자산총계|유동자산(계)|기타비금융자산,"('reason', ""기타비금융자산은 유동자산 내역에서 '기타비금융자산'으로 명시되어 있으며, 단위는 '원'입니다. 따라서 98,330,402,688원입니다."")","('value', '98,330,402,688원')"
111410,자산총계|유동자산(계)|기타비금융자산|선급금,"('reason', ""선급금은 '기타비금융자산' 항목에 포함되어 있으며, 금액은 1,813,061원입니다. 표의 단위는 '원'으로 명시되어 있어 변환이 필요하지 않습니다."")","('value', '1,813,061원')"
111419,(선급금대손충당부채),"('reason', ""선급금에 대한 대손충당부채는 명시되어 있지 않으므로, 해당 값은 '알 수 없음'으로 처리합니다."")","('value', '알 수 없음')"
111415,자산총계|유동자산(계)|기타비금융자산|선급금|기타선급금,"('reason', ""기타선급금은 '기타비금융자산' 항목에 포함되어 있으며, 금액은 1,813,061원입니다. 표의 단위는 '원'으로 명시되어 있어 변환이 필요하지 않습니다."")","('value', '1,813,061원')"
111420,자산총계|유동자산(계)|기타비금융자산|선급비용,"('reason', ""선급비용은 '기타비금융자산' 항목에 포함되어 있으며, 금액은 63,124,355원입니다. 표의 단위는 '원'으로 명시되어 있어 변환이 필요하지 않습니다."")","('value', '63,124,355원')"
111422,자산총계|유동자산(계)|기타비금융자산|부가세대급금,"('reason', ""부가세대급금은 명시되어 있지 않으므로, 해당 값은 '알 수 없음'으로 처리합니다."")","('value', '알 수 없음')"
111430,자산총계|유동자산(계)|기타비금융자산|보증금,"('reason', ""보증금은 '기타비금융자산' 항목에 포함되어 있으며, 금액은 61,965원입니다. 표의 단위는 '원'으로 명시되어 있어 변환이 필요하지 않습니다."")","('value', '61,965원')"
111200,자산총계|유동자산(계)|기타비금융자산|기타당좌자산,"('reason', ""기타당좌자산은 명시되어 있지 않으므로, 해당 값은 '알 수 없음'으로 처리합니다."")","('value', '알 수 없음')"
111100,자산총계|유동자산(계)|현금및현금성자산,"('reason', ""현금및현금성자산은 '유동자산' 항목에 포함되어 있으며, 금액은 416,919,919,668원입니다. 표의 단위는 '원'으로 명시되어 있어 변환이 필요하지 않습니다."")","('value', '416,919,919,668원')"
111130,자산총계|유동자산(계)|현금및현금성자산|예금,"('reason', ""예금은 '현금및현금성자산' 항목에 포함되어 있으며, 금액은 416,919,919,668원입니다. 표의 단위는 '원'으로 명시되어 있어 변환이 필요하지 않습니다."")","('value', '416,919,919,668원')"
111134,자산총계|유동자산(계)|현금및현금성자산|예금|기타예금,"('reason', ""기타예금은 '현금및현금성자산' 항목에 포함되어 있으며, 금액은 416,919,919,668원입니다. 표의 단위는 '원'으로 명시되어 있어 변환이 필요하지 않습니다."")","('value', '416,919,919,668원')"
111137,자산총계|유동자산(계)|현금및현금성자산|기타현금성자산,"('reason', ""기타현금성자산은 '현금및현금성자산' 항목에 포함되어 있으며, 금액은 416,919,919,668원입니다. 표의 단위는 '원'으로 명시되어 있어 변환이 필요하지 않습니다."")","('value', '416,919,919,668원')"
115000,자산총계,"('reason', ""자산총계는 '재무상태표'에 명시되어 있으며, 금액은 7,752,332,103,329원입니다. 표의 단위는 '원'으로 명시되어 있어 변환이 필요하지 않습니다."")","('value', '7,752,332,103,329원')"
118060,부채와자본총계|자본총계|납입자본,"('reason', ""납입자본은 '자본총계' 항목에 포함되어 있으며, 금액은 4,925,891,100원입니다. 표의 단위는 '원'으로 명시되어 있어 변환이 필요하지 않습니다."")","('value', '4,925,891,100원')"
118100,부채와자본총계|자본총계|납입자본|자본금,"('reason', ""자본금은 '납입자본' 항목에 포함되어 있으며, 금액은 4,925,891,100원입니다. 표의 단위는 '원'으로 명시되어 있어 변환이 필요하지 않습니다."")","('value', '4,925,891,100원')"
118110,부채와자본총계|자본총계|납입자본|자본금|보통주자본금,"('reason', ""보통주자본금은 '자본금' 항목에 포함되어 있으며, 금액은 4,925,891,100원입니다. 표의 단위는 '원'으로 명시되어 있어 변환이 필요하지 않습니다."")","('value', '4,925,891,100원')"
118120,부채와자본총계|자본총계|납입자본|자본금|우선주자본금,"('reason', ""우선주자본금은 명시되어 있지 않으므로, 해당 값은 '알 수 없음'으로 처리합니다."")","('value', '알 수 없음')"
118211,부채와자본총계|자본총계|납입자본|주식발행초과금,"('reason', ""주식발행초과금은 '기타자본' 항목에 포함되어 있으며, 금액은 1,448,041,383,000원입니다. 표의 단위는 '원'으로 명시되어 있어 변환이 필요하지 않습니다."")","('value', '1,448,041,383,000원')"
118300,부채와자본총계|자본총계|이익잉여금,"('reason', ""이익잉여금은 '자본총계' 항목에 포함되어 있으며, 금액은 4,303,918,735,251원입니다. 표의 단위는 '원'으로 명시되어 있어 변환이 필요하지 않습니다."")","('value', '4,303,918,735,251원')"
118330,부채와자본총계|자본총계|이익잉여금|미처분이익잉여금,"('reason', ""미처분이익잉여금은 '이익잉여금' 항목에 포함되어 있으며, 금액은 4,303,918,735,251원입니다. 표의 단위는 '원'으로 명시되어 있어 변환이 필요하지 않습니다."")","('value', '4,303,918,735,251원')"
118630,부채와자본총계|자본총계|기타자본구성요소,"('reason', ""기타자본구성요소는 '자본총계' 항목에 포함되어 있으며, 금액은 2,524,661,589,266원입니다. 표의 단위는 '원'으로 명시되어 있어 변환이 필요하지 않습니다."")","('value', '2,524,661,589,266원')"
118600,부채와자본총계|자본총계|기타자본구성요소|기타포괄손익누계액,"('reason', ""기타포괄손익누계액은 '기타자본구성요소' 항목에 포함되어 있으며, 금액은 -41,699,190,000원입니다. 표의 단위는 '원'으로 명시되어 있어 변환이 필요하지 않습니다."")","('value', '-41,699,190원')"
118470,부채와자본총계|자본총계|기타자본구성요소|기타포괄손익누계액|해외사업환산손실(-),"('reason', ""해외사업환산손실은 '기타포괄손익누계액' 항목에 포함되어 있으며, 금액은 29,834,000원입니다. 표의 단위는 '원'으로 명시되어 있어 변환이 필요하지 않습니다."")","('value', '29,834,000원')"
118530,부채와자본총계|자본총계|기타자본구성요소|기타포괄손익누계액|투자자산평가손실(-),"('reason', ""투자자산평가손실은 '기타포괄손익누계액' 항목에 포함되어 있으며, 금액은 40,859,596,000원입니다. 표의 단위는 '원'으로 명시되어 있어 변환이 필요하지 않습니다."")","('value', '40,859,596,000원')"
118531,부채와자본총계|자본총계|기타자본구성요소|기타포괄손익누계액|투자자산평가손실(-)|매도가능금융자산평가손실(-),"('reason', ""매도가능금융자산평가손실은 '투자자산평가손실' 항목에 포함되어 있으며, 금액은 40,859,596,000원입니다. 표의 단위는 '원'으로 명시되어 있어 변환이 필요하지 않습니다."")","('value', '40,859,596,000원')"
118533,부채와자본총계|자본총계|기타자본구성요소|기타포괄손익누계액|투자자산평가손실(-)|부의지분법자본변동(-),"('reason', ""부의지분법자본변동은 명시되어 있지 않으므로, 해당 값은 '알 수 없음'으로 처리합니다."")","('value', '알 수 없음')"
118540,부채와자본총계|자본총계|기타자본구성요소|기타포괄손익누계액|투자자산평가이익,"('reason', ""투자자산평가이익은 명시되어 있지 않으므로, 해당 값은 '알 수 없음'으로 처리합니다."")","('value', '알 수 없음')"
118541,부채와자본총계|자본총계|기타자본구성요소|기타포괄손익누계액|투자자산평가이익|매도가능금융자산평가이익,"('reason', ""매도가능금융자산평가이익은 명시되어 있지 않으므로, 해당 값은 '알 수 없음'으로 처리합니다."")","('value', '알 수 없음')"
118621,부채와자본총계|자본총계|기타자본구성요소|기타포괄손익누계액|보험수리적손실(-),"('reason', ""보험수리적손실은 '기타포괄손익누계액' 항목에 포함되어 있으며, 금액은 1,031,260,000원입니다. 표의 단위는 '원'으로 명시되어 있어 변환이 필요하지 않습니다."")","('value', '1,031,260,000원')"
118090,부채와자본총계|자본총계|기타자본구성요소|기타자본구성,"('reason', ""기타자본구성은 '기타자본구성요소' 항목에 포함되어 있으며, 금액은 2,566,360,779,266원입니다. 표의 단위는 '원'으로 명시되어 있어 변환이 필요하지 않습니다."")","('value', '2,566,360,779,266원')"
118214,부채와자본총계|자본총계|기타자본구성요소|기타자본구성|주식발행초과금,"('reason', ""주식발행초과금은 '기타자본구성' 항목에 포함되어 있으며, 금액은 1,448,041,383,000원입니다. 표의 단위는 '원'으로 명시되어 있어 변환이 필요하지 않습니다."")","('value', '1,448,041,383,000원')"
118236,부채와자본총계|자본총계|기타자본구성요소|기타자본구성|자기주식처분이익,"('reason', ""자기주식처분이익은 '기타자본구성' 항목에 포함되어 있으며, 금액은 13,982,088,000원입니다. 표의 단위는 '원'으로 명시되어 있어 변환이 필요하지 않습니다."")","('value', '13,982,088,000원')"
118238,부채와자본총계|자본총계|기타자본구성요소|기타자본구성|전환권대가,"('reason', ""전환권대가는 명시되어 있지 않으므로, 해당 값은 '알 수 없음'으로 처리합니다."")","('value', '알 수 없음')"
118430,부채와자본총계|자본총계|기타자본구성요소|기타자본구성|자기주식(-),"('reason', ""자기주식은 '기타자본구성' 항목에 포함되어 있으며, 금액은 79,819,802,000원입니다. 표의 단위는 '원'으로 명시되어 있어 변환이 필요하지 않습니다."")","('value', '79,819,802,000원')"
118570,부채와자본총계|자본총계|기타자본구성요소|기타자본구성|주식선택권,"('reason', ""주식선택권은 '기타자본구성' 항목에 포함되어 있으며, 금액은 137,668,181,000원입니다. 표의 단위는 '원'으로 명시되어 있어 변환이 필요하지 않습니다."")","('value', '137,668,181,000원')"
118599,부채와자본총계|자본총계|기타자본구성요소|기타자본구성|기타의기타자본구성,"('reason', ""기타의기타자본구성은 명시되어 있지 않으므로, 해당 값은 '알 수 없음'으로 처리합니다."")","('value', '알 수 없음')"
118900,부채와자본총계|자본총계,"('reason', ""자본총계는 '재무상태표'에 명시되어 있으며, 금액은 6,833,506,215,617원입니다. 표의 단위는 '원'으로 명시되어 있어 변환이 필요하지 않습니다."")","('value', '6,833,506,215,617원')"
117000,부채와자본총계|부채총계|비유동부채(계),"('reason', ""비유동부채는 '부채총계' 항목에 포함되어 있으며, 금액은 173,439,563,969원입니다. 표의 단위는 '원'으로 명시되어 있어 변환이 필요하지 않습니다."")","('value', '173,439,563,969원')"
117112,부채와자본총계|부채총계|비유동부채(계)|매입채무및기타채무,"('reason', ""매입채무및기타채무는 '비유동부채' 항목에 포함되어 있으며, 금액은 21,834,584원입니다. 표의 단위는 '원'으로 명시되어 있어 변환이 필요하지 않습니다."")","('value', '21,834,584원')"
116400,부채와자본총계|부채총계|비유동부채(계)|매입채무및기타채무|장기미지급금,"('reason', ""장기미지급금은 '매입채무및기타채무' 항목에 포함되어 있으며, 금액은 21,834,584원입니다. 표의 단위는 '원'으로 명시되어 있어 변환이 필요하지 않습니다."")","('value', '21,834,584원')"
116409,부채와자본총계|부채총계|비유동부채(계)|매입채무및기타채무|장기미지급금|기타장기미지급금,"('reason', ""기타장기미지급금은 '장기미지급금' 항목에 포함되어 있으며, 금액은 21,834,584원입니다. 표의 단위는 '원'으로 명시되어 있어 변환이 필요하지 않습니다."")","('value', '21,834,584원')"
116805,부채와자본총계|부채총계|비유동부채(계)|매입채무및기타채무|보증금,"('reason', ""보증금은 '매입채무및기타채무' 항목에 포함되어 있으며, 금액은 7,240,949원입니다. 표의 단위는 '원'으로 명시되어 있어 변환이 필요하지 않습니다."")","('value', '7,240,949원')"
116800,부채와자본총계|부채총계|비유동부채(계)|매입채무및기타채무|보증금|임대보증금,"('reason', ""임대보증금은 '보증금' 항목에 포함되어 있으며, 금액은 7,240,949원입니다. 표의 단위는 '원'으로 명시되어 있어 변환이 필요하지 않습니다."")","('value', '7,240,949원')"
117111,부채와자본총계|부채총계|비유동부채(계)|비유동차입부채,"('reason', ""비유동차입부채는 명시되어 있지 않으므로, 해당 값은 '알 수 없음'으로 처리합니다."")","('value', '알 수 없음')"
116050,부채와자본총계|부채총계|비유동부채(계)|비유동차입부채|장기사채(계),"('reason', ""장기사채는 명시되어 있지 않으므로, 해당 값은 '알 수 없음'으로 처리합니다."")","('value', '알 수 없음')"
116051,(전환권조정계),"('reason', ""전환권조정계는 명시되어 있지 않으므로, 해당 값은 '알 수 없음'으로 처리합니다."")","('value', '알 수 없음')"
116107,(사채상환할증금계),"('reason', ""사채상환할증금계는 명시되어 있지 않으므로, 해당 값은 '알 수 없음'으로 처리합니다."")","('value', '알 수 없음')"
116101,부채와자본총계|부채총계|비유동부채(계)|비유동차입부채|장기사채(계)|전환사채,"('reason', ""전환사채는 명시되어 있지 않으므로, 해당 값은 '알 수 없음'으로 처리합니다."")","('value', '알 수 없음')"
116102,(전환권조정계)|(전환권조정),"('reason', ""전환권조정은 명시되어 있지 않으므로, 해당 값은 '알 수 없음'으로 처리합니다."")","('value', '알 수 없음')"
116127,(사채상환할증금계)|(전환사채상환할증금),"('reason', ""전환사채상환할증금은 명시되어 있지 않으므로, 해당 값은 '알 수 없음'으로 처리합니다."")","('value', '알 수 없음')"
116200,부채와자본총계|부채총계|비유동부채(계)|비유동차입부채|장기차입금(계),"('reason', ""장기차입금은 명시되어 있지 않으므로, 해당 값은 '알 수 없음'으로 처리합니다."")","('value', '알 수 없음')"
116210,부채와자본총계|부채총계|비유동부채(계)|비유동차입부채|장기차입금(계)|장기차입금,"('reason', ""장기차입금은 명시되어 있지 않으므로, 해당 값은 '알 수 없음'으로 처리합니다."")","('value', '알 수 없음')"
117114,부채와자본총계|부채총계|비유동부채(계)|기타금융부채,"('reason', ""기타금융부채는 '비유동부채' 항목에 포함되어 있으며, 금액은 100,063,539,088원입니다. 표의 단위는 '원'으로 명시되어 있어 변환이 필요하지 않습니다."")","('value', '100,063,539,088원')"
117115,부채와자본총계|부채총계|비유동부채(계)|기타금융부채|당기손익인식금융부채,"('reason', ""당기손익인식금융부채는 '기타금융부채' 항목에 포함되어 있으며, 금액은 7,242,659,262원입니다. 표의 단위는 '원'으로 명시되어 있어 변환이 필요하지 않습니다."")","('value', '7,242,659,262원')"
117116,부채와자본총계|부채총계|비유동부채(계)|기타금융부채|당기손익인식금융부채|매매목적파생상품,"('reason', ""매매목적파생상품은 '당기손익인식금융부채' 항목에 포함되어 있으며, 금액은 7,242,659,262원입니다. 표의 단위는 '원'으로 명시되어 있어 변환이 필요하지 않습니다."")","('value', '7,242,659,262원')"
117117,부채와자본총계|부채총계|비유동부채(계)|기타금융부채|당기손익인식금융부채|기타당기손익인식금융부채,"('reason', ""기타당기손익인식금융부채는 명시되어 있지 않으므로, 해당 값은 '알 수 없음'으로 처리합니다."")","('value', '알 수 없음')"
116260,부채와자본총계|부채총계|비유동부채(계)|기타금융부채|금융리스부채,"('reason', ""금융리스부채는 '기타금융부채' 항목에 포함되어 있으며, 금액은 78,228,955원입니다. 표의 단위는 '원'으로 명시되어 있어 변환이 필요하지 않습니다."")","('value', '78,228,955원')"
117119,부채와자본총계|부채총계|비유동부채(계)|기타비금융부채,"('reason', ""기타비금융부채는 '비유동부채' 항목에 포함되어 있으며, 금액은 35,068,650,600원입니다. 표의 단위는 '원'으로 명시되어 있어 변환이 필요하지 않습니다."")","('value', '35,068,650,600원')"
116500,부채와자본총계|부채총계|비유동부채(계)|기타비금융부채|장기미지급비용,"('reason', ""장기미지급비용은 '기타비금융부채' 항목에 포함되어 있으며, 금액은 14,552,093원입니다. 표의 단위는 '원'으로 명시되어 있어 변환이 필요하지 않습니다."")","('value', '14,552,093원')"
116700,부채와자본총계|부채총계|비유동부채(계)|기타비금융부채|기타비유동부채,"('reason', ""기타비유동부채는 '기타비금융부채' 항목에 포함되어 있으며, 금액은 35,068,650,600원입니다. 표의 단위는 '원'으로 명시되어 있어 변환이 필요하지 않습니다."")","('value', '35,068,650,600원')"
117123,부채와자본총계|부채총계|비유동부채(계)|퇴직급여채무,"('reason', ""퇴직급여채무는 '비유동부채' 항목에 포함되어 있으며, 금액은 18,134,633,796원입니다. 표의 단위는 '원'으로 명시되어 있어 변환이 필요하지 않습니다."")","('value', '18,134,633,796원')"
116600,부채와자본총계|부채총계|비유동부채(계)|장기충당부채(계),"('reason', ""장기충당부채는 '비유동부채' 항목에 포함되어 있으며, 금액은 12,930,081,223원입니다. 표의 단위는 '원'으로 명시되어 있어 변환이 필요하지 않습니다."")","('value', '12,930,081,223원')"
116645,부채와자본총계|부채총계|비유동부채(계)|장기충당부채(계)|복구충당부채,"('reason', ""복구충당부채는 '장기충당부채' 항목에 포함되어 있으며, 금액은 12,930,081,223원입니다. 표의 단위는 '원'으로 명시되어 있어 변환이 필요하지 않습니다."")","('value', '12,930,081,223원')"
116640,부채와자본총계|부채총계|비유동부채(계)|장기충당부채(계)|기타부채성충당부채,"('reason', ""기타부채성충당부채는 명시되어 있지 않으므로, 해당 값은 '알 수 없음'으로 처리합니다."")","('value', '알 수 없음')"
116000,부채와자본총계|부채총계|유동부채(계),"('reason', ""유동부채는 '부채총계' 항목에 포함되어 있으며, 금액은 745,386,323,743원입니다. 표의 단위는 '원'으로 명시되어 있어 변환이 필요하지 않습니다."")","('value', '745,386,323,743원')"
115120,부채와자본총계|부채총계|유동부채(계)|매입채무및기타채무,"('reason', ""매입채무및기타채무는 '유동부채' 항목에 포함되어 있으며, 금액은 266,128,097,862원입니다. 표의 단위는 '원'으로 명시되어 있어 변환이 필요하지 않습니다."")","('value', '266,128,097,862원')"
115140,부채와자본총계|부채총계|유동부채(계)|매입채무및기타채무|미지급금,"('reason', ""미지급금은 '매입채무및기타채무' 항목에 포함되어 있으며, 금액은 61,251,058원입니다. 표의 단위는 '원'으로 명시되어 있어 변환이 필요하지 않습니다."")","('value', '61,251,058원')"
115147,부채와자본총계|부채총계|유동부채(계)|매입채무및기타채무|미지급금|기타미지급금,"('reason', ""기타미지급금은 '미지급금' 항목에 포함되어 있으며, 금액은 61,251,058원입니다. 표의 단위는 '원'으로 명시되어 있어 변환이 필요하지 않습니다."")","('value', '61,251,058원')"
115160,부채와자본총계|부채총계|유동부채(계)|매입채무및기타채무|예수금,"('reason', ""예수금은 '매입채무및기타채무' 항목에 포함되어 있으며, 금액은 16,233,876원입니다. 표의 단위는 '원'으로 명시되어 있어 변환이 필요하지 않습니다."")","('value', '16,233,876원')"
115164,부채와자본총계|부채총계|유동부채(계)|매입채무및기타채무|예수금|기타예수금,"('reason', ""기타예수금은 '예수금' 항목에 포함되어 있으며, 금액은 16,233,876원입니다. 표의 단위는 '원'으로 명시되어 있어 변환이 필요하지 않습니다."")","('value', '16,233,876원')"
115171,부채와자본총계|부채총계|유동부채(계)|매입채무및기타채무|보증금,"('reason', ""보증금은 '매입채무및기타채무' 항목에 포함되어 있으며, 금액은 2,430,552원입니다. 표의 단위는 '원'으로 명시되어 있어 변환이 필요하지 않습니다."")","('value', '2,430,552원')"
115175,부채와자본총계|부채총계|유동부채(계)|매입채무및기타채무|보증금|임대보증금,"('reason', ""임대보증금은 '보증금' 항목에 포함되어 있으며, 금액은 2,430,552원입니다. 표의 단위는 '원'으로 명시되어 있어 변환이 필요하지 않습니다."")","('value', '2,430,552원')"
115180,부채와자본총계|부채총계|유동부채(계)|매입채무및기타채무|미지급비용,"('reason', ""미지급비용은 '매입채무및기타채무' 항목에 포함되어 있으며, 금액은 147,311,191원입니다. 표의 단위는 '원'으로 명시되어 있어 변환이 필요하지 않습니다."")","('value', '147,311,191원')"
115122,부채와자본총계|부채총계|유동부채(계)|유동차입부채,"('reason', ""유동차입부채는 명시되어 있지 않으므로, 해당 값은 '알 수 없음'으로 처리합니다."")","('value', '알 수 없음')"
115130,부채와자본총계|부채총계|유동부채(계)|유동차입부채|단기차입금,"('reason', ""단기차입금은 명시되어 있지 않으므로, 해당 값은 '알 수 없음'으로 처리합니다."")","('value', '알 수 없음')"
115133,부채와자본총계|부채총계|유동부채(계)|유동차입부채|단기차입금|외화단기차입금,"('reason', ""외화단기차입금은 명시되어 있지 않으므로, 해당 값은 '알 수 없음'으로 처리합니다."")","('value', '알 수 없음')"
115134,부채와자본총계|부채총계|유동부채(계)|유동차입부채|단기차입금|특수관계자단기차입금,"('reason', ""특수관계자단기차입금은 명시되어 있지 않으므로, 해당 값은 '알 수 없음'으로 처리합니다."")","('value', '알 수 없음')"
115136,"부채와자본총계|부채총계|유동부채(계)|유동차입부채|단기차입금|주주,임원,종업원단기차입금","('reason', ""주주,임원,종업원단기차입금은 명시되어 있지 않으므로, 해당 값은 '알 수 없음'으로 처리합니다."")","('value', '알 수 없음')"
115132,부채와자본총계|부채총계|유동부채(계)|유동차입부채|단기차입금|기타단기차입금,"('reason', ""기타단기차입금은 명시되어 있지 않으므로, 해당 값은 '알 수 없음'으로 처리합니다."")","('value', '알 수 없음')"
115190,부채와자본총계|부채총계|유동부채(계)|유동차입부채|유동성장기부채,"('reason', ""유동성장기부채는 '유동부채' 항목에 포함되어 있으며, 금액은 55,130,603원입니다. 표의 단위는 '원'으로 명시되어 있어 변환이 필요하지 않습니다."")","('value', '55,130,603원')"
115531,(유동성장기부채전환권조정),"('reason', ""유동성장기부채전환권조정은 명시되어 있지 않으므로, 해당 값은 '알 수 없음'으로 처리합니다."")","('value', '알 수 없음')"
115536,(유동성장기부채상환할증금),"('reason', ""유동성장기부채상환할증금은 명시되어 있지 않으므로, 해당 값은 '알 수 없음'으로 처리합니다."")","('value', '알 수 없음')"
115191,부채와자본총계|부채총계|유동부채(계)|유동차입부채|유동성장기부채|유동성장기차입금,"('reason', ""유동성장기차입금은 명시되어 있지 않으므로, 해당 값은 '알 수 없음'으로 처리합니다."")","('value', '알 수 없음')"
115193,부채와자본총계|부채총계|유동부채(계)|유동차입부채|유동성장기부채|유동성사채,"('reason', ""유동성사채는 명시되어 있지 않으므로, 해당 값은 '알 수 없음'으로 처리합니다."")","('value', '알 수 없음')"
115189,(유동성장기부채전환권조정)|(전환권조정),"('reason', ""전환권조정은 명시되어 있지 않으므로, 해당 값은 '알 수 없음'으로 처리합니다."")","('value', '알 수 없음')"
115201,(유동성장기부채상환할증금)|(유동성사채상환할증금),"('reason', ""유동성사채상환할증금은 명시되어 있지 않으므로, 해당 값은 '알 수 없음'으로 처리합니다."")","('value', '알 수 없음')"
115195,부채와자본총계|부채총계|유동부채(계)|유동차입부채|유동성장기부채|유동성금융리스부채,"('reason', ""유동성금융리스부채는 '유동성장기부채' 항목에 포함되어 있으며, 금액은 55,130,603원입니다. 표의 단위는 '원'으로 명시되어 있어 변환이 필요하지 않습니다."")","('value', '55,130,603원')"
115144,부채와자본총계|부채총계|유동부채(계)|당기법인세부채,"('reason', ""당기법인세부채는 '유동부채' 항목에 포함되어 있으며, 금액은 300,416,342,003원입니다. 표의 단위는 '원'으로 명시되어 있어 변환이 필요하지 않습니다."")","('value', '300,416,342,003원')"
115127,부채와자본총계|부채총계|유동부채(계)|기타금융부채,"('reason', ""기타금융부채는 '유동부채' 항목에 포함되어 있으며, 금액은 27,799,840,320원입니다. 표의 단위는 '원'으로 명시되어 있어 변환이 필요하지 않습니다."")","('value', '27,799,840,320원')"
115128,부채와자본총계|부채총계|유동부채(계)|기타금융부채|당기손익인식금융부채,"('reason', ""당기손익인식금융부채는 '기타금융부채' 항목에 포함되어 있으며, 금액은 27,799,840,320원입니다. 표의 단위는 '원'으로 명시되어 있어 변환이 필요하지 않습니다."")","('value', '27,799,840,320원')"
115129,부채와자본총계|부채총계|유동부채(계)|기타금융부채|당기손익인식금융부채|매매목적파생상품,"('reason', ""매매목적파생상품은 '당기손익인식금융부채' 항목에 포함되어 있으며, 금액은 27,799,840,320원입니다. 표의 단위는 '원'으로 명시되어 있어 변환이 필요하지 않습니다."")","('value', '27,799,840,320원')"
115137,부채와자본총계|부채총계|유동부채(계)|기타금융부채|당기손익인식금융부채|기타당기손익인식금융부채,"('reason', ""기타당기손익인식금융부채는 명시되어 있지 않으므로, 해당 값은 '알 수 없음'으로 처리합니다."")","('value', '알 수 없음')"
115138,부채와자본총계|부채총계|유동부채(계)|기타금융부채|상환우선주,"('reason', ""상환우선주는 명시되어 있지 않으므로, 해당 값은 '알 수 없음'으로 처리합니다."")","('value', '알 수 없음')"
115123,부채와자본총계|부채총계|유동부채(계)|기타비금융부채,"('reason', ""기타비금융부채는 '유동부채' 항목에 포함되어 있으며, 금액은 151,042,043,558원입니다. 표의 단위는 '원'으로 명시되어 있어 변환이 필요하지 않습니다."")","('value', '151,042,043,558원')"
115150,부채와자본총계|부채총계|유동부채(계)|기타비금융부채|선수금,"('reason', ""선수금은 '기타비금융부채' 항목에 포함되어 있으며, 금액은 855,452원입니다. 표의 단위는 '원'으로 명시되어 있어 변환이 필요하지 않습니다."")","('value', '855,452원')"
115153,부채와자본총계|부채총계|유동부채(계)|기타비금융부채|선수금|기타선수금,"('reason', ""기타선수금은 '선수금' 항목에 포함되어 있으며, 금액은 855,452원입니다. 표의 단위는 '원'으로 명시되어 있어 변환이 필요하지 않습니다."")","('value', '855,452원')"
115210,부채와자본총계|부채총계|유동부채(계)|기타비금융부채|선수수익,"('reason', ""선수수익은 '기타비금융부채' 항목에 포함되어 있으며, 금액은 133,952,715원입니다. 표의 단위는 '원'으로 명시되어 있어 변환이 필요하지 않습니다."")","('value', '133,952,715원')"
115211,부채와자본총계|부채총계|유동부채(계)|단기충당부채,"('reason', ""단기충당부채는 명시되어 있지 않으므로, 해당 값은 '알 수 없음'으로 처리합니다."")","('value', '알 수 없음')"
115219,부채와자본총계|부채총계|유동부채(계)|단기충당부채|기타단기부채성충당부채,"('reason', ""기타단기부채성충당부채는 명시되어 있지 않으므로, 해당 값은 '알 수 없음'으로 처리합니다."")","('value', '알 수 없음')"
118000,부채와자본총계|부채총계,"('reason', ""부채총계는 '재무상태표'에 명시되어 있으며, 금액은 918,825,887,712원입니다. 표의 단위는 '원'으로 명시되어 있어 변환이 필요하지 않습니다."")","('value', '918,825,887,712원')"
119000,부채와자본총계,"('reason', ""부채와 자본의 총계는 재무상태표에서 '부채와자본총계'로 명시되어 있으며, 단위는 '원'입니다. 따라서 7,752,332,103,329원입니다."")","('value', '7,752,332,103,329원')"
