﻿계정코드,계정명,reason,value,clean_value
161000,영업활동으로인한현금흐름,"('reason', ""영업활동으로 인한 현금흐름은 재무제표의 현금흐름표에서 '영업활동으로 인한 현금흐름' 항목의 값을 사용합니다. 단위는 '원'으로 명시되어 있으며, 값은 877,281,444,662원입니다."")","('value', '877,281,444,662원')",877281444662
161100,영업활동으로인한현금흐름|당기순이익(손실),"('reason', ""당기순이익은 포괄손익계산서에서 '당기순이익' 항목의 값을 사용합니다. 단위는 '원'으로 명시되어 있으며, 값은 1,376,266,875,946원입니다."")","('value', '1,376,266,875,946원')",1376266875946
161210,영업활동으로인한현금흐름|현금유출없는비용등가산,"('reason', ""현금유출 없는 비용 등 가산은 현금흐름표에서 '당기순이익조정을 위한 가감' 항목의 값을 사용합니다. 단위는 '원'으로 명시되어 있으며, 값은 19,387,682,970원입니다."")","('value', '19,387,682,970원')",19387682970
161211,"영업활동으로인한현금흐름|현금유출없는비용등가산|유형자산, 투자부동산감가상각비","('reason', ""유형자산, 투자부동산 감가상각비는 영업비용 내역에서 '감가상각비'와 '투자부동산상각비'의 합으로 계산합니다. 각각 57,617,154,000원과 1,840,385,000원이므로 합은 59,457,539,000원입니다."")","('value', '59,457,539,000원')",59457539000
161212,영업활동으로인한현금흐름|현금유출없는비용등가산|무형자산상각비,"('reason', ""무형자산상각비는 영업비용 내역에서 '무형자산상각비' 항목의 값을 사용합니다. 단위는 '원'으로 명시되어 있으며, 값은 4,564,484,000원입니다."")","('value', '4,564,484,000원')",4564484000
161249,영업활동으로인한현금흐름|현금유출없는비용등가산|무형자산상각비|기타무형자산상각비,"('reason', '기타무형자산상각비는 무형자산상각비와 동일한 값으로, 4,564,484,000원입니다.')","('value', '4,564,484,000원')",4564484000
161214,영업활동으로인한현금흐름|현금유출없는비용등가산|대손상각비,"('reason', ""대손상각비는 영업비용 내역에서 '대손상각비(환입)' 항목의 값을 사용합니다. 단위는 '원'으로 명시되어 있으며, 값은 -83,438,000원입니다."")","('value', '-83,438,000원')",-83438000
161268,영업활동으로인한현금흐름|현금유출없는비용등가산|기타대손상각비,"('reason', ""기타대손상각비는 기타비용 내역에서 '기타의대손상각비' 항목의 값을 사용합니다. 단위는 '원'으로 명시되어 있으며, 값은 12,596,850,000원입니다."")","('value', '12,596,850,000원')",12596850000
161215,영업활동으로인한현금흐름|현금유출없는비용등가산|퇴직급여,"('reason', ""퇴직급여는 영업비용 내역에서 '퇴직급여' 항목의 값을 사용합니다. 단위는 '원'으로 명시되어 있으며, 값은 21,081,697,000원입니다."")","('value', '21,081,697,000원')",21081697000
161218,영업활동으로인한현금흐름|현금유출없는비용등가산|투자자산처분손실,"('reason', ""투자자산처분손실은 기타비용 내역에서 '당기손익-공정가치측정금융자산처분손실' 항목의 값을 사용합니다. 단위는 '원'으로 명시되어 있으며, 값은 38,167,062,000원입니다."")","('value', '38,167,062,000원')",38167062000
161296,영업활동으로인한현금흐름|현금유출없는비용등가산|당기손익인식금융자산처분손실,"('reason', ""당기손익인식금융자산처분손실은 기타비용 내역에서 '당기손익-공정가치측정금융자산처분손실' 항목의 값을 사용합니다. 단위는 '원'으로 명시되어 있으며, 값은 38,167,062,000원입니다."")","('value', '38,167,062,000원')",38167062000
161219,"영업활동으로인한현금흐름|현금유출없는비용등가산|유,무형,리스자산처분손실","('reason', ""유,무형,리스자산처분손실은 기타비용 내역에서 '유형자산처분손실', '리스처분손실', '무형자산손상차손'의 합으로 계산합니다. 각각 3,397,000원, 255,000원, 6,197,098,000원이므로 합은 6,200,750,000원입니다."")","('value', '6,200,750,000원')",6200750000
161282,영업활동으로인한현금흐름|현금유출없는비용등가산|당기손익인식금융자산평가손실,"('reason', ""당기손익인식금융자산평가손실은 기타비용 내역에서 '당기손익-공정가치측정금융자산평가손실' 항목의 값을 사용합니다. 단위는 '원'으로 명시되어 있으며, 값은 11,887,053,000원입니다."")","('value', '11,887,053,000원')",11887053000
161259,영업활동으로인한현금흐름|현금유출없는비용등가산|매도가능금융자산손상차손,"('reason', ""매도가능금융자산손상차손은 기타비용 내역에서 '관계기업투자손상차손' 항목의 값을 사용합니다. 단위는 '원'으로 명시되어 있으며, 값은 31,080,095,000원입니다."")","('value', '31,080,095,000원')",31080095000
161201,영업활동으로인한현금흐름|현금유출없는비용등가산|지분법주식손상차손,"('reason', ""지분법주식손상차손은 기타비용 내역에서 '관계기업투자손상차손' 항목의 값을 사용합니다. 단위는 '원'으로 명시되어 있으며, 값은 31,080,095,000원입니다."")","('value', '31,080,095,000원')",31080095000
161205,영업활동으로인한현금흐름|현금유출없는비용등가산|종속기업투자손상차손,"('reason', ""종속기업투자손상차손은 기타비용 내역에서 '종속기업투자손상차손' 항목의 값을 사용합니다. 단위는 '원'으로 명시되어 있으며, 값은 14,853,683,000원입니다."")","('value', '14,853,683,000원')",14853683000
161206,영업활동으로인한현금흐름|현금유출없는비용등가산|관계기업투자손상차손,"('reason', ""관계기업투자손상차손은 기타비용 내역에서 '관계기업투자손상차손' 항목의 값을 사용합니다. 단위는 '원'으로 명시되어 있으며, 값은 31,080,095,000원입니다."")","('value', '31,080,095,000원')",31080095000
161260,영업활동으로인한현금흐름|현금유출없는비용등가산|유형자산손상차손,"('reason', ""유형자산손상차손은 기타비용 내역에서 '유형자산손상차손' 항목의 값을 사용합니다. 단위는 '원'으로 명시되어 있으며, 값은 65,695,000원입니다."")","('value', '65,695,000원')",65695000
161270,영업활동으로인한현금흐름|현금유출없는비용등가산|무형자산손상차손,"('reason', ""무형자산손상차손은 기타비용 내역에서 '무형자산손상차손' 항목의 값을 사용합니다. 단위는 '원'으로 명시되어 있으며, 값은 6,197,098,000원입니다."")","('value', '6,197,098,000원')",6197098000
161246,영업활동으로인한현금흐름|현금유출없는비용등가산|지분법손실,"('reason', ""지분법손실은 기타비용 내역에서 '관계기업투자손상차손' 항목의 값을 사용합니다. 단위는 '원'으로 명시되어 있으며, 값은 31,080,095,000원입니다."")","('value', '31,080,095,000원')",31080095000
161247,영업활동으로인한현금흐름|현금유출없는비용등가산|법인세비용,"('reason', ""법인세비용은 포괄손익계산서에서 '법인세비용' 항목의 값을 사용합니다. 단위는 '원'으로 명시되어 있으며, 값은 428,276,446,255원입니다."")","('value', '428,276,446,255원')",428276446255
161223,영업활동으로인한현금흐름|현금유출없는비용등가산|외화환산손실,"('reason', ""외화환산손실은 기타비용 내역에서 '외환손실' 항목의 값을 사용합니다. 단위는 '원'으로 명시되어 있으며, 값은 34,201,210,000원입니다."")","('value', '34,201,210,000원')",34201210000
161248,영업활동으로인한현금흐름|현금유출없는비용등가산|사채상환손실,"('reason', ""사채상환손실은 기타비용 내역에서 '기타의대손상각비' 항목의 값을 사용합니다. 단위는 '원'으로 명시되어 있으며, 값은 12,596,850,000원입니다."")","('value', '12,596,850,000원')",12596850000
161226,영업활동으로인한현금흐름|현금유출없는비용등가산|이자비용,"('reason', ""이자비용은 금융비용 내역에서 '이자비용' 항목의 값을 사용합니다. 단위는 '원'으로 명시되어 있으며, 값은 6,508,249,000원입니다."")","('value', '6,508,249,000원')",6508249000
161262,영업활동으로인한현금흐름|현금유출없는비용등가산|주식보상비용,"('reason', ""주식보상비용은 영업비용 내역에서 '주식보상비용' 항목의 값을 사용합니다. 단위는 '원'으로 명시되어 있으며, 값은 90,574,714,000원입니다."")","('value', '90,574,714,000원')",90574714000
161277,영업활동으로인한현금흐름|현금유출없는비용등가산|파생상품평가손실,"('reason', ""파생상품평가손실은 기타비용 내역에서 '파생상품손실' 항목의 값을 사용합니다. 단위는 '원'으로 명시되어 있으며, 값은 0원입니다."")","('value', '0원')",0
161239,영업활동으로인한현금흐름|현금유출없는비용등가산|현금의유출이없는기타비용,"('reason', ""현금의 유출이 없는 기타비용은 기타비용 내역에서 '잡손실' 항목의 값을 사용합니다. 단위는 '원'으로 명시되어 있으며, 값은 9,317,583,000원입니다."")","('value', '9,317,583,000원')",9317583000
161510,영업활동으로인한현금흐름|현금유입없는수익등차감,"('reason', ""현금유입 없는 수익 등 차감은 현금흐름표에서 '영업활동으로 인한 자산 부채의 변동' 항목의 값을 사용합니다. 단위는 '원'으로 명시되어 있으며, 값은 -262,808,532,371원입니다."")","('value', '-262,808,532,371원')",-262808532371
161696,영업활동으로인한현금흐름|현금유입없는수익등차감|당기손익인식금융자산처분이익,"('reason', ""당기손익인식금융자산처분이익은 기타수익 내역에서 '당기손익-공정가치측정금융자산처분이익' 항목의 값을 사용합니다. 단위는 '원'으로 명시되어 있으며, 값은 307,460,409,000원입니다."")","('value', '307,460,409,000원')",307460409000
161690,영업활동으로인한현금흐름|현금유입없는수익등차감|관계기업투자처분이익,"('reason', ""관계기업투자처분이익은 기타수익 내역에서 '관계기업투자처분이익' 항목의 값을 사용합니다. 단위는 '원'으로 명시되어 있으며, 값은 786,762,000원입니다."")","('value', '786,762,000원')",786762000
161514,"영업활동으로인한현금흐름|현금유입없는수익등차감|유,무형,리스자산처분이익","('reason', ""유,무형,리스자산처분이익은 기타수익 내역에서 '유형자산처분이익', '리스처분이익'의 합으로 계산합니다. 각각 6,486,000원과 1,006,635,000원이므로 합은 1,013,121,000원입니다."")","('value', '1,013,121,000원')",1013121000
161674,영업활동으로인한현금흐름|현금유입없는수익등차감|당기손익인식금융자산평가이익,"('reason', ""당기손익인식금융자산평가이익은 기타수익 내역에서 '당기손익-공정가치측정금융자산평가이익' 항목의 값을 사용합니다. 단위는 '원'으로 명시되어 있으며, 값은 194,186,036,000원입니다."")","('value', '194,186,036,000원')",194186036000
161668,영업활동으로인한현금흐름|현금유입없는수익등차감|매도가능금융자산손상차손환입,"('reason', ""매도가능금융자산손상차손환입은 기타수익 내역에서 '종속기업투자손상차손환입' 항목의 값을 사용합니다. 단위는 '원'으로 명시되어 있으며, 값은 54,088,091,000원입니다."")","('value', '54,088,091,000원')",54088091000
161655,영업활동으로인한현금흐름|현금유입없는수익등차감|종속기업투자손상차손환입,"('reason', ""종속기업투자손상차손환입은 기타수익 내역에서 '종속기업투자손상차손환입' 항목의 값을 사용합니다. 단위는 '원'으로 명시되어 있으며, 값은 54,088,091,000원입니다."")","('value', '54,088,091,000원')",54088091000
161516,영업활동으로인한현금흐름|현금유입없는수익등차감|외화환산이익,"('reason', ""외화환산이익은 기타수익 내역에서 '외환이익' 항목의 값을 사용합니다. 단위는 '원'으로 명시되어 있으며, 값은 154,539,259,000원입니다."")","('value', '154,539,259,000원')",154539259000
161518,영업활동으로인한현금흐름|현금유입없는수익등차감|대손충당부채환입,"('reason', ""대손충당부채환입은 기타수익 내역에서 '잡이익' 항목의 값을 사용합니다. 단위는 '원'으로 명시되어 있으며, 값은 155,093,000원입니다."")","('value', '155,093,000원')",155093000
161521,영업활동으로인한현금흐름|현금유입없는수익등차감|이자수익,"('reason', ""이자수익은 금융수익 내역에서 '이자수익' 항목의 값을 사용합니다. 단위는 '원'으로 명시되어 있으며, 값은 22,438,025,000원입니다."")","('value', '22,438,025,000원')",22438025000
161555,영업활동으로인한현금흐름|현금유입없는수익등차감|배당금수익,"('reason', ""배당금수익은 기타수익 내역에서 '배당금수익' 항목의 값을 사용합니다. 단위는 '원'으로 명시되어 있으며, 값은 140,550,000원입니다."")","('value', '140,550,000원')",140550000
161567,영업활동으로인한현금흐름|현금유입없는수익등차감|기타금융수익,"('reason', ""기타금융수익은 기타수익 내역에서 '금융보증수익' 항목의 값을 사용합니다. 단위는 '원'으로 명시되어 있으며, 값은 30,068,000원입니다."")","('value', '30,068,000원')",30068000
161553,영업활동으로인한현금흐름|현금유입없는수익등차감|주식보상비용환입,"('reason', ""주식보상비용환입은 기타수익 내역에서 '주식보상비용' 항목의 값을 사용합니다. 단위는 '원'으로 명시되어 있으며, 값은 90,574,714,000원입니다."")","('value', '90,574,714,000원')",90574714000
161556,영업활동으로인한현금흐름|현금유입없는수익등차감|법인세비용의환급,"('reason', ""법인세비용의 환급은 기타수익 내역에서 '법인세비용' 항목의 값을 사용합니다. 단위는 '원'으로 명시되어 있으며, 값은 428,276,446,255원입니다."")","('value', '428,276,446,255원')",428276446255
161558,영업활동으로인한현금흐름|현금유입없는수익등차감|부채성충당부채환입액,"('reason', ""부채성충당부채환입액은 기타수익 내역에서 '잡이익' 항목의 값을 사용합니다. 단위는 '원'으로 명시되어 있으며, 값은 155,093,000원입니다."")","('value', '155,093,000원')",155093000
161610,영업활동으로인한현금흐름|현금유입없는수익등차감|파생상품거래이익,"('reason', ""파생상품거래이익은 기타수익 내역에서 '파생상품이익' 항목의 값을 사용합니다. 단위는 '원'으로 명시되어 있으며, 값은 4,824,199,000원입니다."")","('value', '4,824,199,000원')",4824199000
161612,영업활동으로인한현금흐름|현금유입없는수익등차감|파생상품평가이익,"('reason', ""파생상품평가이익은 기타수익 내역에서 '파생상품이익' 항목의 값을 사용합니다. 단위는 '원'으로 명시되어 있으며, 값은 4,824,199,000원입니다."")","('value', '4,824,199,000원')",4824199000
161529,영업활동으로인한현금흐름|현금유입없는수익등차감|현금의유입이없는기타수익,"('reason', ""현금의 유입이 없는 기타수익은 기타수익 내역에서 '잡이익' 항목의 값을 사용합니다. 단위는 '원'으로 명시되어 있으며, 값은 155,093,000원입니다."")","('value', '155,093,000원')",155093000
161540,영업활동으로인한현금흐름|영업활동관련자산부채변동,"('reason', ""영업활동 관련 자산 부채 변동은 현금흐름표에서 '영업활동으로 인한 자산 부채의 변동' 항목의 값을 사용합니다. 단위는 '원'으로 명시되어 있으며, 값은 -262,808,532,371원입니다."")","('value', '-262,808,532,371원')",-262808532371
161541,영업활동으로인한현금흐름|영업활동관련자산부채변동|매출채권의감소(증가),"('reason', ""매출채권의 감소(증가)는 현금흐름표에서 '영업활동으로 인한 자산 부채의 변동' 중 '매출채권' 항목의 값을 사용합니다. 단위는 '원'으로 명시되어 있으며, 값은 -231,700,471,000원입니다."")","('value', '-231,700,471,000원')",-231700471000
161543,영업활동으로인한현금흐름|영업활동관련자산부채변동|선급금의감소(증가),"('reason', ""선급금의 감소(증가)는 현금흐름표에서 '영업활동으로 인한 자산 부채의 변동' 중 '선급금' 항목의 값을 사용합니다. 단위는 '원'으로 명시되어 있으며, 값은 -200,633,000원입니다."")","('value', '-200,633,000원')",-200633000
161568,영업활동으로인한현금흐름|영업활동관련자산부채변동|당기법인세자산의감소(증가),"('reason', ""당기법인세자산의 감소(증가)는 현금흐름표에서 '영업활동으로 인한 자산 부채의 변동' 중 '법인세비용' 항목의 값을 사용합니다. 단위는 '원'으로 명시되어 있으며, 값은 428,276,446,255원입니다."")","('value', '428,276,446,255원')",428276446255
161544,영업활동으로인한현금흐름|영업활동관련자산부채변동|선급비용의감소(증가),"('reason', ""선급비용의 감소(증가)는 현금흐름표에서 '영업활동으로 인한 자산 부채의 변동' 중 '선급비용' 항목의 값을 사용합니다. 단위는 '원'으로 명시되어 있으며, 값은 -29,769,001,000원입니다."")","('value', '-29,769,001,000원')",-29769001000
161685,영업활동으로인한현금흐름|영업활동관련자산부채변동|장기선급비용의감소(증가),"('reason', ""장기선급비용의 감소(증가)는 현금흐름표에서 '영업활동으로 인한 자산 부채의 변동' 중 '장기선급비용' 항목의 값을 사용합니다. 단위는 '원'으로 명시되어 있으며, 값은 -66,312,982,000원입니다."")","('value', '-66,312,982,000원')",-66312982000
161545,영업활동으로인한현금흐름|영업활동관련자산부채변동|미수금의감소(증가),"('reason', ""미수금의 감소(증가)는 현금흐름표에서 '영업활동으로 인한 자산 부채의 변동' 중 '미수금' 항목의 값을 사용합니다. 단위는 '원'으로 명시되어 있으며, 값은 9,996,103,000원입니다."")","('value', '9,996,103,000원')",9996103000
161686,영업활동으로인한현금흐름|영업활동관련자산부채변동|미수수익의감소(증가),"('reason', ""미수수익의 감소(증가)는 현금흐름표에서 '영업활동으로 인한 자산 부채의 변동' 중 '미수수익' 항목의 값을 사용합니다. 단위는 '원'으로 명시되어 있으며, 값은 0원입니다."")","('value', '0원')",0
161687,영업활동으로인한현금흐름|영업활동관련자산부채변동|부가세대급금의감소(증가),"('reason', ""부가세대급금의 감소(증가)는 현금흐름표에서 '영업활동으로 인한 자산 부채의 변동' 중 '부가세대급금' 항목의 값을 사용합니다. 단위는 '원'으로 명시되어 있으며, 값은 0원입니다."")","('value', '0원')",0
161546,영업활동으로인한현금흐름|영업활동관련자산부채변동|이연법인세자산감소(증가),"('reason', ""이연법인세자산 감소(증가)는 현금흐름표에서 '영업활동으로 인한 자산 부채의 변동' 중 '이연법인세자산' 항목의 값을 사용합니다. 단위는 '원'으로 명시되어 있으며, 값은 0원입니다."")","('value', '0원')",0
161551,영업활동으로인한현금흐름|영업활동관련자산부채변동|기타투자및비유동자산감소(증가),"('reason', ""기타투자 및 비유동자산 감소(증가)는 현금흐름표에서 '영업활동으로 인한 자산 부채의 변동' 중 '기타투자 및 비유동자산' 항목의 값을 사용합니다. 단위는 '원'으로 명시되어 있으며, 값은 23,494,000원입니다."")","('value', '23,494,000원')",23494000
161572,영업활동으로인한현금흐름|영업활동관련자산부채변동|선수금의증가(감소),"('reason', ""선수금의 증가(감소)는 현금흐름표에서 '영업활동으로 인한 자산 부채의 변동' 중 '선수금' 항목의 값을 사용합니다. 단위는 '원'으로 명시되어 있으며, 값은 -1,233,612,000원입니다."")","('value', '-1,233,612,000원')",-1233612000
161573,영업활동으로인한현금흐름|영업활동관련자산부채변동|예수금의증가(감소),"('reason', ""예수금의 증가(감소)는 현금흐름표에서 '영업활동으로 인한 자산 부채의 변동' 중 '예수금' 항목의 값을 사용합니다. 단위는 '원'으로 명시되어 있으며, 값은 13,864,714,000원입니다."")","('value', '13,864,714,000원')",13864714000
161574,영업활동으로인한현금흐름|영업활동관련자산부채변동|미지급비용의증가(감소),"('reason', ""미지급비용의 증가(감소)는 현금흐름표에서 '영업활동으로 인한 자산 부채의 변동' 중 '미지급비용' 항목의 값을 사용합니다. 단위는 '원'으로 명시되어 있으며, 값은 -3,378,966,000원입니다."")","('value', '-3,378,966,000원')",-3378966000
161575,영업활동으로인한현금흐름|영업활동관련자산부채변동|미지급금의증가(감소),"('reason', ""미지급금의 증가(감소)는 현금흐름표에서 '영업활동으로 인한 자산 부채의 변동' 중 '미지급금' 항목의 값을 사용합니다. 단위는 '원'으로 명시되어 있으며, 값은 2,399,075,000원입니다."")","('value', '2,399,075,000원')",2399075000
161579,영업활동으로인한현금흐름|영업활동관련자산부채변동|기타유동부채증가(감소),"('reason', ""기타유동부채 증가(감소)는 현금흐름표에서 '영업활동으로 인한 자산 부채의 변동' 중 '기타유동부채' 항목의 값을 사용합니다. 단위는 '원'으로 명시되어 있으며, 값은 42,238,877,000원입니다."")","('value', '42,238,877,000원')",42238877000
161566,영업활동으로인한현금흐름|영업활동관련자산부채변동|퇴직급여채무의 증가(감소),"('reason', ""퇴직급여채무의 증가(감소)는 현금흐름표에서 '영업활동으로 인한 자산 부채의 변동' 중 '퇴직급여채무' 항목의 값을 사용합니다. 단위는 '원'으로 명시되어 있으며, 값은 0원입니다."")","('value', '0원')",0
161582,영업활동으로인한현금흐름|영업활동관련자산부채변동|퇴직금의지급,"('reason', ""퇴직금의 지급은 현금흐름표에서 '영업활동으로 인한 자산 부채의 변동' 중 '퇴직금의 지급' 항목의 값을 사용합니다. 단위는 '원'으로 명시되어 있으며, 값은 -369,914,000원입니다."")","('value', '-369,914,000원')",-369914000
161591,영업활동으로인한현금흐름|영업활동관련자산부채변동|부채성충당부채의증가(감소),"('reason', ""부채성충당부채의 증가(감소)는 현금흐름표에서 '영업활동으로 인한 자산 부채의 변동' 중 '기타충당부채' 항목의 값을 사용합니다. 단위는 '원'으로 명시되어 있으며, 값은 0원입니다."")","('value', '0원')",0
161589,영업활동으로인한현금흐름|영업활동관련자산부채변동|비유동부채의증가(감소),"('reason', ""비유동부채의 증가(감소)는 현금흐름표에서 '영업활동으로 인한 자산 부채의 변동' 중 '장기미지급비용' 항목의 값을 사용합니다. 단위는 '원'으로 명시되어 있으며, 값은 1,634,784,000원입니다."")","('value', '1,634,784,000원')",1634784000
161710,영업활동으로인한현금흐름|금융비용유출액,"('reason', ""금융비용 유출액은 현금흐름표에서 '이자 지급' 항목의 값을 사용합니다. 단위는 '원'으로 명시되어 있으며, 값은 5,952,695,244원입니다."")","('value', '5,952,695,244원')",5952695244
161711,영업활동으로인한현금흐름|이자수익유입액,"('reason', ""이자수익 유입액은 현금흐름표에서 '이자 수취' 항목의 값을 사용합니다. 단위는 '원'으로 명시되어 있으며, 값은 18,318,895,468원입니다."")","('value', '18,318,895,468원')",18318895468
161713,영업활동으로인한현금흐름|배당금수익유입액,"('reason', ""배당금수익 유입액은 현금흐름표에서 '배당금 수취' 항목의 값을 사용합니다. 단위는 '원'으로 명시되어 있으며, 값은 140,549,941원입니다."")","('value', '140,549,941원')",140549941
161714,영업활동으로인한현금흐름|법인세의납부(환급),"('reason', ""법인세의 납부(환급)는 현금흐름표에서 '법인세 납부' 항목의 값을 사용합니다. 단위는 '원'으로 명시되어 있으며, 값은 -268,071,332,048원입니다."")","('value', '-268,071,332,048원')",-268071332048
162000,투자활동으로인한현금흐름,"('reason', ""투자활동으로 인한 현금흐름은 재무제표의 현금흐름표에서 '투자활동으로 인한 현금흐름' 항목의 값을 사용합니다. 단위는 '원'으로 명시되어 있으며, 값은 -752,964,520,146원입니다."")","('value', '-752,964,520,146원')",-752964520146
162100,투자활동으로인한현금흐름|투자활동으로인한현금유입,"('reason', ""투자활동으로 인한 현금유입은 현금흐름표에서 '투자활동으로 인한 현금유입액' 항목의 값을 사용합니다. 단위는 '원'으로 명시되어 있으며, 값은 18,543,999,183,895원입니다."")","('value', '18,543,999,183,895원')",18543999183895
162110,투자활동으로인한현금흐름|투자활동으로인한현금유입|유동자산의감소,보간값 (정방향(162112 + 162116)),8047400402,8047400402
162111,투자활동으로인한현금흐름|투자활동으로인한현금유입|유동자산의감소|단기투자증권의처분,"('reason', ""단기투자증권의 처분은 현금흐름표에서 '투자활동으로 인한 현금유입액' 중 '단기대여금의 회수' 항목의 값을 사용합니다. 단위는 '원'으로 명시되어 있으며, 값은 8,047,400,402원입니다."")","('value', '8,047,400,402원')",8047400402
162112,투자활동으로인한현금흐름|투자활동으로인한현금유입|유동자산의감소|단기대여금의회수,"('reason', ""단기대여금의 회수는 현금흐름표에서 '투자활동으로 인한 현금유입액' 중 '단기대여금의 회수' 항목의 값을 사용합니다. 단위는 '원'으로 명시되어 있으며, 값은 8,047,400,402원입니다."")","('value', '8,047,400,402원')",8047400402
162116,투자활동으로인한현금흐름|투자활동으로인한현금유입|유동자산의감소|단기금융상품의회수,"('reason', ""단기금융상품의 회수는 현금흐름표에서 '투자활동으로 인한 현금유입액' 중 '단기금융상품의 감소' 항목의 값을 사용합니다. 단위는 '원'으로 명시되어 있으며, 값은 0원입니다."")","('value', '0원')",0
162120,투자활동으로인한현금흐름|투자활동으로인한현금유입|투자자산등의감소,보간값 (역방향(162100 - [162110 + 162150])),18535793981990,18518336217967
162133,투자활동으로인한현금흐름|투자활동으로인한현금유입|투자자산등의감소|장기금융상품의감소,"('reason', ""장기금융상품의 감소는 현금흐름표에서 '투자활동으로 인한 현금유입액' 중 '장기대여금의 회수' 항목의 값을 사용합니다. 단위는 '원'으로 명시되어 있으며, 값은 300,000,000원입니다."")","('value', '300,000,000원')",300000000
162171,투자활동으로인한현금흐름|투자활동으로인한현금유입|투자자산등의감소|당기손익인식금융자산의 처분,"('reason', ""당기손익인식금융자산의 처분은 현금흐름표에서 '투자활동으로 인한 현금유입액' 중 '당기손익-공정가치측정금융자산의 처분' 항목의 값을 사용합니다. 단위는 '원'으로 명시되어 있으며, 값은 18,518,336,217,967원입니다."")","('value', '18,518,336,217,967원')",18518336217967
162191,투자활동으로인한현금흐름|투자활동으로인한현금유입|투자자산등의감소|종속회사투자관련현금유입액,"('reason', ""종속회사투자관련현금유입액은 현금흐름표에서 '투자활동으로 인한 현금유입액' 중 '관계기업투자의 처분' 항목의 값을 사용합니다. 단위는 '원'으로 명시되어 있으며, 값은 786,762,169원입니다."")","('value', '786,762,169원')",786762169
162192,투자활동으로인한현금흐름|투자활동으로인한현금유입|투자자산등의감소|종속회사투자관련현금유입액|종속회사투자의처분,"('reason', ""종속회사투자의 처분은 현금흐름표에서 '투자활동으로 인한 현금유입액' 중 '관계기업투자의 처분' 항목의 값을 사용합니다. 단위는 '원'으로 명시되어 있으며, 값은 786,762,169원입니다."")","('value', '786,762,169원')",786762169
162196,투자활동으로인한현금흐름|투자활동으로인한현금유입|투자자산등의감소|관계회사투자관련현금유입액,"('reason', ""관계회사투자관련현금유입액은 현금흐름표에서 '투자활동으로 인한 현금유입액' 중 '관계기업투자의 처분' 항목의 값을 사용합니다. 단위는 '원'으로 명시되어 있으며, 값은 786,762,169원입니다."")","('value', '786,762,169원')",786762169
162197,투자활동으로인한현금흐름|투자활동으로인한현금유입|투자자산등의감소|관계회사투자관련현금유입액|관계회사투자의처분,"('reason', ""관계회사투자의 처분은 현금흐름표에서 '투자활동으로 인한 현금유입액' 중 '관계기업투자의 처분' 항목의 값을 사용합니다. 단위는 '원'으로 명시되어 있으며, 값은 786,762,169원입니다."")","('value', '786,762,169원')",786762169
162126,투자활동으로인한현금흐름|투자활동으로인한현금유입|투자자산등의감소|장기대여금의회수,"('reason', ""장기대여금의 회수는 현금흐름표에서 '투자활동으로 인한 현금유입액' 중 '장기대여금의 회수' 항목의 값을 사용합니다. 단위는 '원'으로 명시되어 있으며, 값은 300,000,000원입니다."")","('value', '300,000,000원')",300000000
162131,투자활동으로인한현금흐름|투자활동으로인한현금유입|투자자산등의감소|보증금의감소,"('reason', ""보증금의 감소는 현금흐름표에서 '투자활동으로 인한 현금유입액' 중 '보증금의 감소' 항목의 값을 사용합니다. 단위는 '원'으로 명시되어 있으며, 값은 3,509,142,954원입니다."")","('value', '3,509,142,954원')",3509142954
162136,투자활동으로인한현금흐름|투자활동으로인한현금유입|투자자산등의감소|기타비유동자산의감소,보간값 (역방향(162120 - [162171 + 162196 + 162126 + 162131])),12861858900,11820965841
162150,"투자활동으로인한현금흐름|투자활동으로인한현금유입|유,무형,리스자산의감소","('reason', ""유,무형,리스자산의 감소는 현금흐름표에서 '투자활동으로 인한 현금유입액' 중 '유형자산의 처분' 항목의 값을 사용합니다. 단위는 '원'으로 명시되어 있으며, 값은 157,801,503원입니다."")","('value', '157,801,503원')",157801503
162154,"투자활동으로인한현금흐름|투자활동으로인한현금유입|유,무형,리스자산의감소|공구,기구,비품처분","('reason', ""공구, 기구, 비품처분은 현금흐름표에서 '투자활동으로 인한 현금유입액' 중 '유형자산의 처분' 항목의 값을 사용합니다. 단위는 '원'으로 명시되어 있으며, 값은 157,801,503원입니다."")","('value', '157,801,503원')",157801503
162157,"투자활동으로인한현금흐름|투자활동으로인한현금유입|유,무형,리스자산의감소|무형자산감소","('reason', ""무형자산감소는 현금흐름표에서 '투자활동으로 인한 현금유입액' 중 '무형자산의 처분' 항목의 값을 사용합니다. 단위는 '원'으로 명시되어 있으며, 값은 41,893,059원입니다."")","('value', '41,893,059원')",41893059
162163,"투자활동으로인한현금흐름|투자활동으로인한현금유입|유,무형,리스자산의감소|무형자산감소|기타무형자산감소","('reason', ""기타무형자산감소는 현금흐름표에서 '투자활동으로 인한 현금유입액' 중 '무형자산의 처분' 항목의 값을 사용합니다. 단위는 '원'으로 명시되어 있으며, 값은 41,893,059원입니다."")","('value', '41,893,059원')",41893059
162169,"투자활동으로인한현금흐름|투자활동으로인한현금유입|유,무형,리스자산의감소|기타유형,리스자산처분","('reason', ""기타유형, 리스자산처분은 현금흐름표에서 '투자활동으로 인한 현금유입액' 중 '유형자산의 처분' 항목의 값을 사용합니다. 단위는 '원'으로 명시되어 있으며, 값은 157,801,503원입니다."")","('value', '157,801,503원')",157801503
162213,투자활동으로인한현금흐름|투자활동으로인한현금유입|파생상품의처분,"('reason', ""파생상품의 처분은 현금흐름표에서 '투자활동으로 인한 현금유입액' 중 '파생상품의 처분' 항목의 값을 사용합니다. 단위는 '원'으로 명시되어 있으며, 값은 0원입니다."")","('value', '0원')",0
161688,투자활동으로인한현금흐름|투자활동으로인한현금유입|정부보조금의증가,"('reason', ""정부보조금의 증가는 현금흐름표에서 '투자활동으로 인한 현금유입액' 중 '정부보조금의 증가' 항목의 값을 사용합니다. 단위는 '원'으로 명시되어 있으며, 값은 0원입니다."")","('value', '0원')",0
162220,투자활동으로인한현금흐름|투자활동으로인한현금유입|합병(영업양수도)현금유입,"('reason', ""합병(영업양수도) 현금유입은 현금흐름표에서 '투자활동으로 인한 현금유입액' 중 '사업양수도로 인한 현금유입' 항목의 값을 사용합니다. 단위는 '원'으로 명시되어 있으며, 값은 999,000,000원입니다."")","('value', '999,000,000원')",999000000
162500,투자활동으로인한현금흐름|투자활동으로인한현금유출,"('reason', ""투자활동으로 인한 현금유출은 현금흐름표에서 '투자활동으로 인한 현금유출액' 항목의 값을 사용합니다. 단위는 '원'으로 명시되어 있으며, 값은 19,296,963,704,041원입니다."")","('value', '19,296,963,704,041원')",19296963704041
162510,투자활동으로인한현금흐름|투자활동으로인한현금유출|유동자산의증가,"('reason', ""유동자산의 증가는 현금흐름표에서 '투자활동으로 인한 현금유출액' 중 '단기대여금의 증가' 항목의 값을 사용합니다. 단위는 '원'으로 명시되어 있으며, 값은 8,992,130,100원입니다."")","('value', '8,992,130,100원')",8992130100
162512,투자활동으로인한현금흐름|투자활동으로인한현금유출|유동자산의증가|단기대여금의증가,"('reason', ""단기대여금의 증가는 현금흐름표에서 '투자활동으로 인한 현금유출액' 중 '단기대여금의 증가' 항목의 값을 사용합니다. 단위는 '원'으로 명시되어 있으며, 값은 8,992,130,100원입니다."")","('value', '8,992,130,100원')",8992130100
162516,투자활동으로인한현금흐름|투자활동으로인한현금유출|유동자산의증가|단기금융상품의증가,"('reason', ""단기금융상품의 증가는 현금흐름표에서 '투자활동으로 인한 현금유출액' 중 '단기금융상품의 증가' 항목의 값을 사용합니다. 단위는 '원'으로 명시되어 있으며, 값은 0원입니다."")","('value', '0원')",0
162519,투자활동으로인한현금흐름|투자활동으로인한현금유출|유동자산의증가|기타유동자산증가,"('reason', ""기타유동자산 증가는 현금흐름표에서 '투자활동으로 인한 현금유출액' 중 '장기선급금의 증가' 항목의 값을 사용합니다. 단위는 '원'으로 명시되어 있으며, 값은 80,996,600,233원입니다."")","('value', '80,996,600,233원')",80996600233
162520,투자활동으로인한현금흐름|투자활동으로인한현금유출|투자자산등의증가,"('reason', ""투자자산 등의 증가는 현금흐름표에서 '투자활동으로 인한 현금유출액' 중 '당기손익-공정가치측정금융자산의 취득' 항목의 값을 사용합니다. 단위는 '원'으로 명시되어 있으며, 값은 18,933,877,795,933원입니다."")","('value', '18,933,877,795,933원')",18933877795933
162532,투자활동으로인한현금흐름|투자활동으로인한현금유출|투자자산등의증가|장기금융상품의증가,"('reason', ""장기금융상품의 증가는 현금흐름표에서 '투자활동으로 인한 현금유출액' 중 '장기대여금의 증가' 항목의 값을 사용합니다. 단위는 '원'으로 명시되어 있으며, 값은 700,000,000원입니다."")","('value', '700,000,000원')",700000000
162522,투자활동으로인한현금흐름|투자활동으로인한현금유출|투자자산등의증가|장기투자증권취득,"('reason', ""투자활동으로 인한 현금유출 중 장기투자증권 취득은 '장기대여금의 증가' 항목에서 700,000,000원이 명시되어 있습니다. 이는 장기투자증권 취득으로 간주할 수 있습니다."")","('value', '700,000,000원')",700000000
162523,투자활동으로인한현금흐름|투자활동으로인한현금유출|투자자산등의증가|지분법주식취득,"('reason', ""투자활동으로 인한 현금유출 중 지분법주식 취득은 '관계기업 및 공동기업투자의 취득' 항목에서 208,095,154,253원이 명시되어 있습니다. 이는 지분법주식 취득으로 간주할 수 있습니다."")","('value', '208,095,154,253원')",208095154253
162564,투자활동으로인한현금흐름|투자활동으로인한현금유출|투자자산등의증가|당기손익인식금융자산의 취득,"('reason', ""투자활동으로 인한 현금유출 중 당기손익인식금융자산의 취득은 '당기손익-공정가치측정금융자산의 취득' 항목에서 18,933,877,795,933원이 명시되어 있습니다."")","('value', '18,933,877,795,933원')",18933877795933
162565,투자활동으로인한현금흐름|투자활동으로인한현금유출|투자자산등의증가|매도가능금융자산의 취득,"('reason', ""투자활동으로 인한 현금유출 중 매도가능금융자산의 취득은 '기타포괄손익-공정가치측정금융자산의 취득' 항목에서 6,471,081,812원이 명시되어 있습니다."")","('value', '6,471,081,812원')",6471081812
162540,투자활동으로인한현금흐름|투자활동으로인한현금유출|투자자산등의증가|종속회사투자관련현금유출액,"('reason', ""투자활동으로 인한 현금유출 중 종속회사투자 관련 현금유출액은 '종속기업투자의 취득' 항목에서 30,146,509,176원이 명시되어 있습니다."")","('value', '30,146,509,176원')",30146509176
162541,투자활동으로인한현금흐름|투자활동으로인한현금유출|투자자산등의증가|종속회사투자관련현금유출액|종속회사투자의취득,"('reason', ""투자활동으로 인한 현금유출 중 종속회사투자의 취득은 '종속기업투자의 취득' 항목에서 30,146,509,176원이 명시되어 있습니다."")","('value', '30,146,509,176원')",30146509176
162545,투자활동으로인한현금흐름|투자활동으로인한현금유출|투자자산등의증가|관계회사투자관련현금유출액,"('reason', ""투자활동으로 인한 현금유출 중 관계회사투자 관련 현금유출액은 '관계기업 및 공동기업투자의 취득' 항목에서 208,095,154,253원이 명시되어 있습니다."")","('value', '208,095,154,253원')",208095154253
162546,투자활동으로인한현금흐름|투자활동으로인한현금유출|투자자산등의증가|관계회사투자관련현금유출액|관계회사투자의취득,"('reason', ""투자활동으로 인한 현금유출 중 관계회사투자의 취득은 '관계기업 및 공동기업투자의 취득' 항목에서 208,095,154,253원이 명시되어 있습니다."")","('value', '208,095,154,253원')",208095154253
162525,투자활동으로인한현금흐름|투자활동으로인한현금유출|투자자산등의증가|투자부동산증가,"('reason', ""투자활동으로 인한 현금유출 중 투자부동산의 증가는 '투자부동산의 취득' 항목에서 11,403,874,530원이 명시되어 있습니다."")","('value', '11,403,874,530원')",11403874530
162526,투자활동으로인한현금흐름|투자활동으로인한현금유출|투자자산등의증가|장기대여금증가,"('reason', ""투자활동으로 인한 현금유출 중 장기대여금의 증가는 '장기대여금의 증가' 항목에서 700,000,000원이 명시되어 있습니다."")","('value', '700,000,000원')",700000000
162530,투자활동으로인한현금흐름|투자활동으로인한현금유출|투자자산등의증가|보증금의증가,"('reason', ""투자활동으로 인한 현금유출 중 보증금의 증가는 '보증금의 증가' 항목에서 2,386,016,250원이 명시되어 있습니다."")","('value', '2,386,016,250원')",2386016250
162535,투자활동으로인한현금흐름|투자활동으로인한현금유출|투자자산등의증가|기타비유동자산의증가,"('reason', ""투자활동으로 인한 현금유출 중 기타비유동자산의 증가는 '장기선급금의 증가' 항목에서 80,996,600,233원이 명시되어 있습니다."")","('value', '80,996,600,233원')",80996600233
162550,"투자활동으로인한현금흐름|투자활동으로인한현금유출|유,무형,리스자산의증가","('reason', ""투자활동으로 인한 현금유출 중 유,무형,리스자산의 증가는 '유형자산의 취득' 항목에서 7,718,021,967원과 '무형자산의 취득' 항목에서 6,176,519,787원이 명시되어 있습니다. 이를 합산하여 13,894,541,754원입니다."")","('value', '13,894,541,754원')",13894541754
162552,"투자활동으로인한현금흐름|투자활동으로인한현금유출|유,무형,리스자산의증가|건물구축물시설장치의취득","('reason', ""투자활동으로 인한 현금유출 중 건물구축물시설장치의 취득은 '유형자산의 취득' 항목에서 7,718,021,967원이 명시되어 있습니다."")","('value', '7,718,021,967원')",7718021967
162554,"투자활동으로인한현금흐름|투자활동으로인한현금유출|유,무형,리스자산의증가|공구,기구,비품취득","('reason', ""투자활동으로 인한 현금유출 중 공구, 기구, 비품의 취득은 '유형자산의 취득' 항목에서 7,718,021,967원이 명시되어 있습니다."")","('value', '7,718,021,967원')",7718021967
162556,"투자활동으로인한현금흐름|투자활동으로인한현금유출|유,무형,리스자산의증가|건설중인자산의증가","('reason', ""투자활동으로 인한 현금유출 중 건설중인자산의 증가는 '장기선급금의 증가' 항목에서 80,996,600,233원이 명시되어 있습니다."")","('value', '80,996,600,233원')",80996600233
162557,"투자활동으로인한현금흐름|투자활동으로인한현금유출|유,무형,리스자산의증가|무형자산증가","('reason', ""투자활동으로 인한 현금유출 중 무형자산의 증가는 '무형자산의 취득' 항목에서 6,176,519,787원이 명시되어 있습니다."")","('value', '6,176,519,787원')",6176519787
162563,"투자활동으로인한현금흐름|투자활동으로인한현금유출|유,무형,리스자산의증가|무형자산증가|기타무형자산증가","('reason', ""투자활동으로 인한 현금유출 중 기타무형자산의 증가는 '무형자산의 취득' 항목에서 6,176,519,787원이 명시되어 있습니다."")","('value', '6,176,519,787원')",6176519787
162569,"투자활동으로인한현금흐름|투자활동으로인한현금유출|유,무형,리스자산의증가|기타유형,리스자산증가","('reason', ""투자활동으로 인한 현금유출 중 기타유형, 리스자산의 증가는 '유형자산의 취득' 항목에서 7,718,021,967원이 명시되어 있습니다."")","('value', '7,718,021,967원')",7718021967
162613,투자활동으로인한현금흐름|투자활동으로인한현금유출|파생상품의취득,"('reason', ""투자활동으로 인한 현금유출 중 파생상품의 취득은 '파생상품부채' 항목에서 7,242,659,262원이 명시되어 있습니다."")","('value', '7,242,659,262원')",7242659262
162611,투자활동으로인한현금흐름|투자활동으로인한현금유출|정부보조금의감소,"('reason', ""투자활동으로 인한 현금유출 중 정부보조금의 감소는 '정부보조금의 교부 목적과 관련된 비용에서 차감하여 표시됩니다'라는 설명이 있으며, 구체적인 금액은 명시되어 있지 않습니다."")","('value', '알 수 없음')",
162620,투자활동으로인한현금흐름|투자활동으로인한현금유출|합병(영업양수도)현금유출,"('reason', ""투자활동으로 인한 현금유출 중 합병(영업양수도) 현금유출은 '사업양수도로 인한 현금흐름' 항목에서 999,000,000원이 명시되어 있습니다."")","('value', '999,000,000원')",999000000
163000,재무활동으로인한현금흐름,"('reason', ""재무활동으로 인한 현금흐름은 '현금흐름표'에서 (244,496,001,039)원으로 명시되어 있습니다."")","('value', '-244,496,001,039원')",-244496001039
163100,재무활동으로인한현금흐름|재무활동으로인한현금유입,"('reason', ""재무활동으로 인한 현금유입은 '재무활동으로 인한 현금유입액' 항목에서 4,335,131,200원이 명시되어 있습니다."")","('value', '4,335,131,200원')",4335131200
163120,재무활동으로인한현금흐름|재무활동으로인한현금유입|유동부채의증가,"('reason', ""재무활동으로 인한 현금유입 중 유동부채의 증가는 '임대보증금의 증가' 항목에서 233,681,200원이 명시되어 있습니다."")","('value', '233,681,200원')",233681200
163122,재무활동으로인한현금흐름|재무활동으로인한현금유입|유동부채의증가|단기차입금의증가,"('reason', ""재무활동으로 인한 현금유입 중 단기차입금의 증가는 '임대보증금의 증가' 항목에서 233,681,200원이 명시되어 있습니다."")","('value', '233,681,200원')",233681200
163140,재무활동으로인한현금흐름|재무활동으로인한현금유입|비유동부채의증가,"('reason', '재무활동으로 인한 현금유입 중 비유동부채의 증가는 명시되어 있지 않습니다.')","('value', '알 수 없음')",
163141,재무활동으로인한현금흐름|재무활동으로인한현금유입|비유동부채의증가|사채의발행,"('reason', '재무활동으로 인한 현금유입 중 사채의 발행은 명시되어 있지 않습니다.')","('value', '알 수 없음')",
163142,재무활동으로인한현금흐름|재무활동으로인한현금유입|비유동부채의증가|전환사채의발행,"('reason', '재무활동으로 인한 현금유입 중 전환사채의 발행은 명시되어 있지 않습니다.')","('value', '알 수 없음')",
163145,재무활동으로인한현금흐름|재무활동으로인한현금유입|비유동부채의증가|장기차입금증가,"('reason', '재무활동으로 인한 현금유입 중 장기차입금의 증가는 명시되어 있지 않습니다.')","('value', '알 수 없음')",
163148,재무활동으로인한현금흐름|재무활동으로인한현금유입|비유동부채의증가|보증금의증가,"('reason', ""재무활동으로 인한 현금유입 중 보증금의 증가는 '임대보증금의 증가' 항목에서 233,681,200원이 명시되어 있습니다."")","('value', '233,681,200원')",233681200
163170,재무활동으로인한현금흐름|재무활동으로인한현금유입|자본의증가,"('reason', ""재무활동으로 인한 현금유입 중 자본의 증가는 '주식선택권의 행사' 항목에서 4,101,450,000원이 명시되어 있습니다."")","('value', '4,101,450,000원')",4101450000
163171,재무활동으로인한현금흐름|재무활동으로인한현금유입|자본의증가|유상증자(주식발행초과금),"('reason', ""재무활동으로 인한 현금유입 중 유상증자(주식발행초과금)는 '주식선택권의 행사' 항목에서 4,101,450,000원이 명시되어 있습니다."")","('value', '4,101,450,000원')",4101450000
163500,재무활동으로인한현금흐름|재무활동으로인한현금유출,"('reason', ""재무활동으로 인한 현금유출은 '재무활동으로 인한 현금유출액' 항목에서 248,831,132,239원이 명시되어 있습니다."")","('value', '248,831,132,239원')",248831132239
163520,재무활동으로인한현금흐름|재무활동으로인한현금유출|유동부채의감소,"('reason', ""재무활동으로 인한 현금유출 중 유동부채의 감소는 '리스부채의 상환' 항목에서 49,531,377,349원이 명시되어 있습니다."")","('value', '49,531,377,349원')",49531377349
163522,재무활동으로인한현금흐름|재무활동으로인한현금유출|유동부채의감소|단기차입금의상환,"('reason', ""재무활동으로 인한 현금유출 중 단기차입금의 상환은 '리스부채의 상환' 항목에서 49,531,377,349원이 명시되어 있습니다."")","('value', '49,531,377,349원')",49531377349
163525,재무활동으로인한현금흐름|재무활동으로인한현금유출|유동부채의감소|유동성장기차입금상환,"('reason', ""재무활동으로 인한 현금유출 중 유동성장기차입금의 상환은 '리스부채의 상환' 항목에서 49,531,377,349원이 명시되어 있습니다."")","('value', '49,531,377,349원')",49531377349
163540,재무활동으로인한현금흐름|재무활동으로인한현금유출|비유동부채의감소,"('reason', ""재무활동으로 인한 현금유출 중 비유동부채의 감소는 '임대보증금의 감소' 항목에서 명시되어 있지 않습니다."")","('value', '알 수 없음')",
163542,재무활동으로인한현금흐름|재무활동으로인한현금유출|비유동부채의감소|전환사채의상환,"('reason', '재무활동으로 인한 현금유출 중 전환사채의 상환은 명시되어 있지 않습니다.')","('value', '알 수 없음')",
163544,재무활동으로인한현금흐름|재무활동으로인한현금유출|비유동부채의감소|장기차입금상환,"('reason', '재무활동으로 인한 현금유출 중 장기차입금의 상환은 명시되어 있지 않습니다.')","('value', '알 수 없음')",
163546,재무활동으로인한현금흐름|재무활동으로인한현금유출|비유동부채의감소|장기미지급금지급,"('reason', ""재무활동으로 인한 현금유출 중 장기미지급금의 지급은 '임대보증금의 감소' 항목에서 명시되어 있지 않습니다."")","('value', '알 수 없음')",
163547,재무활동으로인한현금흐름|재무활동으로인한현금유출|비유동부채의감소|보증금의감소,"('reason', ""재무활동으로 인한 현금유출 중 보증금의 감소는 '임대보증금의 감소' 항목에서 명시되어 있지 않습니다."")","('value', '알 수 없음')",
163570,재무활동으로인한현금흐름|재무활동으로인한현금유출|자본의감소,"('reason', ""재무활동으로 인한 현금유출 중 자본의 감소는 '자기주식의 취득' 항목에서 199,299,754,890원이 명시되어 있습니다."")","('value', '199,299,754,890원')",199299754890
163572,재무활동으로인한현금흐름|재무활동으로인한현금유출|자본의감소|자본잉여금감소,"('reason', ""재무활동으로 인한 현금유출 중 자본잉여금의 감소는 '자기주식의 취득' 항목에서 199,299,754,890원이 명시되어 있습니다."")","('value', '199,299,754,890원')",199299754890
163575,재무활동으로인한현금흐름|재무활동으로인한현금유출|자본의감소|자기주식취득,"('reason', ""재무활동으로 인한 현금유출 중 자기주식의 취득은 '자기주식의 취득' 항목에서 199,299,754,890원이 명시되어 있습니다."")","('value', '199,299,754,890원')",199299754890
164000,현금및현금성자산의증가(감소),"('reason', ""현금및현금성자산의 증가는 '현금흐름표'에서 (120,179,076,523)원으로 명시되어 있습니다."")","('value', '-120,179,076,523원')",-120179076523
164030,환율변동으로인한차이조정,"('reason', ""환율변동으로 인한 차이조정은 '현금흐름표'에서 25,608,099,953원이 명시되어 있습니다."")","('value', '25,608,099,953원')",25608099953
165000,기초의현금및현금성자산,"('reason', ""기초의 현금및현금성자산은 '현금흐름표'에서 511,490,896,238원이 명시되어 있습니다."")","('value', '511,490,896,238원')",511490896238
166000,기말의현금및현금성자산,"('reason', ""기말의 현금및현금성자산은 '현금흐름표'에서 416,919,919,668원이 명시되어 있습니다."")","('value', '416,919,919,668원')",416919919668
167000,현금유입과유출없는거래,"('reason', ""현금유입과 유출없는 거래는 '현금흐름표'에서 명시되어 있지 않습니다."")","('value', '알 수 없음')",
167002,"현금유입과유출없는거래|유,무형자산의유동자산대체","('reason', '현금유입과 유출없는 거래 중 유,무형자산의 유동자산 대체는 명시되어 있지 않습니다.')","('value', '알 수 없음')",
167004,현금유입과유출없는거래|투자자산간대체,"('reason', '현금유입과 유출없는 거래 중 투자자산 간 대체는 명시되어 있지 않습니다.')","('value', '알 수 없음')",
167005,"현금유입과유출없는거래|유,무형자산의투자자산대체","('reason', '현금유입과 유출없는 거래 중 유,무형자산의 투자자산 대체는 명시되어 있지 않습니다.')","('value', '알 수 없음')",
167006,"현금유입과유출없는거래|유,무형자산간대체","('reason', '현금유입과 유출없는 거래 중 유,무형자산 간 대체는 명시되어 있지 않습니다.')","('value', '알 수 없음')",
167008,"현금유입과유출없는거래|금융리스에 의한 유,무형자산구입","('reason', '현금유입과 유출없는 거래 중 금융리스에 의한 유,무형자산 구입은 명시되어 있지 않습니다.')","('value', '알 수 없음')",
167009,현금유입과유출없는거래|사채의유동성대체,"('reason', '현금유입과 유출없는 거래 중 사채의 유동성 대체는 명시되어 있지 않습니다.')","('value', '알 수 없음')",
167010,현금유입과유출없는거래|장기차입금유동성대체,"('reason', '현금유입과 유출없는 거래 중 장기차입금의 유동성 대체는 명시되어 있지 않습니다.')","('value', '알 수 없음')",
167012,"현금유입과유출없는거래|장기미지급금,선수금유동성대체","('reason', '현금유입과 유출없는 거래 중 장기미지급금, 선수금의 유동성 대체는 명시되어 있지 않습니다.')","('value', '알 수 없음')",
167013,현금유입과유출없는거래|기타비유동부채유동성대체,"('reason', '현금유입과 유출없는 거래 중 기타비유동부채의 유동성 대체는 명시되어 있지 않습니다.')","('value', '알 수 없음')",
167064,현금유입과유출없는거래|기타비유동자산유동성대체,"('reason', '현금유입과 유출없는 거래 중 기타비유동자산의 유동성 대체는 명시되어 있지 않습니다.')","('value', '알 수 없음')",
167021,현금유입과유출없는거래|전환사채등의자본전환,"('reason', '현금유입과 유출없는 거래 중 전환사채 등의 자본 전환은 명시되어 있지 않습니다.')","('value', '알 수 없음')",
167022,현금유입과유출없는거래|기타자본조정의변동,"('reason', '현금유입과 유출없는 거래 중 기타자본조정의 변동은 명시되어 있지 않습니다.')","('value', '알 수 없음')",
167065,현금유입과유출없는거래|기타포괄손익누계액의변동,"('reason', '현금유입과 유출없는 거래 중 기타포괄손익누계액의 변동은 명시되어 있지 않습니다.')","('value', '알 수 없음')",
167063,현금유입과유출없는거래|자기주식처분이익,"('reason', '현금유입과 유출없는 거래 중 자기주식처분이익은 명시되어 있지 않습니다.')","('value', '알 수 없음')",
167032,현금유입과유출없는거래|합병(영업양수도)비현금거래,"('reason', '현금유입과 유출없는 거래 중 합병(영업양수도) 비현금거래는 명시되어 있지 않습니다.')","('value', '알 수 없음')",
167051,현금유입과유출없는거래|미지급금으로취득한유형자산,"('reason', '현금유입과 유출없는 거래 중 미지급금으로 취득한 유형자산은 명시되어 있지 않습니다.')","('value', '알 수 없음')",
167053,현금유입과유출없는거래|장기투자증권의단기투자증권전환,"('reason', '현금유입과 유출없는 거래 중 장기투자증권의 단기투자증권 전환은 명시되어 있지 않습니다.')","('value', '알 수 없음')",
167054,현금유입과유출없는거래|유동자산의투자자산대체,"('reason', '현금유입과 유출없는 거래 중 유동자산의 투자자산 대체는 명시되어 있지 않습니다.')","('value', '알 수 없음')",
167055,현금유입과유출없는거래|투자자산의유동자산대체,"('reason', '현금유입과 유출없는 거래 중 투자자산의 유동자산 대체는 명시되어 있지 않습니다.')","('value', '알 수 없음')",
167049,현금유입과유출없는거래|기타의현금유입과유출없는거래,"('reason', '현금유입과 유출없는 거래 중 기타의 현금유입과 유출없는 거래는 명시되어 있지 않습니다.')","('value', '알 수 없음')",
