﻿계정코드,계정명,reason,value,clean_value
121000,수익,"('reason', ""포괄손익계산서에 따르면 2024년의 영업수익은 2,636,975,532,925원입니다. 단위는 '원'으로 명시되어 있어 변환이 필요하지 않습니다."")","('value', '2,636,975,532,925원')",
121100,수익|총수익,"('reason', ""포괄손익계산서에 따르면 2024년의 영업수익은 2,636,975,532,925원입니다. 단위는 '원'으로 명시되어 있어 변환이 필요하지 않습니다."")","('value', '2,636,975,532,925원')",
121120,수익|총수익|제품판매로인한수익,"('reason', ""포괄손익계산서에 따르면 2024년의 영업수익은 2,636,975,532,925원입니다. 단위는 '원'으로 명시되어 있어 변환이 필요하지 않습니다."")","('value', '2,636,975,532,925원')",
121121,수익|총수익|제품판매로인한수익|국내,"('reason', ""포괄손익계산서에 따르면 2024년의 영업수익은 2,636,975,532,925원입니다. 단위는 '원'으로 명시되어 있어 변환이 필요하지 않습니다."")","('value', '2,636,975,532,925원')",
121122,수익|총수익|제품판매로인한수익|수출,"('reason', ""포괄손익계산서에 따르면 2024년의 영업수익은 2,636,975,532,925원입니다. 단위는 '원'으로 명시되어 있어 변환이 필요하지 않습니다."")","('value', '2,636,975,532,925원')",
121128,수익|총수익|제품판매로인한수익|구분불명,"('reason', ""포괄손익계산서에 따르면 2024년의 영업수익은 2,636,975,532,925원입니다. 단위는 '원'으로 명시되어 있어 변환이 필요하지 않습니다."")","('value', '2,636,975,532,925원')",
122000,매출원가,"('reason', ""포괄손익계산서에 매출원가가 별도로 명시되어 있지 않으므로, 영업비용을 매출원가로 간주할 수 있습니다. 영업비용은 1,428,400,891,477원입니다. 단위는 '원'으로 명시되어 있어 변환이 필요하지 않습니다."")","('value', '1,428,400,891,477원')",
122200,매출원가|제품매출원가,"('reason', ""포괄손익계산서에 매출원가가 별도로 명시되어 있지 않으므로, 영업비용을 매출원가로 간주할 수 있습니다. 영업비용은 1,428,400,891,477원입니다. 단위는 '원'으로 명시되어 있어 변환이 필요하지 않습니다."")","('value', '1,428,400,891,477원')",
122220,매출원가|제품매출원가|당기제품제조원가,"('reason', ""포괄손익계산서에 매출원가가 별도로 명시되어 있지 않으므로, 영업비용을 매출원가로 간주할 수 있습니다. 영업비용은 1,428,400,891,477원입니다. 단위는 '원'으로 명시되어 있어 변환이 필요하지 않습니다."")","('value', '1,428,400,891,477원')",
123000,매출총이익(손실),"('reason', '매출총이익은 영업수익에서 영업비용을 차감하여 계산할 수 있습니다. 영업수익은 2,636,975,532,925원이고, 영업비용은 1,428,400,891,477원이므로 매출총이익은 1,208,574,641,448원입니다.')","('value', '1,208,574,641,448원')",
124000,판매비와관리비,"('reason', ""포괄손익계산서에 판매비와 관리비가 별도로 명시되어 있지 않으므로, 영업비용을 판매비와 관리비로 간주할 수 있습니다. 영업비용은 1,428,400,891,477원입니다. 단위는 '원'으로 명시되어 있어 변환이 필요하지 않습니다."")","('value', '1,428,400,891,477원')",
124100,판매비와관리비|인건비,보간값 (정방향(124105 + 124145 + 124180 + 124170)),406114101000,
124105,판매비와관리비|인건비|단기종업원급여,"('reason', '포괄손익계산서에 따르면 단기종업원급여는 급여 및 상여와 복리후생비로 구성되어 있습니다. 급여 및 상여는 204,665,800,000원, 복리후생비는 44,895,945,000원으로 총 단기종업원급여는 249,561,745,000원입니다.')","('value', '249,561,745,000원')",
124120,판매비와관리비|인건비|단기종업원급여|급료와임금,"('reason', ""포괄손익계산서에 따르면 급여 및 상여는 204,665,800,000원입니다. 단위는 '원'으로 명시되어 있어 변환이 필요하지 않습니다."")","('value', '204,665,800,000원')",
124140,판매비와관리비|인건비|단기종업원급여|상여금,"('reason', ""포괄손익계산서에 따르면 급여 및 상여는 204,665,800,000원입니다. 상여금은 급여 및 상여에 포함되어 있습니다. 단위는 '원'으로 명시되어 있어 변환이 필요하지 않습니다."")","('value', '204,665,800,000원')",
124145,판매비와관리비|인건비|퇴직급여,"('reason', ""포괄손익계산서에 따르면 퇴직급여는 21,081,697,000원입니다. 단위는 '원'으로 명시되어 있어 변환이 필요하지 않습니다."")","('value', '21,081,697,000원')",
124180,판매비와관리비|인건비|주식보상비용,"('reason', ""포괄손익계산서에 따르면 주식보상비용은 90,574,714,000원입니다. 단위는 '원'으로 명시되어 있어 변환이 필요하지 않습니다."")","('value', '90,574,714,000원')",
124170,판매비와관리비|인건비|복리후생비,"('reason', ""포괄손익계산서에 따르면 복리후생비는 44,895,945,000원입니다. 단위는 '원'으로 명시되어 있어 변환이 필요하지 않습니다."")","('value', '44,895,945,000원')",
124200,판매비와관리비|일반관리비,"('reason', ""포괄손익계산서에 일반관리비가 별도로 명시되어 있지 않으므로, 영업비용을 일반관리비로 간주할 수 있습니다. 영업비용은 1,428,400,891,477원입니다. 단위는 '원'으로 명시되어 있어 변환이 필요하지 않습니다."")","('value', '1,428,400,891,477원')",
124211,판매비와관리비|일반관리비|여비교통비,"('reason', ""포괄손익계산서에 따르면 여비교통비는 6,586,333,000원입니다. 단위는 '원'으로 명시되어 있어 변환이 필요하지 않습니다."")","('value', '6,586,333,000원')",
124212,판매비와관리비|일반관리비|통신비,"('reason', ""포괄손익계산서에 통신비가 별도로 명시되어 있지 않으므로, 여비교통비에 포함된 것으로 간주할 수 있습니다. 여비교통비는 6,586,333,000원입니다. 단위는 '원'으로 명시되어 있어 변환이 필요하지 않습니다."")","('value', '6,586,333,000원')",
124214,판매비와관리비|일반관리비|세금과공과,"('reason', ""포괄손익계산서에 세금과 공과가 별도로 명시되어 있지 않으므로, 영업비용에 포함된 것으로 간주할 수 있습니다. 영업비용은 1,428,400,891,477원입니다. 단위는 '원'으로 명시되어 있어 변환이 필요하지 않습니다."")","('value', '1,428,400,891,477원')",
124215,판매비와관리비|일반관리비|임차료비용,"('reason', ""포괄손익계산서에 임차료비용이 별도로 명시되어 있지 않으므로, 영업비용에 포함된 것으로 간주할 수 있습니다. 영업비용은 1,428,400,891,477원입니다. 단위는 '원'으로 명시되어 있어 변환이 필요하지 않습니다."")","('value', '1,428,400,891,477원')",
124216,판매비와관리비|일반관리비|감가상각비,"('reason', ""포괄손익계산서에 따르면 감가상각비는 57,617,154,000원입니다. 단위는 '원'으로 명시되어 있어 변환이 필요하지 않습니다."")","('value', '57,617,154,000원')",
124218,판매비와관리비|일반관리비|보험료,"('reason', ""포괄손익계산서에 따르면 보험료는 4,910,052,000원입니다. 단위는 '원'으로 명시되어 있어 변환이 필요하지 않습니다."")","('value', '4,910,052,000원')",
124220,판매비와관리비|일반관리비|소모품비,"('reason', ""포괄손익계산서에 따르면 소모품비는 1,083,224,000원입니다. 단위는 '원'으로 명시되어 있어 변환이 필요하지 않습니다."")","('value', '1,083,224,000원')",
124221,판매비와관리비|일반관리비|도서인쇄비,"('reason', ""포괄손익계산서에 도서인쇄비가 별도로 명시되어 있지 않으므로, 소모품비에 포함된 것으로 간주할 수 있습니다. 소모품비는 1,083,224,000원입니다. 단위는 '원'으로 명시되어 있어 변환이 필요하지 않습니다."")","('value', '1,083,224,000원')",
124223,판매비와관리비|일반관리비|교육훈련비,"('reason', ""포괄손익계산서에 교육훈련비가 별도로 명시되어 있지 않으므로, 영업비용에 포함된 것으로 간주할 수 있습니다. 영업비용은 1,428,400,891,477원입니다. 단위는 '원'으로 명시되어 있어 변환이 필요하지 않습니다."")","('value', '1,428,400,891,477원')",
124224,판매비와관리비|일반관리비|수수료비용,"('reason', ""포괄손익계산서에 따르면 지급수수료는 569,120,111,000원입니다. 단위는 '원'으로 명시되어 있어 변환이 필요하지 않습니다."")","('value', '569,120,111,000원')",
124300,판매비와관리비|판매비,보간값 (정방향(124312)),73896931000,
124311,판매비와관리비|판매비|접대비,"('reason', ""포괄손익계산서에 접대비가 별도로 명시되어 있지 않으므로, 영업비용에 포함된 것으로 간주할 수 있습니다. 영업비용은 1,428,400,891,477원입니다. 단위는 '원'으로 명시되어 있어 변환이 필요하지 않습니다."")","('value', '1,428,400,891,477원')",
124312,판매비와관리비|판매비|광고선전비,"('reason', ""포괄손익계산서에 따르면 광고선전비는 73,896,931,000원입니다. 단위는 '원'으로 명시되어 있어 변환이 필요하지 않습니다."")","('value', '73,896,931,000원')",
124316,판매비와관리비|판매비|운반비,"('reason', ""포괄손익계산서에 운반비가 별도로 명시되어 있지 않으므로, 영업비용에 포함된 것으로 간주할 수 있습니다. 영업비용은 1,428,400,891,477원입니다. 단위는 '원'으로 명시되어 있어 변환이 필요하지 않습니다."")","('value', '1,428,400,891,477원')",
124400,판매비와관리비|기타판매비와관리비,"('reason', ""포괄손익계산서에 기타 판매비와 관리비가 별도로 명시되어 있지 않으므로, 영업비용에 포함된 것으로 간주할 수 있습니다. 영업비용은 1,428,400,891,477원입니다. 단위는 '원'으로 명시되어 있어 변환이 필요하지 않습니다."")","('value', '1,428,400,891,477원')",
124420,판매비와관리비|기타판매비와관리비|경상개발비,"('reason', ""포괄손익계산서에 경상개발비가 별도로 명시되어 있지 않으므로, 영업비용에 포함된 것으로 간주할 수 있습니다. 영업비용은 1,428,400,891,477원입니다. 단위는 '원'으로 명시되어 있어 변환이 필요하지 않습니다."")","('value', '1,428,400,891,477원')",
124440,판매비와관리비|기타판매비와관리비|대손상각비,보간값 (역방향(124400 - [124450 + 124460])),-4564484000,
124450,판매비와관리비|기타판매비와관리비|무형자산상각비,"('reason', ""포괄손익계산서에 따르면 무형자산상각비는 4,564,484,000원입니다. 단위는 '원'으로 명시되어 있어 변환이 필요하지 않습니다."")","('value', '4,564,484,000원')",
124453,판매비와관리비|기타판매비와관리비|무형자산상각비|산업재산권상각,"('reason', ""포괄손익계산서에 따르면 무형자산상각비는 4,564,484,000원입니다. 산업재산권상각은 무형자산상각비에 포함되어 있습니다. 단위는 '원'으로 명시되어 있어 변환이 필요하지 않습니다."")","('value', '4,564,484,000원')",
124462,판매비와관리비|기타판매비와관리비|무형자산상각비|저작권상각,"('reason', ""포괄손익계산서에 따르면 무형자산상각비는 4,564,484,000원입니다. 저작권상각은 무형자산상각비에 포함되어 있습니다. 단위는 '원'으로 명시되어 있어 변환이 필요하지 않습니다."")","('value', '4,564,484,000원')",
124457,판매비와관리비|기타판매비와관리비|무형자산상각비|전용시설이용권상각,"('reason', ""포괄손익계산서에 따르면 무형자산상각비는 4,564,484,000원입니다. 전용시설이용권상각은 무형자산상각비에 포함되어 있습니다. 단위는 '원'으로 명시되어 있어 변환이 필요하지 않습니다."")","('value', '4,564,484,000원')",
124470,판매비와관리비|기타판매비와관리비|무형자산상각비|소프트웨어상각,"('reason', ""포괄손익계산서에 따르면 무형자산상각비는 4,564,484,000원입니다. 소프트웨어상각은 무형자산상각비에 포함되어 있습니다. 단위는 '원'으로 명시되어 있어 변환이 필요하지 않습니다."")","('value', '4,564,484,000원')",
124471,판매비와관리비|기타판매비와관리비|무형자산상각비|기타무형자산상각,"('reason', ""포괄손익계산서에 따르면 무형자산상각비는 4,564,484,000원입니다. 기타무형자산상각은 무형자산상각비에 포함되어 있습니다. 단위는 '원'으로 명시되어 있어 변환이 필요하지 않습니다."")","('value', '4,564,484,000원')",
124460,판매비와관리비|기타판매비와관리비|기타의기타판매비와관리비,"('reason', ""포괄손익계산서에 기타의 기타 판매비와 관리비가 별도로 명시되어 있지 않으므로, 영업비용에 포함된 것으로 간주할 수 있습니다. 영업비용은 1,428,400,891,477원입니다. 단위는 '원'으로 명시되어 있어 변환이 필요하지 않습니다."")","('value', '1,428,400,891,477원')",
125000,영업이익(손실),"('reason', '영업이익은 영업수익에서 영업비용을 차감하여 계산할 수 있습니다. 영업수익은 2,636,975,532,925원이고, 영업비용은 1,428,400,891,477원이므로 영업이익은 1,208,574,641,448원입니다.')","('value', '1,208,574,641,448원')",
125100,영업외수익,"('reason', '포괄손익계산서에 따르면 기타수익과 금융수익을 합한 금액이 영업외수익으로 볼 수 있습니다. 기타수익은 741,231,564,754원이고, 금융수익은 22,468,092,603원으로 총 영업외수익은 763,699,657,357원입니다.')","('value', '763,699,657,357원')",
125182,영업외수익|금융수익,"('reason', ""포괄손익계산서에 따르면 금융수익은 22,468,092,603원입니다. 단위는 '원'으로 명시되어 있어 변환이 필요하지 않습니다."")","('value', '22,468,092,603원')",
125101,영업외수익|금융수익|이자수익,"('reason', ""포괄손익계산서에 따르면 이자수익은 22,438,025,000원입니다. 단위는 '원'으로 명시되어 있어 변환이 필요하지 않습니다."")","('value', '22,438,025,000원')",
125103,영업외수익|금융수익|배당금수익,"('reason', ""포괄손익계산서에 따르면 배당금수익은 140,550,000원입니다. 단위는 '원'으로 명시되어 있어 변환이 필요하지 않습니다."")","('value', '140,550,000원')",
125183,영업외수익|금융수익|기타금융수익,"('reason', ""포괄손익계산서에 따르면 금융보증수익은 30,068,000원입니다. 기타금융수익에 포함될 수 있습니다. 단위는 '원'으로 명시되어 있어 변환이 필요하지 않습니다."")","('value', '30,068,000원')",
125169,영업외수익|당기손익인식금융자산처분이익,"('reason', ""포괄손익계산서에 따르면 당기손익-공정가치측정금융자산처분이익은 307,460,409,000원입니다. 단위는 '원'으로 명시되어 있어 변환이 필요하지 않습니다."")","('value', '307,460,409,000원')",
125185,영업외수익|관계기업투자처분이익,"('reason', ""포괄손익계산서에 따르면 관계기업투자처분이익은 786,762,000원입니다. 단위는 '원'으로 명시되어 있어 변환이 필요하지 않습니다."")","('value', '786,762,000원')",
125123,"영업외수익|유,무형,리스자산처분이익","('reason', '포괄손익계산서에 따르면 유형자산처분이익은 6,486,000원, 리스처분이익은 1,006,635,000원입니다. 무형자산처분이익은 0원입니다. 총 유,무형,리스자산처분이익은 1,013,121,000원입니다.')","('value', '1,013,121,000원')",
125105,영업외수익|임대료수익,"('reason', ""포괄손익계산서에 임대료수익이 별도로 명시되어 있지 않으므로, 기타수익에 포함된 것으로 간주할 수 있습니다. 기타수익은 741,231,564,754원입니다. 단위는 '원'으로 명시되어 있어 변환이 필요하지 않습니다."")","('value', '741,231,564,754원')",
125106,영업외수익|수수료수익,"('reason', ""포괄손익계산서에 수수료수익이 별도로 명시되어 있지 않으므로, 기타수익에 포함된 것으로 간주할 수 있습니다. 기타수익은 741,231,564,754원입니다. 단위는 '원'으로 명시되어 있어 변환이 필요하지 않습니다."")","('value', '741,231,564,754원')",
125109,영업외수익|외환차익,"('reason', ""포괄손익계산서에 따르면 외환이익은 154,539,259,000원입니다. 단위는 '원'으로 명시되어 있어 변환이 필요하지 않습니다."")","('value', '154,539,259,000원')",
125111,영업외수익|외화환산이익,"('reason', ""포괄손익계산서에 외화환산이익이 별도로 명시되어 있지 않으므로, 외환이익에 포함된 것으로 간주할 수 있습니다. 외환이익은 154,539,259,000원입니다. 단위는 '원'으로 명시되어 있어 변환이 필요하지 않습니다."")","('value', '154,539,259,000원')",
125118,영업외수익|파생상품거래이익,"('reason', ""포괄손익계산서에 따르면 파생상품이익은 4,824,199,000원입니다. 단위는 '원'으로 명시되어 있어 변환이 필요하지 않습니다."")","('value', '4,824,199,000원')",
125126,영업외수익|파생상품평가이익,"('reason', ""포괄손익계산서에 따르면 파생상품이익은 4,824,199,000원입니다. 단위는 '원'으로 명시되어 있어 변환이 필요하지 않습니다."")","('value', '4,824,199,000원')",
125187,영업외수익|자산평가이익,"('reason', ""포괄손익계산서에 따르면 당기손익-공정가치측정금융자산평가이익은 194,186,036,000원입니다. 단위는 '원'으로 명시되어 있어 변환이 필요하지 않습니다."")","('value', '194,186,036,000원')",
125155,영업외수익|자산평가이익|당기손익인식금융자산평가이익,"('reason', ""포괄손익계산서에 따르면 당기손익-공정가치측정금융자산평가이익은 194,186,036,000원입니다. 단위는 '원'으로 명시되어 있어 변환이 필요하지 않습니다."")","('value', '194,186,036,000원')",
125121,영업외수익|자산평가이익|기타장단기투자자산평가이익,"('reason', ""포괄손익계산서에 따르면 기타장단기투자자산평가이익은 당기손익-공정가치측정금융자산평가이익에 포함되어 있습니다. 금액은 194,186,036,000원입니다. 단위는 '원'으로 명시되어 있어 변환이 필요하지 않습니다."")","('value', '194,186,036,000원')",
125113,영업외수익|대손충당부채환입,"('reason', ""포괄손익계산서에 따르면 대손충당부채환입은 (83,438)원입니다. 단위는 '원'으로 명시되어 있어 변환이 필요하지 않습니다."")","('value', '(83,438)원')",
125167,영업외수익|자산손상차손환입,"('reason', ""포괄손익계산서에 따르면 종속기업투자손상차손환입은 54,088,091,000원입니다. 단위는 '원'으로 명시되어 있어 변환이 필요하지 않습니다."")","('value', '54,088,091,000원')",
125149,영업외수익|자산손상차손환입|매도가능금융자산손상차손환입,"('reason', ""포괄손익계산서에 매도가능금융자산손상차손환입이 별도로 명시되어 있지 않으므로, 종속기업투자손상차손환입에 포함된 것으로 간주할 수 있습니다. 금액은 54,088,091,000원입니다. 단위는 '원'으로 명시되어 있어 변환이 필요하지 않습니다."")","('value', '54,088,091,000원')",
125171,영업외수익|자산손상차손환입|종속기업투자손상차손환입,"('reason', ""포괄손익계산서에 따르면 종속기업투자손상차손환입은 54,088,091,000원입니다. 단위는 '원'으로 명시되어 있어 변환이 필요하지 않습니다."")","('value', '54,088,091,000원')",
125115,영업외수익|기타영업외수익,"('reason', ""포괄손익계산서에 따르면 잡이익은 155,093,000원입니다. 단위는 '원'으로 명시되어 있어 변환이 필요하지 않습니다."")","('value', '155,093,000원')",
126000,영업외비용,"('reason', '포괄손익계산서에 따르면 기타비용과 금융비용을 합한 금액이 영업외비용으로 볼 수 있습니다. 기타비용은 161,222,727,264원이고, 금융비용은 6,508,249,340원으로 총 영업외비용은 167,730,976,604원입니다.')","('value', '167,730,976,604원')",
126103,영업외비용|금융비용,보간값 (정방향(126110)),6508249340,
126110,영업외비용|금융비용|이자비용,"('reason', ""포괄손익계산서에 따르면 이자비용은 6,508,249,340원입니다. 단위는 '원'으로 명시되어 있어 변환이 필요하지 않습니다."")","('value', '6,508,249,340원')",
126270,영업외비용|투자자산처분손실,"('reason', ""포괄손익계산서에 따르면 당기손익-공정가치측정금융자산처분손실은 38,167,062,000원입니다. 단위는 '원'으로 명시되어 있어 변환이 필요하지 않습니다."")","('value', '38,167,062,000원')",
126129,영업외비용|당기손익인식금융자산처분손실,"('reason', ""포괄손익계산서에 따르면 당기손익-공정가치측정금융자산처분손실은 38,167,062,000원입니다. 단위는 '원'으로 명시되어 있어 변환이 필요하지 않습니다."")","('value', '38,167,062,000원')",
126260,"영업외비용|유,무형,리스자산처분손실","('reason', '포괄손익계산서에 따르면 유형자산처분손실은 3,397,000원, 리스처분손실은 255,000원입니다. 무형자산처분손실은 0원입니다. 총 유,무형,리스자산처분손실은 3,652,000원입니다.')","('value', '3,652,000원')",
126150,영업외비용|기부금,"('reason', ""포괄손익계산서에 따르면 기부금은 522,123,000원입니다. 단위는 '원'으로 명시되어 있어 변환이 필요하지 않습니다."")","('value', '522,123,000원')",
126160,영업외비용|외환차손,"('reason', ""포괄손익계산서에 따르면 외환손실은 34,201,210,000원입니다. 단위는 '원'으로 명시되어 있어 변환이 필요하지 않습니다."")","('value', '34,201,210,000원')",
126174,영업외비용|외화환산손실,"('reason', ""포괄손익계산서에 외화환산손실이 별도로 명시되어 있지 않으므로, 외환손실에 포함된 것으로 간주할 수 있습니다. 외환손실은 34,201,210,000원입니다. 단위는 '원'으로 명시되어 있어 변환이 필요하지 않습니다."")","('value', '34,201,210,000원')",
126163,영업외비용|파생상품평가손실,"('reason', ""포괄손익계산서에 따르면 파생상품손실은 0원입니다. 단위는 '원'으로 명시되어 있어 변환이 필요하지 않습니다."")","('value', '0원')",
126170,영업외비용|자산평가손실,"('reason', ""포괄손익계산서에 따르면 당기손익-공정가치측정금융자산평가손실은 11,887,053,000원입니다. 단위는 '원'으로 명시되어 있어 변환이 필요하지 않습니다."")","('value', '11,887,053,000원')",
126178,영업외비용|자산평가손실|당기손익인식금융자산평가손실,"('reason', ""포괄손익계산서에 따르면 당기손익-공정가치측정금융자산평가손실은 11,887,053,000원입니다. 단위는 '원'으로 명시되어 있어 변환이 필요하지 않습니다."")","('value', '11,887,053,000원')",
126240,영업외비용|기타대손상각비,"('reason', ""포괄손익계산서에 따르면 기타의 대손상각비는 12,596,850,000원입니다. 단위는 '원'으로 명시되어 있어 변환이 필요하지 않습니다."")","('value', '12,596,850,000원')",
126280,영업외비용|사채상환손실,"('reason', ""포괄손익계산서에 사채상환손실이 별도로 명시되어 있지 않으므로, 기타비용에 포함된 것으로 간주할 수 있습니다. 기타비용은 161,222,727,264원입니다. 단위는 '원'으로 명시되어 있어 변환이 필요하지 않습니다."")","('value', '161,222,727,264원')",
126310,영업외비용|지분법손실,"('reason', ""포괄손익계산서에 지분법손실이 별도로 명시되어 있지 않으므로, 기타비용에 포함된 것으로 간주할 수 있습니다. 기타비용은 161,222,727,264원입니다. 단위는 '원'으로 명시되어 있어 변환이 필요하지 않습니다."")","('value', '161,222,727,264원')",
126126,영업외비용|자산손상차손,"('reason', ""포괄손익계산서에 따르면 종속기업투자손상차손은 14,853,683,000원입니다. 단위는 '원'으로 명시되어 있어 변환이 필요하지 않습니다."")","('value', '14,853,683,000원')",
126147,영업외비용|자산손상차손|매도가능금융자산손상차손,"('reason', ""포괄손익계산서에 매도가능금융자산손상차손이 별도로 명시되어 있지 않으므로, 종속기업투자손상차손에 포함된 것으로 간주할 수 있습니다. 금액은 14,853,683,000원입니다. 단위는 '원'으로 명시되어 있어 변환이 필요하지 않습니다."")","('value', '14,853,683,000원')",
126155,영업외비용|자산손상차손|지분법주식손상차손,"('reason', ""포괄손익계산서에 지분법주식손상차손이 별도로 명시되어 있지 않으므로, 종속기업투자손상차손에 포함된 것으로 간주할 수 있습니다. 금액은 14,853,683,000원입니다. 단위는 '원'으로 명시되어 있어 변환이 필요하지 않습니다."")","('value', '14,853,683,000원')",
126156,영업외비용|자산손상차손|종속기업투자손상차손,"('reason', ""포괄손익계산서에 따르면 종속기업투자손상차손은 14,853,683,000원입니다. 단위는 '원'으로 명시되어 있어 변환이 필요하지 않습니다."")","('value', '14,853,683,000원')",
126157,영업외비용|자산손상차손|관계기업투자손상차손,"('reason', ""포괄손익계산서에 따르면 관계기업투자손상차손은 31,080,095,000원입니다. 단위는 '원'으로 명시되어 있어 변환이 필요하지 않습니다."")","('value', '31,080,095,000원')",
126410,영업외비용|자산손상차손|유형자산손상차손,"('reason', ""포괄손익계산서에 따르면 유형자산손상차손은 65,695,000원입니다. 단위는 '원'으로 명시되어 있어 변환이 필요하지 않습니다."")","('value', '65,695,000원')",
126420,영업외비용|자산손상차손|무형자산손상차손,"('reason', ""포괄손익계산서에 따르면 무형자산손상차손은 6,197,098,000원입니다. 단위는 '원'으로 명시되어 있어 변환이 필요하지 않습니다."")","('value', '6,197,098,000원')",
126250,영업외비용|기타영업외비용,"('reason', ""포괄손익계산서에 따르면 잡손실은 9,317,583,000원입니다. 단위는 '원'으로 명시되어 있어 변환이 필요하지 않습니다."")","('value', '9,317,583,000원')",
128000,법인세비용차감전계속영업이익(손실),"('reason', '법인세비용차감전계속영업이익은 영업이익에 영업외수익을 더하고 영업외비용을 차감하여 계산할 수 있습니다. 영업이익은 1,208,574,641,448원, 영업외수익은 763,699,657,357원, 영업외비용은 167,730,976,604원이므로 법인세비용차감전계속영업이익은 1,804,543,322,201원입니다.')","('value', '1,804,543,322,201원')",
128100,계속영업손익법인세비용(부의법인세비용),"('reason', ""포괄손익계산서에 따르면 법인세비용은 428,276,446,255원입니다. 단위는 '원'으로 명시되어 있어 변환이 필요하지 않습니다."")","('value', '428,276,446,255원')",
128160,계속영업이익(손실),"('reason', '계속영업이익은 법인세비용차감전계속영업이익에서 법인세비용을 차감하여 계산할 수 있습니다. 법인세비용차감전계속영업이익은 1,804,543,322,201원이고, 법인세비용은 428,276,446,255원이므로 계속영업이익은 1,376,266,875,946원입니다.')","('value', '1,376,266,875,946원')",
129007,기본주당계속영업손익,"('reason', ""포괄손익계산서에 따르면 기본주당이익은 30,129원입니다. 단위는 '원'으로 명시되어 있어 변환이 필요하지 않습니다."")","('value', '30,129원')",
129009,기본주당순손익,"('reason', ""포괄손익계산서에 따르면 기본주당이익은 30,129원입니다. 단위는 '원'으로 명시되어 있어 변환이 필요하지 않습니다."")","('value', '30,129원')",
129017,희석주당계속영업손익,"('reason', ""포괄손익계산서에 따르면 희석주당이익은 29,909원입니다. 단위는 '원'으로 명시되어 있어 변환이 필요하지 않습니다."")","('value', '29,909원')",
129019,희석주당순손익,"('reason', ""포괄손익계산서에 따르면 희석주당이익은 29,909원입니다. 단위는 '원'으로 명시되어 있어 변환이 필요하지 않습니다."")","('value', '29,909원')",
129050,기타포괄손익,"('reason', ""포괄손익계산서에 따르면 기타포괄손익은 (34,615,862,774)원입니다. 단위는 '원'으로 명시되어 있어 변환이 필요하지 않습니다."")","('value', '(34,615,862,774)원')",
129053,기타포괄손익|투자자산평가손익,"('reason', ""포괄손익계산서에 따르면 기타포괄손익-공정가치측정금융자산평가손익은 (34,846,256,508)원입니다. 단위는 '원'으로 명시되어 있어 변환이 필요하지 않습니다."")","('value', '(34,846,256,508)원')",
129055,기타포괄손익|외화환산평가손익,"('reason', ""포괄손익계산서에 따르면 해외사업환산손익은 38,815,230원입니다. 단위는 '원'으로 명시되어 있어 변환이 필요하지 않습니다."")","('value', '38,815,230원')",
129056,기타포괄손익|보험수리적손익,"('reason', ""포괄손익계산서에 따르면 순확정급여부채의 재측정요소는 191,578,504원입니다. 단위는 '원'으로 명시되어 있어 변환이 필요하지 않습니다."")","('value', '191,578,504원')",
129057,기타포괄손익|기타의기타포괄손익,"('reason', ""기타포괄손익은 포괄손익계산서에 '단위 : 원'으로 명시되어 있으며, 값은 (34,615,862,774)입니다. 따라서, 34,615,862,774원입니다."")","('value', '34,615,862,774원')",
129060,포괄손익,"('reason', ""포괄손익은 포괄손익계산서에 '단위 : 원'으로 명시되어 있으며, 값은 1,341,651,013,172입니다. 따라서, 1,341,651,013,172원입니다."")","('value', '1,341,651,013,172원')",
