﻿계정코드,계정명,20241231 K 원
133500,미처분이익잉여금,"4,303,918,735,251"
132000,미처분이익잉여금|수정후전기이월미처분이익잉여금,"2,927,651,859,305"
131100,미처분이익잉여금|수정후전기이월미처분이익잉여금|전기이월미처분이익잉여금,"3,047,231,712,239"
131113,미처분이익잉여금|수정후전기이월미처분이익잉여금|자기주식처분손실(-),"119,579,852,934"
133000,미처분이익잉여금|당기순이익,"1,376,266,875,946"
135000,이익잉여금처분가능액,"4,303,918,735,251"
138000,차기이월미처분이익잉여금,"4,303,918,735,251"
