﻿계정코드,계정명,20241231 K 원
113383,자산총계|비유동자산(계)|장기투자자산,"1,974,846,652,544"
112108,자산총계|비유동자산(계)|장기투자자산|당기손익인식금융자산,"226,130,695,139"
112113,자산총계|비유동자산(계)|장기투자자산|당기손익인식금융자산|기타당기손익인식금융자산,"226,130,695,139"
112114,자산총계|비유동자산(계)|장기투자자산|당기손익인식금융자산|기타당기손익인식금융자산|기타의기타당기손익인식금융자산,"218,765,012,139"
112117,자산총계|비유동자산(계)|장기투자자산|종속기업투자,"838,337,374,861"
112119,자산총계|비유동자산(계)|장기투자자산|조인트벤처투자,"40,320,819,000"
112631,자산총계|비유동자산(계)|매출채권및기타채권,"117,262,728,623"
112180,(매출채권및기타채권 대손충당부채),"62,029,187,000"
111156,자산총계|유동자산(계)|매출채권및기타채권,"1,030,424,281,961"
111249,(매출채권및기타채권 대손충당부채),"26,739,600,000"
111401,자산총계|유동자산(계)|기타비금융자산,"64,999,380,594"
111410,자산총계|유동자산(계)|기타비금융자산|선급금,"1,813,061,000"
111415,자산총계|유동자산(계)|기타비금융자산|선급금|기타선급금,"1,813,061,000"
111420,자산총계|유동자산(계)|기타비금융자산|선급비용,"63,124,354,594"
111430,자산총계|유동자산(계)|기타비금융자산|보증금,"61,965,000"
118600,부채와자본총계|자본총계|기타자본구성요소|기타포괄손익누계액,"-41,920,690,000"
118090,부채와자본총계|자본총계|기타자본구성요소|기타자본구성,"2,566,582,279,266"
118599,부채와자본총계|자본총계|기타자본구성요소|기타자본구성|기타의기타자본구성,"1,046,710,429,266"
117112,부채와자본총계|부채총계|비유동부채(계)|매입채무및기타채무,"7,240,949,000"
116805,부채와자본총계|부채총계|비유동부채(계)|매입채무및기타채무|보증금,"7,240,949,000"
116800,부채와자본총계|부채총계|비유동부채(계)|매입채무및기타채무|보증금|임대보증금,"7,240,949,000"
117114,부채와자본총계|부채총계|비유동부채(계)|기타금융부채,"85,471,614,350"
116260,부채와자본총계|부채총계|비유동부채(계)|기타금융부채|금융리스부채,"78,228,955,088"
117119,부채와자본총계|부채총계|비유동부채(계)|기타비금융부채,"49,620,743,600"
116500,부채와자본총계|부채총계|비유동부채(계)|기타비금융부채|장기미지급비용,"14,552,093,000"
116600,부채와자본총계|부채총계|비유동부채(계)|장기충당부채(계),"12,971,623,223"
116640,부채와자본총계|부채총계|비유동부채(계)|장기충당부채(계)|기타부채성충당부채,"41,542,000"
115120,부채와자본총계|부채총계|유동부채(계)|매입채무및기타채무,"227,226,676,862"
115140,부채와자본총계|부채총계|유동부채(계)|매입채무및기타채무|미지급금,"61,251,058,000"
115147,부채와자본총계|부채총계|유동부채(계)|매입채무및기타채무|미지급금|기타미지급금,"61,251,058,000"
115160,부채와자본총계|부채총계|유동부채(계)|매입채무및기타채무|예수금,"16,233,876,000"
115164,부채와자본총계|부채총계|유동부채(계)|매입채무및기타채무|예수금|기타예수금,"16,233,876,000"
115171,부채와자본총계|부채총계|유동부채(계)|매입채무및기타채무|보증금,"2,430,552,000"
115175,부채와자본총계|부채총계|유동부채(계)|매입채무및기타채무|보증금|임대보증금,"2,430,552,000"
115180,부채와자본총계|부채총계|유동부채(계)|매입채무및기타채무|미지급비용,"147,311,190,862"
115122,부채와자본총계|부채총계|유동부채(계)|유동차입부채,"55,130,603,000"
115190,부채와자본총계|부채총계|유동부채(계)|유동차입부채|유동성장기부채,"55,130,603,000"
115195,부채와자본총계|부채총계|유동부채(계)|유동차입부채|유동성장기부채|유동성금융리스부채,"55,130,603,000"
115137,부채와자본총계|부채총계|유동부채(계)|기타금융부채|당기손익인식금융부채|기타당기손익인식금융부채,"27,799,840,320"
115123,부채와자본총계|부채총계|유동부채(계)|기타비금융부채,"134,808,167,558"
115150,부채와자본총계|부채총계|유동부채(계)|기타비금융부채|선수금,"855,452,000"
115153,부채와자본총계|부채총계|유동부채(계)|기타비금융부채|선수금|기타선수금,"855,452,000"
115210,부채와자본총계|부채총계|유동부채(계)|기타비금융부채|선수수익,"133,952,715,558"
115211,부채와자본총계|부채총계|유동부채(계)|단기충당부채,"4,694,000"
115219,부채와자본총계|부채총계|유동부채(계)|단기충당부채|기타단기부채성충당부채,"4,694,000"
