﻿계정코드,계정명,20241231 K 원
121121,수익|총수익|제품판매로인한수익|국내,"177,458,735,000"
121122,수익|총수익|제품판매로인한수익|수출,"2,459,516,797,925"
122000,매출원가,"338,043,825,000"
122200,매출원가|제품매출원가,"338,043,825,000"
122220,매출원가|제품매출원가|당기제품제조원가,"338,043,825,000"
123000,매출총이익(손실),"2,298,931,707,925"
124000,판매비와관리비,"1,090,357,066,477"
124100,판매비와관리비|인건비,"361,218,156,000"
124105,판매비와관리비|인건비|단기종업원급여,"204,665,800,000"
124200,판매비와관리비|일반관리비,"641,157,259,000"
124216,판매비와관리비|일반관리비|감가상각비,"59,457,539,000"
124400,판매비와관리비|기타판매비와관리비,"14,084,720,477"
124440,판매비와관리비|기타판매비와관리비|대손상각비,"-83,438,000"
124453,판매비와관리비|기타판매비와관리비|무형자산상각비|산업재산권상각,"251,944,000"
124457,판매비와관리비|기타판매비와관리비|무형자산상각비|전용시설이용권상각,"69,434,000"
124470,판매비와관리비|기타판매비와관리비|무형자산상각비|소프트웨어상각,"2,140,710,000"
124471,판매비와관리비|기타판매비와관리비|무형자산상각비|기타무형자산상각,"2,102,396,000"
124460,판매비와관리비|기타판매비와관리비|기타의기타판매비와관리비,"9,603,674,477"
125182,영업외수익|금융수익,"46,616,620,000"
125183,영업외수익|금융수익|기타금융수익,"24,038,045,000"
125106,영업외수익|수수료수익,"30,068,000"
126270,영업외비용|투자자산처분손실,"2,330,623,000"
126126,영업외비용|자산손상차손,"52,196,571,000"
