﻿계정코드,계정명,20241231 K 원
161210,영업활동으로인한현금흐름|현금유출없는비용등가산,"712,825,679,000"
161215,영업활동으로인한현금흐름|현금유출없는비용등가산|퇴직급여,"9,201,538,000"
161218,영업활동으로인한현금흐름|현금유출없는비용등가산|투자자산처분손실,"2,330,623,000"
161219,"영업활동으로인한현금흐름|현금유출없는비용등가산|유,무형,리스자산처분손실","3,652,000"
161223,영업활동으로인한현금흐름|현금유출없는비용등가산|외화환산손실,"6,409,573,000"
161239,영업활동으로인한현금흐름|현금유출없는비용등가산|현금의유출이없는기타비용,"5,505,008,000"
161510,영업활동으로인한현금흐름|현금유입없는수익등차감,"693,437,996,030"
161655,영업활동으로인한현금흐름|현금유입없는수익등차감|종속기업투자손상차손환입,"39,234,408,000"
161516,영업활동으로인한현금흐름|현금유입없는수익등차감|외화환산이익,"99,145,688,000"
161518,영업활동으로인한현금흐름|현금유입없는수익등차감|대손충당부채환입,"83,438,000"
161567,영업활동으로인한현금흐름|현금유입없는수익등차감|기타금융수익,"24,038,045,000"
161558,영업활동으로인한현금흐름|현금유입없는수익등차감|부채성충당부채환입액,"30,068,000"
161529,영업활동으로인한현금흐름|현금유입없는수익등차감|현금의유입이없는기타수익,"57,247,030"
161714,영업활동으로인한현금흐름|법인세의납부(환급),"268,071,332,048"
162120,투자활동으로인한현금흐름|투자활동으로인한현금유입|투자자산등의감소,"18,534,753,088,931"
162136,투자활동으로인한현금흐름|투자활동으로인한현금유입|투자자산등의감소|기타비유동자산의감소,"11,820,965,841"
162150,"투자활동으로인한현금흐름|투자활동으로인한현금유입|유,무형,리스자산의감소","199,694,562"
162520,투자활동으로인한현금흐름|투자활동으로인한현금유출|투자자산등의증가,"19,274,077,032,187"
163140,재무활동으로인한현금흐름|재무활동으로인한현금유입|비유동부채의증가,"233,681,200"
163540,재무활동으로인한현금흐름|재무활동으로인한현금유출|비유동부채의감소,"49,531,377,349"
163546,재무활동으로인한현금흐름|재무활동으로인한현금유출|비유동부채의감소|장기미지급금지급,"49,531,377,349"
167000,현금유입과유출없는거래,"215,074,421,000"
167005,"현금유입과유출없는거래|유,무형자산의투자자산대체","3,436,028,000"
167006,"현금유입과유출없는거래|유,무형자산간대체","2,814,458,000"
167008,"현금유입과유출없는거래|금융리스에 의한 유,무형자산구입","21,688,867,000"
167012,"현금유입과유출없는거래|장기미지급금,선수금유동성대체","52,361,181,000"
167013,현금유입과유출없는거래|기타비유동부채유동성대체,"30,735,166,000"
167064,현금유입과유출없는거래|기타비유동자산유동성대체,"14,123,832,000"
167051,현금유입과유출없는거래|미지급금으로취득한유형자산,"546,666,000"
167054,현금유입과유출없는거래|유동자산의투자자산대체,"74,368,859,000"
167055,현금유입과유출없는거래|투자자산의유동자산대체,"12,614,567,000"
167049,현금유입과유출없는거래|기타의현금유입과유출없는거래,"2,384,797,000"
