{
  "133500": {
    "항목명": "미처분이익잉여금"
  },
  "132000": {
    "항목명": "미처분이익잉여금|수정후전기이월미처분이익잉여금"
  },
  "131100": {
    "항목명": "미처분이익잉여금|수정후전기이월미처분이익잉여금|전기이월미처분이익잉여금"
  },
  "131600": {
    "항목명": "미처분이익잉여금|수정후전기이월미처분이익잉여금|회계정책변경누적효과(-)"
  },
  "131113": {
    "항목명": "미처분이익잉여금|수정후전기이월미처분이익잉여금|자기주식처분손실(-)"
  },
  "131450": {
    "항목명": "미처분이익잉여금|수정후전기이월미처분이익잉여금|지분법이익"
  },
  "131500": {
    "항목명": "미처분이익잉여금|수정후전기이월미처분이익잉여금|기타"
  },
  "133000": {
    "항목명": "미처분이익잉여금|당기순이익"
  },
  "135000": {
    "항목명": "이익잉여금처분가능액"
  },
  "137000": {
    "항목명": "결손금처리액"
  },
  "137600": {
    "항목명": "결손금처리액|자본준비금이입"
  },
  "138000": {
    "항목명": "차기이월미처분이익잉여금"
  }
}