{
  "161000": {
    "항목명": "영업활동으로인한현금흐름"
  },
  "161100": {
    "항목명": "영업활동으로인한현금흐름|당기순이익(손실)"
  },
  "161210": {
    "항목명": "영업활동으로인한현금흐름|현금유출없는비용등가산"
  },
  "161211": {
    "항목명": "영업활동으로인한현금흐름|현금유출없는비용등가산|유형자산, 투자부동산감가상각비"
  },
  "161212": {
    "항목명": "영업활동으로인한현금흐름|현금유출없는비용등가산|무형자산상각비"
  },
  "161249": {
    "항목명": "영업활동으로인한현금흐름|현금유출없는비용등가산|무형자산상각비|기타무형자산상각비"
  },
  "161214": {
    "항목명": "영업활동으로인한현금흐름|현금유출없는비용등가산|대손상각비"
  },
  "161268": {
    "항목명": "영업활동으로인한현금흐름|현금유출없는비용등가산|기타대손상각비"
  },
  "161215": {
    "항목명": "영업활동으로인한현금흐름|현금유출없는비용등가산|퇴직급여"
  },
  "161218": {
    "항목명": "영업활동으로인한현금흐름|현금유출없는비용등가산|투자자산처분손실"
  },
  "161296": {
    "항목명": "영업활동으로인한현금흐름|현금유출없는비용등가산|당기손익인식금융자산처분손실"
  },
  "161219": {
    "항목명": "영업활동으로인한현금흐름|현금유출없는비용등가산|유,무형,리스자산처분손실"
  },
  "161282": {
    "항목명": "영업활동으로인한현금흐름|현금유출없는비용등가산|당기손익인식금융자산평가손실"
  },
  "161259": {
    "항목명": "영업활동으로인한현금흐름|현금유출없는비용등가산|매도가능금융자산손상차손"
  },
  "161201": {
    "항목명": "영업활동으로인한현금흐름|현금유출없는비용등가산|지분법주식손상차손"
  },
  "161205": {
    "항목명": "영업활동으로인한현금흐름|현금유출없는비용등가산|종속기업투자손상차손"
  },
  "161206": {
    "항목명": "영업활동으로인한현금흐름|현금유출없는비용등가산|관계기업투자손상차손"
  },
  "161260": {
    "항목명": "영업활동으로인한현금흐름|현금유출없는비용등가산|유형자산손상차손"
  },
  "161270": {
    "항목명": "영업활동으로인한현금흐름|현금유출없는비용등가산|무형자산손상차손"
  },
  "161246": {
    "항목명": "영업활동으로인한현금흐름|현금유출없는비용등가산|지분법손실"
  },
  "161247": {
    "항목명": "영업활동으로인한현금흐름|현금유출없는비용등가산|법인세비용"
  },
  "161223": {
    "항목명": "영업활동으로인한현금흐름|현금유출없는비용등가산|외화환산손실"
  },
  "161248": {
    "항목명": "영업활동으로인한현금흐름|현금유출없는비용등가산|사채상환손실"
  },
  "161226": {
    "항목명": "영업활동으로인한현금흐름|현금유출없는비용등가산|이자비용"
  },
  "161262": {
    "항목명": "영업활동으로인한현금흐름|현금유출없는비용등가산|주식보상비용"
  },
  "161277": {
    "항목명": "영업활동으로인한현금흐름|현금유출없는비용등가산|파생상품평가손실"
  },
  "161239": {
    "항목명": "영업활동으로인한현금흐름|현금유출없는비용등가산|현금의유출이없는기타비용"
  },
  "161510": {
    "항목명": "영업활동으로인한현금흐름|현금유입없는수익등차감"
  },
  "161696": {
    "항목명": "영업활동으로인한현금흐름|현금유입없는수익등차감|당기손익인식금융자산처분이익"
  },
  "161690": {
    "항목명": "영업활동으로인한현금흐름|현금유입없는수익등차감|관계기업투자처분이익"
  },
  "161514": {
    "항목명": "영업활동으로인한현금흐름|현금유입없는수익등차감|유,무형,리스자산처분이익"
  },
  "161674": {
    "항목명": "영업활동으로인한현금흐름|현금유입없는수익등차감|당기손익인식금융자산평가이익"
  },
  "161668": {
    "항목명": "영업활동으로인한현금흐름|현금유입없는수익등차감|매도가능금융자산손상차손환입"
  },
  "161655": {
    "항목명": "영업활동으로인한현금흐름|현금유입없는수익등차감|종속기업투자손상차손환입"
  },
  "161516": {
    "항목명": "영업활동으로인한현금흐름|현금유입없는수익등차감|외화환산이익"
  },
  "161518": {
    "항목명": "영업활동으로인한현금흐름|현금유입없는수익등차감|대손충당부채환입"
  },
  "161521": {
    "항목명": "영업활동으로인한현금흐름|현금유입없는수익등차감|이자수익"
  },
  "161555": {
    "항목명": "영업활동으로인한현금흐름|현금유입없는수익등차감|배당금수익"
  },
  "161567": {
    "항목명": "영업활동으로인한현금흐름|현금유입없는수익등차감|기타금융수익"
  },
  "161553": {
    "항목명": "영업활동으로인한현금흐름|현금유입없는수익등차감|주식보상비용환입"
  },
  "161556": {
    "항목명": "영업활동으로인한현금흐름|현금유입없는수익등차감|법인세비용의환급"
  },
  "161558": {
    "항목명": "영업활동으로인한현금흐름|현금유입없는수익등차감|부채성충당부채환입액"
  },
  "161610": {
    "항목명": "영업활동으로인한현금흐름|현금유입없는수익등차감|파생상품거래이익"
  },
  "161612": {
    "항목명": "영업활동으로인한현금흐름|현금유입없는수익등차감|파생상품평가이익"
  },
  "161529": {
    "항목명": "영업활동으로인한현금흐름|현금유입없는수익등차감|현금의유입이없는기타수익"
  },
  "161540": {
    "항목명": "영업활동으로인한현금흐름|영업활동관련자산부채변동"
  },
  "161541": {
    "항목명": "영업활동으로인한현금흐름|영업활동관련자산부채변동|매출채권의감소(증가)"
  },
  "161543": {
    "항목명": "영업활동으로인한현금흐름|영업활동관련자산부채변동|선급금의감소(증가)"
  },
  "161568": {
    "항목명": "영업활동으로인한현금흐름|영업활동관련자산부채변동|당기법인세자산의감소(증가)"
  },
  "161544": {
    "항목명": "영업활동으로인한현금흐름|영업활동관련자산부채변동|선급비용의감소(증가)"
  },
  "161685": {
    "항목명": "영업활동으로인한현금흐름|영업활동관련자산부채변동|장기선급비용의감소(증가)"
  },
  "161545": {
    "항목명": "영업활동으로인한현금흐름|영업활동관련자산부채변동|미수금의감소(증가)"
  },
  "161686": {
    "항목명": "영업활동으로인한현금흐름|영업활동관련자산부채변동|미수수익의감소(증가)"
  },
  "161687": {
    "항목명": "영업활동으로인한현금흐름|영업활동관련자산부채변동|부가세대급금의감소(증가)"
  },
  "161546": {
    "항목명": "영업활동으로인한현금흐름|영업활동관련자산부채변동|이연법인세자산감소(증가)"
  },
  "161551": {
    "항목명": "영업활동으로인한현금흐름|영업활동관련자산부채변동|기타투자및비유동자산감소(증가)"
  },
  "161572": {
    "항목명": "영업활동으로인한현금흐름|영업활동관련자산부채변동|선수금의증가(감소)"
  },
  "161573": {
    "항목명": "영업활동으로인한현금흐름|영업활동관련자산부채변동|예수금의증가(감소)"
  },
  "161574": {
    "항목명": "영업활동으로인한현금흐름|영업활동관련자산부채변동|미지급비용의증가(감소)"
  },
  "161575": {
    "항목명": "영업활동으로인한현금흐름|영업활동관련자산부채변동|미지급금의증가(감소)"
  },
  "161579": {
    "항목명": "영업활동으로인한현금흐름|영업활동관련자산부채변동|기타유동부채증가(감소)"
  },
  "161566": {
    "항목명": "영업활동으로인한현금흐름|영업활동관련자산부채변동|퇴직급여채무의 증가(감소)"
  },
  "161582": {
    "항목명": "영업활동으로인한현금흐름|영업활동관련자산부채변동|퇴직금의지급"
  },
  "161591": {
    "항목명": "영업활동으로인한현금흐름|영업활동관련자산부채변동|부채성충당부채의증가(감소)"
  },
  "161589": {
    "항목명": "영업활동으로인한현금흐름|영업활동관련자산부채변동|비유동부채의증가(감소)"
  },
  "161710": {
    "항목명": "영업활동으로인한현금흐름|금융비용유출액"
  },
  "161711": {
    "항목명": "영업활동으로인한현금흐름|이자수익유입액"
  },
  "161713": {
    "항목명": "영업활동으로인한현금흐름|배당금수익유입액"
  },
  "161714": {
    "항목명": "영업활동으로인한현금흐름|법인세의납부(환급)"
  },
  "162000": {
    "항목명": "투자활동으로인한현금흐름"
  },
  "162100": {
    "항목명": "투자활동으로인한현금흐름|투자활동으로인한현금유입"
  },
  "162110": {
    "항목명": "투자활동으로인한현금흐름|투자활동으로인한현금유입|유동자산의감소"
  },
  "162111": {
    "항목명": "투자활동으로인한현금흐름|투자활동으로인한현금유입|유동자산의감소|단기투자증권의처분"
  },
  "162112": {
    "항목명": "투자활동으로인한현금흐름|투자활동으로인한현금유입|유동자산의감소|단기대여금의회수"
  },
  "162116": {
    "항목명": "투자활동으로인한현금흐름|투자활동으로인한현금유입|유동자산의감소|단기금융상품의회수"
  },
  "162120": {
    "항목명": "투자활동으로인한현금흐름|투자활동으로인한현금유입|투자자산등의감소"
  },
  "162133": {
    "항목명": "투자활동으로인한현금흐름|투자활동으로인한현금유입|투자자산등의감소|장기금융상품의감소"
  },
  "162171": {
    "항목명": "투자활동으로인한현금흐름|투자활동으로인한현금유입|투자자산등의감소|당기손익인식금융자산의 처분"
  },
  "162191": {
    "항목명": "투자활동으로인한현금흐름|투자활동으로인한현금유입|투자자산등의감소|종속회사투자관련현금유입액"
  },
  "162192": {
    "항목명": "투자활동으로인한현금흐름|투자활동으로인한현금유입|투자자산등의감소|종속회사투자관련현금유입액|종속회사투자의처분"
  },
  "162196": {
    "항목명": "투자활동으로인한현금흐름|투자활동으로인한현금유입|투자자산등의감소|관계회사투자관련현금유입액"
  },
  "162197": {
    "항목명": "투자활동으로인한현금흐름|투자활동으로인한현금유입|투자자산등의감소|관계회사투자관련현금유입액|관계회사투자의처분"
  },
  "162126": {
    "항목명": "투자활동으로인한현금흐름|투자활동으로인한현금유입|투자자산등의감소|장기대여금의회수"
  },
  "162131": {
    "항목명": "투자활동으로인한현금흐름|투자활동으로인한현금유입|투자자산등의감소|보증금의감소"
  },
  "162136": {
    "항목명": "투자활동으로인한현금흐름|투자활동으로인한현금유입|투자자산등의감소|기타비유동자산의감소"
  },
  "162150": {
    "항목명": "투자활동으로인한현금흐름|투자활동으로인한현금유입|유,무형,리스자산의감소"
  },
  "162154": {
    "항목명": "투자활동으로인한현금흐름|투자활동으로인한현금유입|유,무형,리스자산의감소|공구,기구,비품처분"
  },
  "162157": {
    "항목명": "투자활동으로인한현금흐름|투자활동으로인한현금유입|유,무형,리스자산의감소|무형자산감소"
  },
  "162163": {
    "항목명": "투자활동으로인한현금흐름|투자활동으로인한현금유입|유,무형,리스자산의감소|무형자산감소|기타무형자산감소"
  },
  "162169": {
    "항목명": "투자활동으로인한현금흐름|투자활동으로인한현금유입|유,무형,리스자산의감소|기타유형,리스자산처분"
  },
  "162213": {
    "항목명": "투자활동으로인한현금흐름|투자활동으로인한현금유입|파생상품의처분"
  },
  "161688": {
    "항목명": "투자활동으로인한현금흐름|투자활동으로인한현금유입|정부보조금의증가"
  },
  "162220": {
    "항목명": "투자활동으로인한현금흐름|투자활동으로인한현금유입|합병(영업양수도)현금유입"
  },
  "162500": {
    "항목명": "투자활동으로인한현금흐름|투자활동으로인한현금유출"
  },
  "162510": {
    "항목명": "투자활동으로인한현금흐름|투자활동으로인한현금유출|유동자산의증가"
  },
  "162512": {
    "항목명": "투자활동으로인한현금흐름|투자활동으로인한현금유출|유동자산의증가|단기대여금의증가"
  },
  "162516": {
    "항목명": "투자활동으로인한현금흐름|투자활동으로인한현금유출|유동자산의증가|단기금융상품의증가"
  },
  "162519": {
    "항목명": "투자활동으로인한현금흐름|투자활동으로인한현금유출|유동자산의증가|기타유동자산증가"
  },
  "162520": {
    "항목명": "투자활동으로인한현금흐름|투자활동으로인한현금유출|투자자산등의증가"
  },
  "162532": {
    "항목명": "투자활동으로인한현금흐름|투자활동으로인한현금유출|투자자산등의증가|장기금융상품의증가"
  },
  "162522": {
    "항목명": "투자활동으로인한현금흐름|투자활동으로인한현금유출|투자자산등의증가|장기투자증권취득"
  },
  "162523": {
    "항목명": "투자활동으로인한현금흐름|투자활동으로인한현금유출|투자자산등의증가|지분법주식취득"
  },
  "162564": {
    "항목명": "투자활동으로인한현금흐름|투자활동으로인한현금유출|투자자산등의증가|당기손익인식금융자산의 취득"
  },
  "162565": {
    "항목명": "투자활동으로인한현금흐름|투자활동으로인한현금유출|투자자산등의증가|매도가능금융자산의 취득"
  },
  "162540": {
    "항목명": "투자활동으로인한현금흐름|투자활동으로인한현금유출|투자자산등의증가|종속회사투자관련현금유출액"
  },
  "162541": {
    "항목명": "투자활동으로인한현금흐름|투자활동으로인한현금유출|투자자산등의증가|종속회사투자관련현금유출액|종속회사투자의취득"
  },
  "162545": {
    "항목명": "투자활동으로인한현금흐름|투자활동으로인한현금유출|투자자산등의증가|관계회사투자관련현금유출액"
  },
  "162546": {
    "항목명": "투자활동으로인한현금흐름|투자활동으로인한현금유출|투자자산등의증가|관계회사투자관련현금유출액|관계회사투자의취득"
  },
  "162525": {
    "항목명": "투자활동으로인한현금흐름|투자활동으로인한현금유출|투자자산등의증가|투자부동산증가"
  },
  "162526": {
    "항목명": "투자활동으로인한현금흐름|투자활동으로인한현금유출|투자자산등의증가|장기대여금증가"
  },
  "162530": {
    "항목명": "투자활동으로인한현금흐름|투자활동으로인한현금유출|투자자산등의증가|보증금의증가"
  },
  "162535": {
    "항목명": "투자활동으로인한현금흐름|투자활동으로인한현금유출|투자자산등의증가|기타비유동자산의증가"
  },
  "162550": {
    "항목명": "투자활동으로인한현금흐름|투자활동으로인한현금유출|유,무형,리스자산의증가"
  },
  "162552": {
    "항목명": "투자활동으로인한현금흐름|투자활동으로인한현금유출|유,무형,리스자산의증가|건물구축물시설장치의취득"
  },
  "162554": {
    "항목명": "투자활동으로인한현금흐름|투자활동으로인한현금유출|유,무형,리스자산의증가|공구,기구,비품취득"
  },
  "162556": {
    "항목명": "투자활동으로인한현금흐름|투자활동으로인한현금유출|유,무형,리스자산의증가|건설중인자산의증가"
  },
  "162557": {
    "항목명": "투자활동으로인한현금흐름|투자활동으로인한현금유출|유,무형,리스자산의증가|무형자산증가"
  },
  "162563": {
    "항목명": "투자활동으로인한현금흐름|투자활동으로인한현금유출|유,무형,리스자산의증가|무형자산증가|기타무형자산증가"
  },
  "162569": {
    "항목명": "투자활동으로인한현금흐름|투자활동으로인한현금유출|유,무형,리스자산의증가|기타유형,리스자산증가"
  },
  "162613": {
    "항목명": "투자활동으로인한현금흐름|투자활동으로인한현금유출|파생상품의취득"
  },
  "162611": {
    "항목명": "투자활동으로인한현금흐름|투자활동으로인한현금유출|정부보조금의감소"
  },
  "162620": {
    "항목명": "투자활동으로인한현금흐름|투자활동으로인한현금유출|합병(영업양수도)현금유출"
  },
  "163000": {
    "항목명": "재무활동으로인한현금흐름"
  },
  "163100": {
    "항목명": "재무활동으로인한현금흐름|재무활동으로인한현금유입"
  },
  "163120": {
    "항목명": "재무활동으로인한현금흐름|재무활동으로인한현금유입|유동부채의증가"
  },
  "163122": {
    "항목명": "재무활동으로인한현금흐름|재무활동으로인한현금유입|유동부채의증가|단기차입금의증가"
  },
  "163140": {
    "항목명": "재무활동으로인한현금흐름|재무활동으로인한현금유입|비유동부채의증가"
  },
  "163141": {
    "항목명": "재무활동으로인한현금흐름|재무활동으로인한현금유입|비유동부채의증가|사채의발행"
  },
  "163142": {
    "항목명": "재무활동으로인한현금흐름|재무활동으로인한현금유입|비유동부채의증가|전환사채의발행"
  },
  "163145": {
    "항목명": "재무활동으로인한현금흐름|재무활동으로인한현금유입|비유동부채의증가|장기차입금증가"
  },
  "163148": {
    "항목명": "재무활동으로인한현금흐름|재무활동으로인한현금유입|비유동부채의증가|보증금의증가"
  },
  "163170": {
    "항목명": "재무활동으로인한현금흐름|재무활동으로인한현금유입|자본의증가"
  },
  "163171": {
    "항목명": "재무활동으로인한현금흐름|재무활동으로인한현금유입|자본의증가|유상증자(주식발행초과금)"
  },
  "163500": {
    "항목명": "재무활동으로인한현금흐름|재무활동으로인한현금유출"
  },
  "163520": {
    "항목명": "재무활동으로인한현금흐름|재무활동으로인한현금유출|유동부채의감소"
  },
  "163522": {
    "항목명": "재무활동으로인한현금흐름|재무활동으로인한현금유출|유동부채의감소|단기차입금의상환"
  },
  "163525": {
    "항목명": "재무활동으로인한현금흐름|재무활동으로인한현금유출|유동부채의감소|유동성장기차입금상환"
  },
  "163540": {
    "항목명": "재무활동으로인한현금흐름|재무활동으로인한현금유출|비유동부채의감소"
  },
  "163542": {
    "항목명": "재무활동으로인한현금흐름|재무활동으로인한현금유출|비유동부채의감소|전환사채의상환"
  },
  "163544": {
    "항목명": "재무활동으로인한현금흐름|재무활동으로인한현금유출|비유동부채의감소|장기차입금상환"
  },
  "163546": {
    "항목명": "재무활동으로인한현금흐름|재무활동으로인한현금유출|비유동부채의감소|장기미지급금지급"
  },
  "163547": {
    "항목명": "재무활동으로인한현금흐름|재무활동으로인한현금유출|비유동부채의감소|보증금의감소"
  },
  "163570": {
    "항목명": "재무활동으로인한현금흐름|재무활동으로인한현금유출|자본의감소"
  },
  "163572": {
    "항목명": "재무활동으로인한현금흐름|재무활동으로인한현금유출|자본의감소|자본잉여금감소"
  },
  "163575": {
    "항목명": "재무활동으로인한현금흐름|재무활동으로인한현금유출|자본의감소|자기주식취득"
  },
  "164000": {
    "항목명": "현금및현금성자산의증가(감소)"
  },
  "164030": {
    "항목명": "환율변동으로인한차이조정"
  },
  "165000": {
    "항목명": "기초의현금및현금성자산"
  },
  "166000": {
    "항목명": "기말의현금및현금성자산"
  },
  "167000": {
    "항목명": "현금유입과유출없는거래"
  },
  "167002": {
    "항목명": "현금유입과유출없는거래|유,무형자산의유동자산대체"
  },
  "167004": {
    "항목명": "현금유입과유출없는거래|투자자산간대체"
  },
  "167005": {
    "항목명": "현금유입과유출없는거래|유,무형자산의투자자산대체"
  },
  "167006": {
    "항목명": "현금유입과유출없는거래|유,무형자산간대체"
  },
  "167008": {
    "항목명": "현금유입과유출없는거래|금융리스에 의한 유,무형자산구입"
  },
  "167009": {
    "항목명": "현금유입과유출없는거래|사채의유동성대체"
  },
  "167010": {
    "항목명": "현금유입과유출없는거래|장기차입금유동성대체"
  },
  "167012": {
    "항목명": "현금유입과유출없는거래|장기미지급금,선수금유동성대체"
  },
  "167013": {
    "항목명": "현금유입과유출없는거래|기타비유동부채유동성대체"
  },
  "167064": {
    "항목명": "현금유입과유출없는거래|기타비유동자산유동성대체"
  },
  "167021": {
    "항목명": "현금유입과유출없는거래|전환사채등의자본전환"
  },
  "167022": {
    "항목명": "현금유입과유출없는거래|기타자본조정의변동"
  },
  "167065": {
    "항목명": "현금유입과유출없는거래|기타포괄손익누계액의변동"
  },
  "167063": {
    "항목명": "현금유입과유출없는거래|자기주식처분이익"
  },
  "167032": {
    "항목명": "현금유입과유출없는거래|합병(영업양수도)비현금거래"
  },
  "167051": {
    "항목명": "현금유입과유출없는거래|미지급금으로취득한유형자산"
  },
  "167053": {
    "항목명": "현금유입과유출없는거래|장기투자증권의단기투자증권전환"
  },
  "167054": {
    "항목명": "현금유입과유출없는거래|유동자산의투자자산대체"
  },
  "167055": {
    "항목명": "현금유입과유출없는거래|투자자산의유동자산대체"
  },
  "167049": {
    "항목명": "현금유입과유출없는거래|기타의현금유입과유출없는거래"
  }
}