{
  "114000": {
    "label": "자산총계|비유동자산(계)"
  },
  "113200": {
    "label": "자산총계|비유동자산(계)|유형자산(계)"
  },
  "113203": {
    "label": "(유형자산정부보조금계)"
  },
  "113201": {
    "label": "(유형자산감가상각누계액계)"
  },
  "113205": {
    "label": "(유형자산손상차손누계액계)"
  },
  "113310": {
    "label": "자산총계|비유동자산(계)|유형자산(계)|리스자산"
  },
  "113311": {
    "label": "(유형자산감가상각누계액계)|(리스자산감가상각누계액)"
  },
  "112690": {
    "label": "자산총계|비유동자산(계)|유형자산(계)|리스자산|기타리스자산"
  },
  "112699": {
    "label": "(유형자산감가상각누계액계)|(리스자산감가상각누계액)|(기타리스자산감가상각누계액)"
  },
  "113110": {
    "label": "자산총계|비유동자산(계)|유형자산(계)|토지"
  },
  "113146": {
    "label": "자산총계|비유동자산(계)|유형자산(계)|시설장치"
  },
  "113148": {
    "label": "(유형자산정부보조금계)|(시설장치정부보조금)"
  },
  "113149": {
    "label": "(유형자산감가상각누계액계)|(시설장치감가상각누계액)"
  },
  "113180": {
    "label": "자산총계|비유동자산(계)|유형자산(계)|비품"
  },
  "113181": {
    "label": "(유형자산감가상각누계액계)|(비품감가상각누계액)"
  },
  "113199": {
    "label": "자산총계|비유동자산(계)|유형자산(계)|건설중인자산"
  },
  "113196": {
    "label": "(유형자산손상차손누계액계)|(건설중인자산손상차손누계액)"
  },
  "112150": {
    "label": "자산총계|비유동자산(계)|투자부동산"
  },
  "112175": {
    "label": "(투자부동산감가상각누계액)"
  },
  "112143": {
    "label": "자산총계|비유동자산(계)|투자부동산|토지"
  },
  "112144": {
    "label": "자산총계|비유동자산(계)|투자부동산|건물"
  },
  "112178": {
    "label": "(투자부동산감가상각누계액)|(건물감가상각누계액)"
  },
  "113400": {
    "label": "자산총계|비유동자산(계)|무형자산(계)"
  },
  "113355": {
    "label": "(상각누계액)"
  },
  "113356": {
    "label": "(손상차손누계액)"
  },
  "113299": {
    "label": "(정부보조금)"
  },
  "113007": {
    "label": "자산총계|비유동자산(계)|무형자산(계)|기타의무형자산(계)"
  },
  "113008": {
    "label": "(상각누계액)|(기타의무형자산상각누계액)"
  },
  "113009": {
    "label": "(손상차손누계액)|(기타의무형자산손상차손누계액)"
  },
  "113010": {
    "label": "(정부보조금)|(기타의무형자산정부보조금)"
  },
  "113220": {
    "label": "자산총계|비유동자산(계)|무형자산(계)|기타의무형자산(계)|산업재산권"
  },
  "113221": {
    "label": "(상각누계액)|(기타의무형자산상각누계액)|(산업재산권상각누계액)"
  },
  "113240": {
    "label": "자산총계|비유동자산(계)|무형자산(계)|기타의무형자산(계)|저작권"
  },
  "113241": {
    "label": "(상각누계액)|(기타의무형자산상각누계액)|(저작권상각누계액)"
  },
  "113290": {
    "label": "자산총계|비유동자산(계)|무형자산(계)|기타의무형자산(계)|전용시설이용권"
  },
  "113291": {
    "label": "(상각누계액)|(기타의무형자산상각누계액)|(전용시설이용권상각누계액)"
  },
  "113297": {
    "label": "자산총계|비유동자산(계)|무형자산(계)|기타의무형자산(계)|소프트웨어"
  },
  "113346": {
    "label": "(상각누계액)|(기타의무형자산상각누계액)|(소프트웨어상각누계액)"
  },
  "113347": {
    "label": "(손상차손누계액)|(기타의무형자산손상차손누계액)|(소프트웨어손상차손누계액)"
  },
  "113348": {
    "label": "(정부보조금)|(기타의무형자산정부보조금)|(소프트웨어정부보조금)"
  },
  "113300": {
    "label": "자산총계|비유동자산(계)|무형자산(계)|기타의무형자산(계)|기타무형자산"
  },
  "113349": {
    "label": "(상각누계액)|(기타의무형자산상각누계액)|(기타무형자산상각누계액)"
  },
  "113383": {
    "label": "자산총계|비유동자산(계)|장기투자자산"
  },
  "112108": {
    "label": "자산총계|비유동자산(계)|장기투자자산|당기손익인식금융자산"
  },
  "112109": {
    "label": "자산총계|비유동자산(계)|장기투자자산|당기손익인식금융자산|매매목적파생상품"
  },
  "112113": {
    "label": "자산총계|비유동자산(계)|장기투자자산|당기손익인식금융자산|기타당기손익인식금융자산"
  },
  "112111": {
    "label": "자산총계|비유동자산(계)|장기투자자산|당기손익인식금융자산|기타당기손익인식금융자산|장기금융상품"
  },
  "112106": {
    "label": "자산총계|비유동자산(계)|장기투자자산|당기손익인식금융자산|기타당기손익인식금융자산|장기금융상품|기타장기금융상품"
  },
  "112114": {
    "label": "자산총계|비유동자산(계)|장기투자자산|당기손익인식금융자산|기타당기손익인식금융자산|기타의기타당기손익인식금융자산"
  },
  "112121": {
    "label": "자산총계|비유동자산(계)|장기투자자산|매도가능금융자산"
  },
  "112147": {
    "label": "자산총계|비유동자산(계)|장기투자자산|지분법적용주식"
  },
  "112117": {
    "label": "자산총계|비유동자산(계)|장기투자자산|종속기업투자"
  },
  "112118": {
    "label": "자산총계|비유동자산(계)|장기투자자산|관계기업투자"
  },
  "112119": {
    "label": "자산총계|비유동자산(계)|장기투자자산|조인트벤처투자"
  },
  "112631": {
    "label": "자산총계|비유동자산(계)|매출채권및기타채권"
  },
  "112180": {
    "label": "(매출채권및기타채권 대손충당부채)"
  },
  "112241": {
    "label": "자산총계|비유동자산(계)|매출채권및기타채권|장기미수수익"
  },
  "112242": {
    "label": "(매출채권및기타채권 대손충당부채)|(장기미수수익대손충당부채)"
  },
  "112245": {
    "label": "자산총계|비유동자산(계)|매출채권및기타채권|장기미수수익|원화장기미수수익"
  },
  "112210": {
    "label": "자산총계|비유동자산(계)|매출채권및기타채권|장기대여금"
  },
  "112215": {
    "label": "(매출채권및기타채권 대손충당부채)|(장기대여금대손충당부채)"
  },
  "112211": {
    "label": "자산총계|비유동자산(계)|매출채권및기타채권|장기대여금|특수관계자장기대여금"
  },
  "112212": {
    "label": "자산총계|비유동자산(계)|매출채권및기타채권|장기대여금|주주임원종업원장기대여금"
  },
  "112213": {
    "label": "자산총계|비유동자산(계)|매출채권및기타채권|장기대여금|기타장기대여금"
  },
  "112261": {
    "label": "자산총계|비유동자산(계)|매출채권및기타채권|보증금"
  },
  "113604": {
    "label": "자산총계|비유동자산(계)|매출채권및기타채권|리스채권"
  },
  "112610": {
    "label": "자산총계|비유동자산(계)|매출채권및기타채권|리스채권|금융리스채권"
  },
  "112270": {
    "label": "자산총계|비유동자산(계)|이연법인세자산"
  },
  "112636": {
    "label": "자산총계|비유동자산(계)|기타비금융자산"
  },
  "112251": {
    "label": "자산총계|비유동자산(계)|기타비금융자산|장기선급금"
  },
  "112252": {
    "label": "자산총계|비유동자산(계)|기타비금융자산|장기선급비용"
  },
  "112000": {
    "label": "자산총계|유동자산(계)"
  },
  "111156": {
    "label": "자산총계|유동자산(계)|매출채권및기타채권"
  },
  "111249": {
    "label": "(매출채권및기타채권 대손충당부채)"
  },
  "111150": {
    "label": "자산총계|유동자산(계)|매출채권및기타채권|매출채권"
  },
  "111159": {
    "label": "(매출채권및기타채권 대손충당부채)|(매출채권대손충당부채)"
  },
  "111152": {
    "label": "자산총계|유동자산(계)|매출채권및기타채권|매출채권|외화매출채권"
  },
  "111147": {
    "label": "자산총계|유동자산(계)|매출채권및기타채권|매출채권|원화매출채권"
  },
  "111180": {
    "label": "자산총계|유동자산(계)|매출채권및기타채권|미수금"
  },
  "111189": {
    "label": "(매출채권및기타채권 대손충당부채)|(미수금대손충당부채)"
  },
  "111183": {
    "label": "자산총계|유동자산(계)|매출채권및기타채권|미수금|기타미수금"
  },
  "111190": {
    "label": "자산총계|유동자산(계)|매출채권및기타채권|미수수익"
  },
  "111199": {
    "label": "(매출채권및기타채권 대손충당부채)|(미수수익대손충당부채)"
  },
  "111192": {
    "label": "자산총계|유동자산(계)|매출채권및기타채권|미수수익|외화미수수익"
  },
  "111197": {
    "label": "자산총계|유동자산(계)|매출채권및기타채권|미수수익|원화미수수익"
  },
  "111170": {
    "label": "자산총계|유동자산(계)|매출채권및기타채권|단기대여금"
  },
  "111179": {
    "label": "(매출채권및기타채권 대손충당부채)|(단기대여금대손충당부채)"
  },
  "111171": {
    "label": "자산총계|유동자산(계)|매출채권및기타채권|단기대여금|특수관계자단기대여금"
  },
  "111174": {
    "label": "자산총계|유동자산(계)|매출채권및기타채권|단기대여금|기타단기대여금"
  },
  "111591": {
    "label": "자산총계|유동자산(계)|매출채권및기타채권|리스채권"
  },
  "111594": {
    "label": "자산총계|유동자산(계)|매출채권및기타채권|리스채권|금융리스채권"
  },
  "111233": {
    "label": "자산총계|유동자산(계)|단기투자자산"
  },
  "111230": {
    "label": "자산총계|유동자산(계)|단기투자자산|당기손익인식금융자산"
  },
  "111232": {
    "label": "자산총계|유동자산(계)|단기투자자산|당기손익인식금융자산|기타당기손익인식금융자산"
  },
  "111220": {
    "label": "자산총계|유동자산(계)|단기투자자산|당기손익인식금융자산|기타당기손익인식금융자산|단기금융상품"
  },
  "111225": {
    "label": "자산총계|유동자산(계)|단기투자자산|당기손익인식금융자산|기타당기손익인식금융자산|단기금융상품|기타단기금융상품"
  },
  "111484": {
    "label": "자산총계|유동자산(계)|단기투자자산|당기손익인식금융자산|기타당기손익인식금융자산|기타의기타당기손익인식금융자산"
  },
  "111162": {
    "label": "자산총계|유동자산(계)|단기투자자산|매도가능금융자산"
  },
  "111421": {
    "label": "자산총계|유동자산(계)|당기법인세자산"
  },
  "111401": {
    "label": "자산총계|유동자산(계)|기타비금융자산"
  },
  "111410": {
    "label": "자산총계|유동자산(계)|기타비금융자산|선급금"
  },
  "111419": {
    "label": "(선급금대손충당부채)"
  },
  "111415": {
    "label": "자산총계|유동자산(계)|기타비금융자산|선급금|기타선급금"
  },
  "111420": {
    "label": "자산총계|유동자산(계)|기타비금융자산|선급비용"
  },
  "111422": {
    "label": "자산총계|유동자산(계)|기타비금융자산|부가세대급금"
  },
  "111430": {
    "label": "자산총계|유동자산(계)|기타비금융자산|보증금"
  },
  "111200": {
    "label": "자산총계|유동자산(계)|기타비금융자산|기타당좌자산"
  },
  "111100": {
    "label": "자산총계|유동자산(계)|현금및현금성자산"
  },
  "111135": {
    "label": "(정부보조금)"
  },
  "111130": {
    "label": "자산총계|유동자산(계)|현금및현금성자산|예금"
  },
  "111134": {
    "label": "자산총계|유동자산(계)|현금및현금성자산|예금|기타예금"
  },
  "111137": {
    "label": "자산총계|유동자산(계)|현금및현금성자산|기타현금성자산"
  },
  "115000": {
    "label": "자산총계"
  },
  "118060": {
    "label": "부채와자본총계|자본총계|납입자본"
  },
  "118100": {
    "label": "부채와자본총계|자본총계|납입자본|자본금"
  },
  "118110": {
    "label": "부채와자본총계|자본총계|납입자본|자본금|보통주자본금"
  },
  "118120": {
    "label": "부채와자본총계|자본총계|납입자본|자본금|우선주자본금"
  },
  "118211": {
    "label": "부채와자본총계|자본총계|납입자본|주식발행초과금"
  },
  "118300": {
    "label": "부채와자본총계|자본총계|이익잉여금"
  },
  "118330": {
    "label": "부채와자본총계|자본총계|이익잉여금|미처분이익잉여금"
  },
  "118630": {
    "label": "부채와자본총계|자본총계|기타자본구성요소"
  },
  "118600": {
    "label": "부채와자본총계|자본총계|기타자본구성요소|기타포괄손익누계액"
  },
  "118470": {
    "label": "부채와자본총계|자본총계|기타자본구성요소|기타포괄손익누계액|해외사업환산손실(-)"
  },
  "118530": {
    "label": "부채와자본총계|자본총계|기타자본구성요소|기타포괄손익누계액|투자자산평가손실(-)"
  },
  "118531": {
    "label": "부채와자본총계|자본총계|기타자본구성요소|기타포괄손익누계액|투자자산평가손실(-)|매도가능금융자산평가손실(-)"
  },
  "118533": {
    "label": "부채와자본총계|자본총계|기타자본구성요소|기타포괄손익누계액|투자자산평가손실(-)|부의지분법자본변동(-)"
  },
  "118540": {
    "label": "부채와자본총계|자본총계|기타자본구성요소|기타포괄손익누계액|투자자산평가이익"
  },
  "118541": {
    "label": "부채와자본총계|자본총계|기타자본구성요소|기타포괄손익누계액|투자자산평가이익|매도가능금융자산평가이익"
  },
  "118621": {
    "label": "부채와자본총계|자본총계|기타자본구성요소|기타포괄손익누계액|보험수리적손실(-)"
  },
  "118090": {
    "label": "부채와자본총계|자본총계|기타자본구성요소|기타자본구성"
  },
  "118214": {
    "label": "부채와자본총계|자본총계|기타자본구성요소|기타자본구성|주식발행초과금"
  },
  "118236": {
    "label": "부채와자본총계|자본총계|기타자본구성요소|기타자본구성|자기주식처분이익"
  },
  "118238": {
    "label": "부채와자본총계|자본총계|기타자본구성요소|기타자본구성|전환권대가"
  },
  "118430": {
    "label": "부채와자본총계|자본총계|기타자본구성요소|기타자본구성|자기주식(-)"
  },
  "118570": {
    "label": "부채와자본총계|자본총계|기타자본구성요소|기타자본구성|주식선택권"
  },
  "118599": {
    "label": "부채와자본총계|자본총계|기타자본구성요소|기타자본구성|기타의기타자본구성"
  },
  "118900": {
    "label": "부채와자본총계|자본총계"
  },
  "117000": {
    "label": "부채와자본총계|부채총계|비유동부채(계)"
  },
  "117112": {
    "label": "부채와자본총계|부채총계|비유동부채(계)|매입채무및기타채무"
  },
  "116400": {
    "label": "부채와자본총계|부채총계|비유동부채(계)|매입채무및기타채무|장기미지급금"
  },
  "116409": {
    "label": "부채와자본총계|부채총계|비유동부채(계)|매입채무및기타채무|장기미지급금|기타장기미지급금"
  },
  "116805": {
    "label": "부채와자본총계|부채총계|비유동부채(계)|매입채무및기타채무|보증금"
  },
  "116800": {
    "label": "부채와자본총계|부채총계|비유동부채(계)|매입채무및기타채무|보증금|임대보증금"
  },
  "117111": {
    "label": "부채와자본총계|부채총계|비유동부채(계)|비유동차입부채"
  },
  "116050": {
    "label": "부채와자본총계|부채총계|비유동부채(계)|비유동차입부채|장기사채(계)"
  },
  "116051": {
    "label": "(전환권조정계)"
  },
  "116107": {
    "label": "(사채상환할증금계)"
  },
  "116101": {
    "label": "부채와자본총계|부채총계|비유동부채(계)|비유동차입부채|장기사채(계)|전환사채"
  },
  "116102": {
    "label": "(전환권조정계)|(전환권조정)"
  },
  "116127": {
    "label": "(사채상환할증금계)|(전환사채상환할증금)"
  },
  "116200": {
    "label": "부채와자본총계|부채총계|비유동부채(계)|비유동차입부채|장기차입금(계)"
  },
  "116210": {
    "label": "부채와자본총계|부채총계|비유동부채(계)|비유동차입부채|장기차입금(계)|장기차입금"
  },
  "117114": {
    "label": "부채와자본총계|부채총계|비유동부채(계)|기타금융부채"
  },
  "117115": {
    "label": "부채와자본총계|부채총계|비유동부채(계)|기타금융부채|당기손익인식금융부채"
  },
  "117116": {
    "label": "부채와자본총계|부채총계|비유동부채(계)|기타금융부채|당기손익인식금융부채|매매목적파생상품"
  },
  "117117": {
    "label": "부채와자본총계|부채총계|비유동부채(계)|기타금융부채|당기손익인식금융부채|기타당기손익인식금융부채"
  },
  "116260": {
    "label": "부채와자본총계|부채총계|비유동부채(계)|기타금융부채|금융리스부채"
  },
  "117119": {
    "label": "부채와자본총계|부채총계|비유동부채(계)|기타비금융부채"
  },
  "116500": {
    "label": "부채와자본총계|부채총계|비유동부채(계)|기타비금융부채|장기미지급비용"
  },
  "116700": {
    "label": "부채와자본총계|부채총계|비유동부채(계)|기타비금융부채|기타비유동부채"
  },
  "117123": {
    "label": "부채와자본총계|부채총계|비유동부채(계)|퇴직급여채무"
  },
  "116600": {
    "label": "부채와자본총계|부채총계|비유동부채(계)|장기충당부채(계)"
  },
  "116645": {
    "label": "부채와자본총계|부채총계|비유동부채(계)|장기충당부채(계)|복구충당부채"
  },
  "116640": {
    "label": "부채와자본총계|부채총계|비유동부채(계)|장기충당부채(계)|기타부채성충당부채"
  },
  "116000": {
    "label": "부채와자본총계|부채총계|유동부채(계)"
  },
  "115120": {
    "label": "부채와자본총계|부채총계|유동부채(계)|매입채무및기타채무"
  },
  "115140": {
    "label": "부채와자본총계|부채총계|유동부채(계)|매입채무및기타채무|미지급금"
  },
  "115147": {
    "label": "부채와자본총계|부채총계|유동부채(계)|매입채무및기타채무|미지급금|기타미지급금"
  },
  "115160": {
    "label": "부채와자본총계|부채총계|유동부채(계)|매입채무및기타채무|예수금"
  },
  "115164": {
    "label": "부채와자본총계|부채총계|유동부채(계)|매입채무및기타채무|예수금|기타예수금"
  },
  "115171": {
    "label": "부채와자본총계|부채총계|유동부채(계)|매입채무및기타채무|보증금"
  },
  "115175": {
    "label": "부채와자본총계|부채총계|유동부채(계)|매입채무및기타채무|보증금|임대보증금"
  },
  "115180": {
    "label": "부채와자본총계|부채총계|유동부채(계)|매입채무및기타채무|미지급비용"
  },
  "115122": {
    "label": "부채와자본총계|부채총계|유동부채(계)|유동차입부채"
  },
  "115130": {
    "label": "부채와자본총계|부채총계|유동부채(계)|유동차입부채|단기차입금"
  },
  "115133": {
    "label": "부채와자본총계|부채총계|유동부채(계)|유동차입부채|단기차입금|외화단기차입금"
  },
  "115134": {
    "label": "부채와자본총계|부채총계|유동부채(계)|유동차입부채|단기차입금|특수관계자단기차입금"
  },
  "115136": {
    "label": "부채와자본총계|부채총계|유동부채(계)|유동차입부채|단기차입금|주주,임원,종업원단기차입금"
  },
  "115132": {
    "label": "부채와자본총계|부채총계|유동부채(계)|유동차입부채|단기차입금|기타단기차입금"
  },
  "115190": {
    "label": "부채와자본총계|부채총계|유동부채(계)|유동차입부채|유동성장기부채"
  },
  "115531": {
    "label": "(유동성장기부채전환권조정)"
  },
  "115536": {
    "label": "(유동성장기부채상환할증금)"
  },
  "115191": {
    "label": "부채와자본총계|부채총계|유동부채(계)|유동차입부채|유동성장기부채|유동성장기차입금"
  },
  "115193": {
    "label": "부채와자본총계|부채총계|유동부채(계)|유동차입부채|유동성장기부채|유동성사채"
  },
  "115189": {
    "label": "(유동성장기부채전환권조정)|(전환권조정)"
  },
  "115201": {
    "label": "(유동성장기부채상환할증금)|(유동성사채상환할증금)"
  },
  "115195": {
    "label": "부채와자본총계|부채총계|유동부채(계)|유동차입부채|유동성장기부채|유동성금융리스부채"
  },
  "115144": {
    "label": "부채와자본총계|부채총계|유동부채(계)|당기법인세부채"
  },
  "115127": {
    "label": "부채와자본총계|부채총계|유동부채(계)|기타금융부채"
  },
  "115128": {
    "label": "부채와자본총계|부채총계|유동부채(계)|기타금융부채|당기손익인식금융부채"
  },
  "115129": {
    "label": "부채와자본총계|부채총계|유동부채(계)|기타금융부채|당기손익인식금융부채|매매목적파생상품"
  },
  "115137": {
    "label": "부채와자본총계|부채총계|유동부채(계)|기타금융부채|당기손익인식금융부채|기타당기손익인식금융부채"
  },
  "115138": {
    "label": "부채와자본총계|부채총계|유동부채(계)|기타금융부채|상환우선주"
  },
  "115123": {
    "label": "부채와자본총계|부채총계|유동부채(계)|기타비금융부채"
  },
  "115150": {
    "label": "부채와자본총계|부채총계|유동부채(계)|기타비금융부채|선수금"
  },
  "115153": {
    "label": "부채와자본총계|부채총계|유동부채(계)|기타비금융부채|선수금|기타선수금"
  },
  "115210": {
    "label": "부채와자본총계|부채총계|유동부채(계)|기타비금융부채|선수수익"
  },
  "115211": {
    "label": "부채와자본총계|부채총계|유동부채(계)|단기충당부채"
  },
  "115219": {
    "label": "부채와자본총계|부채총계|유동부채(계)|단기충당부채|기타단기부채성충당부채"
  },
  "118000": {
    "label": "부채와자본총계|부채총계"
  },
  "119000": {
    "label": "부채와자본총계"
  }
}