{
  "121000": {
    "항목명": "수익"
  },
  "121100": {
    "항목명": "수익|총수익"
  },
  "121120": {
    "항목명": "수익|총수익|제품판매로인한수익"
  },
  "121121": {
    "항목명": "수익|총수익|제품판매로인한수익|국내"
  },
  "121122": {
    "항목명": "수익|총수익|제품판매로인한수익|수출"
  },
  "121128": {
    "항목명": "수익|총수익|제품판매로인한수익|구분불명"
  },
  "122000": {
    "항목명": "매출원가"
  },
  "122200": {
    "항목명": "매출원가|제품매출원가"
  },
  "122220": {
    "항목명": "매출원가|제품매출원가|당기제품제조원가"
  },
  "123000": {
    "항목명": "매출총이익(손실)"
  },
  "124000": {
    "항목명": "판매비와관리비"
  },
  "124100": {
    "항목명": "판매비와관리비|인건비"
  },
  "124105": {
    "항목명": "판매비와관리비|인건비|단기종업원급여"
  },
  "124120": {
    "항목명": "판매비와관리비|인건비|단기종업원급여|급료와임금"
  },
  "124140": {
    "항목명": "판매비와관리비|인건비|단기종업원급여|상여금"
  },
  "124145": {
    "항목명": "판매비와관리비|인건비|퇴직급여"
  },
  "124180": {
    "항목명": "판매비와관리비|인건비|주식보상비용"
  },
  "124170": {
    "항목명": "판매비와관리비|인건비|복리후생비"
  },
  "124200": {
    "항목명": "판매비와관리비|일반관리비"
  },
  "124211": {
    "항목명": "판매비와관리비|일반관리비|여비교통비"
  },
  "124212": {
    "항목명": "판매비와관리비|일반관리비|통신비"
  },
  "124214": {
    "항목명": "판매비와관리비|일반관리비|세금과공과"
  },
  "124215": {
    "항목명": "판매비와관리비|일반관리비|임차료비용"
  },
  "124216": {
    "항목명": "판매비와관리비|일반관리비|감가상각비"
  },
  "124218": {
    "항목명": "판매비와관리비|일반관리비|보험료"
  },
  "124220": {
    "항목명": "판매비와관리비|일반관리비|소모품비"
  },
  "124221": {
    "항목명": "판매비와관리비|일반관리비|도서인쇄비"
  },
  "124223": {
    "항목명": "판매비와관리비|일반관리비|교육훈련비"
  },
  "124224": {
    "항목명": "판매비와관리비|일반관리비|수수료비용"
  },
  "124300": {
    "항목명": "판매비와관리비|판매비"
  },
  "124311": {
    "항목명": "판매비와관리비|판매비|접대비"
  },
  "124312": {
    "항목명": "판매비와관리비|판매비|광고선전비"
  },
  "124316": {
    "항목명": "판매비와관리비|판매비|운반비"
  },
  "124400": {
    "항목명": "판매비와관리비|기타판매비와관리비"
  },
  "124420": {
    "항목명": "판매비와관리비|기타판매비와관리비|경상개발비"
  },
  "124440": {
    "항목명": "판매비와관리비|기타판매비와관리비|대손상각비"
  },
  "124450": {
    "항목명": "판매비와관리비|기타판매비와관리비|무형자산상각비"
  },
  "124453": {
    "항목명": "판매비와관리비|기타판매비와관리비|무형자산상각비|산업재산권상각"
  },
  "124462": {
    "항목명": "판매비와관리비|기타판매비와관리비|무형자산상각비|저작권상각"
  },
  "124457": {
    "항목명": "판매비와관리비|기타판매비와관리비|무형자산상각비|전용시설이용권상각"
  },
  "124470": {
    "항목명": "판매비와관리비|기타판매비와관리비|무형자산상각비|소프트웨어상각"
  },
  "124471": {
    "항목명": "판매비와관리비|기타판매비와관리비|무형자산상각비|기타무형자산상각"
  },
  "124460": {
    "항목명": "판매비와관리비|기타판매비와관리비|기타의기타판매비와관리비"
  },
  "125000": {
    "항목명": "영업이익(손실)"
  },
  "125100": {
    "항목명": "영업외수익"
  },
  "125182": {
    "항목명": "영업외수익|금융수익"
  },
  "125101": {
    "항목명": "영업외수익|금융수익|이자수익"
  },
  "125103": {
    "항목명": "영업외수익|금융수익|배당금수익"
  },
  "125183": {
    "항목명": "영업외수익|금융수익|기타금융수익"
  },
  "125169": {
    "항목명": "영업외수익|당기손익인식금융자산처분이익"
  },
  "125185": {
    "항목명": "영업외수익|관계기업투자처분이익"
  },
  "125123": {
    "항목명": "영업외수익|유,무형,리스자산처분이익"
  },
  "125105": {
    "항목명": "영업외수익|임대료수익"
  },
  "125106": {
    "항목명": "영업외수익|수수료수익"
  },
  "125109": {
    "항목명": "영업외수익|외환차익"
  },
  "125111": {
    "항목명": "영업외수익|외화환산이익"
  },
  "125118": {
    "항목명": "영업외수익|파생상품거래이익"
  },
  "125126": {
    "항목명": "영업외수익|파생상품평가이익"
  },
  "125187": {
    "항목명": "영업외수익|자산평가이익"
  },
  "125155": {
    "항목명": "영업외수익|자산평가이익|당기손익인식금융자산평가이익"
  },
  "125121": {
    "항목명": "영업외수익|자산평가이익|기타장단기투자자산평가이익"
  },
  "125113": {
    "항목명": "영업외수익|대손충당부채환입"
  },
  "125167": {
    "항목명": "영업외수익|자산손상차손환입"
  },
  "125149": {
    "항목명": "영업외수익|자산손상차손환입|매도가능금융자산손상차손환입"
  },
  "125171": {
    "항목명": "영업외수익|자산손상차손환입|종속기업투자손상차손환입"
  },
  "125115": {
    "항목명": "영업외수익|기타영업외수익"
  },
  "126000": {
    "항목명": "영업외비용"
  },
  "126103": {
    "항목명": "영업외비용|금융비용"
  },
  "126110": {
    "항목명": "영업외비용|금융비용|이자비용"
  },
  "126270": {
    "항목명": "영업외비용|투자자산처분손실"
  },
  "126129": {
    "항목명": "영업외비용|당기손익인식금융자산처분손실"
  },
  "126260": {
    "항목명": "영업외비용|유,무형,리스자산처분손실"
  },
  "126150": {
    "항목명": "영업외비용|기부금"
  },
  "126160": {
    "항목명": "영업외비용|외환차손"
  },
  "126174": {
    "항목명": "영업외비용|외화환산손실"
  },
  "126163": {
    "항목명": "영업외비용|파생상품평가손실"
  },
  "126170": {
    "항목명": "영업외비용|자산평가손실"
  },
  "126178": {
    "항목명": "영업외비용|자산평가손실|당기손익인식금융자산평가손실"
  },
  "126240": {
    "항목명": "영업외비용|기타대손상각비"
  },
  "126280": {
    "항목명": "영업외비용|사채상환손실"
  },
  "126310": {
    "항목명": "영업외비용|지분법손실"
  },
  "126126": {
    "항목명": "영업외비용|자산손상차손"
  },
  "126147": {
    "항목명": "영업외비용|자산손상차손|매도가능금융자산손상차손"
  },
  "126155": {
    "항목명": "영업외비용|자산손상차손|지분법주식손상차손"
  },
  "126156": {
    "항목명": "영업외비용|자산손상차손|종속기업투자손상차손"
  },
  "126157": {
    "항목명": "영업외비용|자산손상차손|관계기업투자손상차손"
  },
  "126410": {
    "항목명": "영업외비용|자산손상차손|유형자산손상차손"
  },
  "126420": {
    "항목명": "영업외비용|자산손상차손|무형자산손상차손"
  },
  "126250": {
    "항목명": "영업외비용|기타영업외비용"
  },
  "128000": {
    "항목명": "법인세비용차감전계속영업이익(손실)"
  },
  "128100": {
    "항목명": "계속영업손익법인세비용(부의법인세비용)"
  },
  "128160": {
    "항목명": "계속영업이익(손실)"
  },
  "129007": {
    "항목명": "기본주당계속영업손익"
  },
  "129009": {
    "항목명": "기본주당순손익"
  },
  "129017": {
    "항목명": "희석주당계속영업손익"
  },
  "129019": {
    "항목명": "희석주당순손익"
  },
  "129050": {
    "항목명": "기타포괄손익"
  },
  "129053": {
    "항목명": "기타포괄손익|투자자산평가손익"
  },
  "129055": {
    "항목명": "기타포괄손익|외화환산평가손익"
  },
  "129056": {
    "항목명": "기타포괄손익|보험수리적손익"
  },
  "129057": {
    "항목명": "기타포괄손익|기타의기타포괄손익"
  },
  "129060": {
    "항목명": "포괄손익"
  }
}