﻿계정코드,계정명,예측값
161000,영업활동으로인한현금흐름,692896718847
161100,영업활동으로인한현금흐름|당기순이익(손실),728077181282
161211,"영업활동으로인한현금흐름|현금유출없는비용등가산|유형자산, 투자부동산감가상각비",57524333000
161212,영업활동으로인한현금흐름|현금유출없는비용등가산|무형자산상각비,3399460000
161249,영업활동으로인한현금흐름|현금유출없는비용등가산|무형자산상각비|기타무형자산상각비,3399460000
161268,영업활동으로인한현금흐름|현금유출없는비용등가산|기타대손상각비,524312000
161215,영업활동으로인한현금흐름|현금유출없는비용등가산|퇴직급여,2546947000
161296,영업활동으로인한현금흐름|현금유출없는비용등가산|당기손익인식금융자산처분손실,62499507000
161219,"영업활동으로인한현금흐름|현금유출없는비용등가산|유,무형,리스자산처분손실",193140000
161282,영업활동으로인한현금흐름|현금유출없는비용등가산|당기손익인식금융자산평가손실,31307824000
161205,영업활동으로인한현금흐름|현금유출없는비용등가산|종속기업투자손상차손,179154738000
161206,영업활동으로인한현금흐름|현금유출없는비용등가산|관계기업투자손상차손,2022872000
161260,영업활동으로인한현금흐름|현금유출없는비용등가산|유형자산손상차손,2344920000
161247,영업활동으로인한현금흐름|현금유출없는비용등가산|법인세비용,245993460000
161226,영업활동으로인한현금흐름|현금유출없는비용등가산|이자비용,7005620000
161262,영업활동으로인한현금흐름|현금유출없는비용등가산|주식보상비용,19896868000
161277,영업활동으로인한현금흐름|현금유출없는비용등가산|파생상품평가손실,169156000
161696,영업활동으로인한현금흐름|현금유입없는수익등차감|당기손익인식금융자산처분이익,197676487000
161690,영업활동으로인한현금흐름|현금유입없는수익등차감|관계기업투자처분이익,863132000
161674,영업활동으로인한현금흐름|현금유입없는수익등차감|당기손익인식금융자산평가이익,25181436000
161521,영업활동으로인한현금흐름|현금유입없는수익등차감|이자수익,31096477000
161555,영업활동으로인한현금흐름|현금유입없는수익등차감|배당금수익,646194000
161612,영업활동으로인한현금흐름|현금유입없는수익등차감|파생상품평가이익,2208618000
161529,영업활동으로인한현금흐름|현금유입없는수익등차감|현금의유입이없는기타수익,1385605000
161540,영업활동으로인한현금흐름|영업활동관련자산부채변동,-96069624479
161541,영업활동으로인한현금흐름|영업활동관련자산부채변동|매출채권의감소(증가),-159010276000
161543,영업활동으로인한현금흐름|영업활동관련자산부채변동|선급금의감소(증가),7288764000
161544,영업활동으로인한현금흐름|영업활동관련자산부채변동|선급비용의감소(증가),-15252128000
161545,영업활동으로인한현금흐름|영업활동관련자산부채변동|미수금의감소(증가),-1882065000
161572,영업활동으로인한현금흐름|영업활동관련자산부채변동|선수금의증가(감소),1027733000
161573,영업활동으로인한현금흐름|영업활동관련자산부채변동|예수금의증가(감소),3934973000
161574,영업활동으로인한현금흐름|영업활동관련자산부채변동|미지급비용의증가(감소),34878966000
161575,영업활동으로인한현금흐름|영업활동관련자산부채변동|미지급금의증가(감소),-22984549000
161582,영업활동으로인한현금흐름|영업활동관련자산부채변동|퇴직금의지급,-981830000
161591,영업활동으로인한현금흐름|영업활동관련자산부채변동|부채성충당부채의증가(감소),-3374045000
162000,투자활동으로인한현금흐름,-396460962886
162100,투자활동으로인한현금흐름|투자활동으로인한현금유입,14174235504723
162112,투자활동으로인한현금흐름|투자활동으로인한현금유입|유동자산의감소|단기대여금의회수,68930601890
162116,투자활동으로인한현금흐름|투자활동으로인한현금유입|유동자산의감소|단기금융상품의회수,30000000000
162171,투자활동으로인한현금흐름|투자활동으로인한현금유입|투자자산등의감소|당기손익인식금융자산의 처분,14020936233120
162196,투자활동으로인한현금흐름|투자활동으로인한현금유입|투자자산등의감소|관계회사투자관련현금유입액,6484610000
162197,투자활동으로인한현금흐름|투자활동으로인한현금유입|투자자산등의감소|관계회사투자관련현금유입액|관계회사투자의처분,6484610000
162126,투자활동으로인한현금흐름|투자활동으로인한현금유입|투자자산등의감소|장기대여금의회수,9683883658
162131,투자활동으로인한현금흐름|투자활동으로인한현금유입|투자자산등의감소|보증금의감소,830281210
162150,"투자활동으로인한현금흐름|투자활동으로인한현금유입|유,무형,리스자산의감소",26342943300
162157,"투자활동으로인한현금흐름|투자활동으로인한현금유입|유,무형,리스자산의감소|무형자산감소",25793660933
162163,"투자활동으로인한현금흐름|투자활동으로인한현금유입|유,무형,리스자산의감소|무형자산감소|기타무형자산감소",25793660933
162169,"투자활동으로인한현금흐름|투자활동으로인한현금유입|유,무형,리스자산의감소|기타유형,리스자산처분",549282367
162500,투자활동으로인한현금흐름|투자활동으로인한현금유출,14570696467609
162512,투자활동으로인한현금흐름|투자활동으로인한현금유출|유동자산의증가|단기대여금의증가,6704000000
162620,투자활동으로인한현금흐름|투자활동으로인한현금유출|합병(영업양수도)현금유출,4305000000
163547,재무활동으로인한현금흐름|재무활동으로인한현금유출|비유동부채의감소|보증금의감소,588828000
