﻿계정코드,계정명,예측값
121000,수익,1838445665302
121100,수익|총수익,1838445665302
121120,수익|총수익|제품판매로인한수익,1838445665302
124105,판매비와관리비|인건비|단기종업원급여,175923618000
124120,판매비와관리비|인건비|단기종업원급여|급료와임금,175923618000
124145,판매비와관리비|인건비|퇴직급여,15240343000
124180,판매비와관리비|인건비|주식보상비용,19896868000
124170,판매비와관리비|인건비|복리후생비,31759029000
124211,판매비와관리비|일반관리비|여비교통비,4473533000
124218,판매비와관리비|일반관리비|보험료,6311250000
124220,판매비와관리비|일반관리비|소모품비,950966000
124224,판매비와관리비|일반관리비|수수료비용,447027840000
124312,판매비와관리비|판매비|광고선전비,41405446000
124440,판매비와관리비|기타판매비와관리비|대손상각비,-3302436000
124450,판매비와관리비|기타판매비와관리비|무형자산상각비,3399460000
125000,영업이익(손실),811620362152
125103,영업외수익|금융수익|배당금수익,646194000
125169,영업외수익|당기손익인식금융자산처분이익,197676487000
125185,영업외수익|관계기업투자처분이익,863132000
125123,"영업외수익|유,무형,리스자산처분이익",25792634000
125187,영업외수익|자산평가이익,25181436000
125155,영업외수익|자산평가이익|당기손익인식금융자산평가이익,25181436000
126110,영업외비용|금융비용|이자비용,7005620000
126129,영업외비용|당기손익인식금융자산처분손실,62499507000
126260,"영업외비용|유,무형,리스자산처분손실",193140000
126150,영업외비용|기부금,2568452000
126163,영업외비용|파생상품평가손실,169156000
126170,영업외비용|자산평가손실,31307824000
126178,영업외비용|자산평가손실|당기손익인식금융자산평가손실,31307824000
126240,영업외비용|기타대손상각비,524312000
126126,영업외비용|자산손상차손,183522530000
126156,영업외비용|자산손상차손|종속기업투자손상차손,179154738000
126157,영업외비용|자산손상차손|관계기업투자손상차손,2022872000
126410,영업외비용|자산손상차손|유형자산손상차손,2344920000
128000,법인세비용차감전계속영업이익(손실),974070640833
128100,계속영업손익법인세비용(부의법인세비용),245993459551
128160,계속영업이익(손실),728077181282
129007,기본주당계속영업손익,15668
129009,기본주당순손익,15668
129017,희석주당계속영업손익,15592
129019,희석주당순손익,15592
129050,기타포괄손익,-20411036191
129053,기타포괄손익|투자자산평가손익,-19876378276
129055,기타포괄손익|외화환산평가손익,-1024349
129056,기타포괄손익|보험수리적손익,-533633566
129060,포괄손익,707666145091
