,계정코드,계정명,예측값
0,114000,자산총계|비유동자산(계),2637208558662
1,113200,자산총계|비유동자산(계)|유형자산(계),190373999412
2,112150,자산총계|비유동자산(계)|투자부동산,547341420421
3,113400,자산총계|비유동자산(계)|무형자산(계),11601899887
4,112114,자산총계|비유동자산(계)|장기투자자산|당기손익인식금융자산|기타당기손익인식금융자산|기타의기타당기손익인식금융자산,164383507444
5,112121,자산총계|비유동자산(계)|장기투자자산|매도가능금융자산,133473398945
6,112270,자산총계|비유동자산(계)|이연법인세자산,75637681917
7,112636,자산총계|비유동자산(계)|기타비금융자산,37020864058
8,112251,자산총계|비유동자산(계)|기타비금융자산|장기선급금,37020864058
9,112000,자산총계|유동자산(계),3696863488258
10,111150,자산총계|유동자산(계)|매출채권및기타채권|매출채권,693578020715
11,111147,자산총계|유동자산(계)|매출채권및기타채권|매출채권|원화매출채권,693578020715
12,111484,자산총계|유동자산(계)|단기투자자산|당기손익인식금융자산|기타당기손익인식금융자산|기타의기타당기손익인식금융자산,2335113370088
13,111430,자산총계|유동자산(계)|기타비금융자산|보증금,1759158000
14,111100,자산총계|유동자산(계)|현금및현금성자산,511490896238
15,115000,자산총계,6334072046920
16,118060,부채와자본총계|자본총계|납입자본,4923729000
17,118100,부채와자본총계|자본총계|납입자본|자본금,4923729000
18,118110,부채와자본총계|자본총계|납입자본|자본금|보통주자본금,4923729000
19,118300,부채와자본총계|자본총계|이익잉여금,3047231712239
20,118330,부채와자본총계|자본총계|이익잉여금|미처분이익잉여금,3047231712239
21,118214,부채와자본총계|자본총계|기타자본구성요소|기타자본구성|주식발행초과금,1442097915000
22,118570,부채와자본총계|자본총계|기타자본구성요소|기타자본구성|주식선택권,49841312000
23,118900,부채와자본총계|자본총계,5592036287486
24,117000,부채와자본총계|부채총계|비유동부채(계),253912763868
25,116400,부채와자본총계|부채총계|비유동부채(계)|매입채무및기타채무|장기미지급금,184709000
26,116805,부채와자본총계|부채총계|비유동부채(계)|매입채무및기타채무|보증금,8816039000
27,116800,부채와자본총계|부채총계|비유동부채(계)|매입채무및기타채무|보증금|임대보증금,8816039000
28,117116,부채와자본총계|부채총계|비유동부채(계)|기타금융부채|당기손익인식금융부채|매매목적파생상품,14209825306
29,116500,부채와자본총계|부채총계|비유동부채(계)|기타비금융부채|장기미지급비용,3401688000
30,116700,부채와자본총계|부채총계|비유동부채(계)|기타비금융부채|기타비유동부채,49607494826
31,117123,부채와자본총계|부채총계|비유동부채(계)|퇴직급여채무,9600740854
32,116645,부채와자본총계|부채총계|비유동부채(계)|장기충당부채(계)|복구충당부채,13522928860
33,116000,부채와자본총계|부채총계|유동부채(계),488122995566
34,115140,부채와자본총계|부채총계|유동부채(계)|매입채무및기타채무|미지급금,55348808000
35,115160,부채와자본총계|부채총계|유동부채(계)|매입채무및기타채무|예수금,6276521000
36,115171,부채와자본총계|부채총계|유동부채(계)|매입채무및기타채무|보증금,472431000
37,115175,부채와자본총계|부채총계|유동부채(계)|매입채무및기타채무|보증금|임대보증금,472431000
38,115195,부채와자본총계|부채총계|유동부채(계)|유동차입부채|유동성장기부채|유동성금융리스부채,52265451000
39,115144,부채와자본총계|부채총계|유동부채(계)|당기법인세부채,137347614258
40,115150,부채와자본총계|부채총계|유동부채(계)|기타비금융부채|선수금,2089064000
41,118000,부채와자본총계|부채총계,742035759434
42,119000,부채와자본총계,6334072046920
