﻿계정코드,계정명,20231231 K 원,clean_answer,match_key
161210,영업활동으로인한현금흐름|현금유출없는비용등가산,"645,039,097,768",645039097768,161210|영업활동으로인한현금흐름|현금유출없는비용등가산|645039097768
161223,영업활동으로인한현금흐름|현금유출없는비용등가산|외화환산손실,"24,590,528,000",24590528000,161223|영업활동으로인한현금흐름|현금유출없는비용등가산|외화환산손실|24590528000
161239,영업활동으로인한현금흐름|현금유출없는비용등가산|현금의유출이없는기타비용,"5,865,412,768",5865412768,161239|영업활동으로인한현금흐름|현금유출없는비용등가산|현금의유출이없는기타비용|5865412768
161510,영업활동으로인한현금흐름|현금유입없는수익등차감,"468,207,168,000",468207168000,161510|영업활동으로인한현금흐름|현금유입없는수익등차감|468207168000
161514,"영업활동으로인한현금흐름|현금유입없는수익등차감|유,무형,리스자산처분이익","25,792,634,000",25792634000,"161514|영업활동으로인한현금흐름|현금유입없는수익등차감|유,무형,리스자산처분이익|25792634000"
161516,영업활동으로인한현금흐름|현금유입없는수익등차감|외화환산이익,"30,711,741,000",30711741000,161516|영업활동으로인한현금흐름|현금유입없는수익등차감|외화환산이익|30711741000
161518,영업활동으로인한현금흐름|현금유입없는수익등차감|대손충당부채환입,"3,302,436,000",3302436000,161518|영업활동으로인한현금흐름|현금유입없는수익등차감|대손충당부채환입|3302436000
161567,영업활동으로인한현금흐름|현금유입없는수익등차감|기타금융수익,"149,305,629,000",149305629000,161567|영업활동으로인한현금흐름|현금유입없는수익등차감|기타금융수익|149305629000
161558,영업활동으로인한현금흐름|현금유입없는수익등차감|부채성충당부채환입액,"36,779,000",36779000,161558|영업활동으로인한현금흐름|현금유입없는수익등차감|부채성충당부채환입액|36779000
161551,영업활동으로인한현금흐름|영업활동관련자산부채변동|기타투자및비유동자산감소(증가),"299,426,000",299426000,161551|영업활동으로인한현금흐름|영업활동관련자산부채변동|기타투자및비유동자산감소(증가)|299426000
161579,영업활동으로인한현금흐름|영업활동관련자산부채변동|기타유동부채증가(감소),"60,136,634,000",60136634000,161579|영업활동으로인한현금흐름|영업활동관련자산부채변동|기타유동부채증가(감소)|60136634000
161589,영업활동으로인한현금흐름|영업활동관련자산부채변동|비유동부채의증가(감소),"-151,227,479",-151227479,161589|영업활동으로인한현금흐름|영업활동관련자산부채변동|비유동부채의증가(감소)|-151227479
161710,영업활동으로인한현금흐름|금융비용유출액,"6,544,751,482",6544751482,161710|영업활동으로인한현금흐름|금융비용유출액|6544751482
161711,영업활동으로인한현금흐름|이자수익유입액,"30,161,201,941",30161201941,161711|영업활동으로인한현금흐름|이자수익유입액|30161201941
161713,영업활동으로인한현금흐름|배당금수익유입액,"984,734,253",984734253,161713|영업활동으로인한현금흐름|배당금수익유입액|984734253
161714,영업활동으로인한현금흐름|법인세의납부(환급),"140,543,952,436",140543952436,161714|영업활동으로인한현금흐름|법인세의납부(환급)|140543952436
162110,투자활동으로인한현금흐름|투자활동으로인한현금유입|유동자산의감소,"98,930,601,890",98930601890,162110|투자활동으로인한현금흐름|투자활동으로인한현금유입|유동자산의감소|98930601890
162120,투자활동으로인한현금흐름|투자활동으로인한현금유입|투자자산등의감소,"14,048,961,959,533",14048961959533,162120|투자활동으로인한현금흐름|투자활동으로인한현금유입|투자자산등의감소|14048961959533
162136,투자활동으로인한현금흐름|투자활동으로인한현금유입|투자자산등의감소|기타비유동자산의감소,"11,026,951,545",11026951545,162136|투자활동으로인한현금흐름|투자활동으로인한현금유입|투자자산등의감소|기타비유동자산의감소|11026951545
162510,투자활동으로인한현금흐름|투자활동으로인한현금유출|유동자산의증가,"39,025,156,815",39025156815,162510|투자활동으로인한현금흐름|투자활동으로인한현금유출|유동자산의증가|39025156815
162519,투자활동으로인한현금흐름|투자활동으로인한현금유출|유동자산의증가|기타유동자산증가,"32,321,156,815",32321156815,162519|투자활동으로인한현금흐름|투자활동으로인한현금유출|유동자산의증가|기타유동자산증가|32321156815
162520,투자활동으로인한현금흐름|투자활동으로인한현금유출|투자자산등의증가,"14,497,022,283,771",14497022283771,162520|투자활동으로인한현금흐름|투자활동으로인한현금유출|투자자산등의증가|14497022283771
162564,투자활동으로인한현금흐름|투자활동으로인한현금유출|투자자산등의증가|당기손익인식금융자산의 취득,"13,798,772,017,462",13798772017462,162564|투자활동으로인한현금흐름|투자활동으로인한현금유출|투자자산등의증가|당기손익인식금융자산의 취득|13798772017462
162565,투자활동으로인한현금흐름|투자활동으로인한현금유출|투자자산등의증가|매도가능금융자산의 취득,"75,524,113,246",75524113246,162565|투자활동으로인한현금흐름|투자활동으로인한현금유출|투자자산등의증가|매도가능금융자산의 취득|75524113246
162540,투자활동으로인한현금흐름|투자활동으로인한현금유출|투자자산등의증가|종속회사투자관련현금유출액,"76,996,232,620",76996232620,162540|투자활동으로인한현금흐름|투자활동으로인한현금유출|투자자산등의증가|종속회사투자관련현금유출액|76996232620
162541,투자활동으로인한현금흐름|투자활동으로인한현금유출|투자자산등의증가|종속회사투자관련현금유출액|종속회사투자의취득,"76,996,232,620",76996232620,162541|투자활동으로인한현금흐름|투자활동으로인한현금유출|투자자산등의증가|종속회사투자관련현금유출액|종속회사투자의취득|76996232620
162545,투자활동으로인한현금흐름|투자활동으로인한현금유출|투자자산등의증가|관계회사투자관련현금유출액,"194,332,439,599",194332439599,162545|투자활동으로인한현금흐름|투자활동으로인한현금유출|투자자산등의증가|관계회사투자관련현금유출액|194332439599
162546,투자활동으로인한현금흐름|투자활동으로인한현금유출|투자자산등의증가|관계회사투자관련현금유출액|관계회사투자의취득,"194,332,439,599",194332439599,162546|투자활동으로인한현금흐름|투자활동으로인한현금유출|투자자산등의증가|관계회사투자관련현금유출액|관계회사투자의취득|194332439599
162525,투자활동으로인한현금흐름|투자활동으로인한현금유출|투자자산등의증가|투자부동산증가,"343,531,809,548",343531809548,162525|투자활동으로인한현금흐름|투자활동으로인한현금유출|투자자산등의증가|투자부동산증가|343531809548
162526,투자활동으로인한현금흐름|투자활동으로인한현금유출|투자자산등의증가|장기대여금증가,"6,127,793,658",6127793658,162526|투자활동으로인한현금흐름|투자활동으로인한현금유출|투자자산등의증가|장기대여금증가|6127793658
162530,투자활동으로인한현금흐름|투자활동으로인한현금유출|투자자산등의증가|보증금의증가,"1,737,877,638",1737877638,162530|투자활동으로인한현금흐름|투자활동으로인한현금유출|투자자산등의증가|보증금의증가|1737877638
162550,"투자활동으로인한현금흐름|투자활동으로인한현금유출|유,무형,리스자산의증가","30,344,027,023",30344027023,"162550|투자활동으로인한현금흐름|투자활동으로인한현금유출|유,무형,리스자산의증가|30344027023"
162557,"투자활동으로인한현금흐름|투자활동으로인한현금유출|유,무형,리스자산의증가|무형자산증가","2,830,505,556",2830505556,"162557|투자활동으로인한현금흐름|투자활동으로인한현금유출|유,무형,리스자산의증가|무형자산증가|2830505556"
162563,"투자활동으로인한현금흐름|투자활동으로인한현금유출|유,무형,리스자산의증가|무형자산증가|기타무형자산증가","2,830,505,556",2830505556,"162563|투자활동으로인한현금흐름|투자활동으로인한현금유출|유,무형,리스자산의증가|무형자산증가|기타무형자산증가|2830505556"
162569,"투자활동으로인한현금흐름|투자활동으로인한현금유출|유,무형,리스자산의증가|기타유형,리스자산증가","27,513,521,467",27513521467,"162569|투자활동으로인한현금흐름|투자활동으로인한현금유출|유,무형,리스자산의증가|기타유형,리스자산증가|27513521467"
163000,재무활동으로인한현금흐름,"-214,010,856,012",-214010856012,163000|재무활동으로인한현금흐름|-214010856012
163100,재무활동으로인한현금흐름|재무활동으로인한현금유입,"219,765,240",219765240,163100|재무활동으로인한현금흐름|재무활동으로인한현금유입|219765240
163170,재무활동으로인한현금흐름|재무활동으로인한현금유입|자본의증가,"219,765,240",219765240,163170|재무활동으로인한현금흐름|재무활동으로인한현금유입|자본의증가|219765240
163171,재무활동으로인한현금흐름|재무활동으로인한현금유입|자본의증가|유상증자(주식발행초과금),"219,765,240",219765240,163171|재무활동으로인한현금흐름|재무활동으로인한현금유입|자본의증가|유상증자(주식발행초과금)|219765240
163500,재무활동으로인한현금흐름|재무활동으로인한현금유출,"214,230,621,252",214230621252,163500|재무활동으로인한현금흐름|재무활동으로인한현금유출|214230621252
163540,재무활동으로인한현금흐름|재무활동으로인한현금유출|비유동부채의감소,"46,242,544,282",46242544282,163540|재무활동으로인한현금흐름|재무활동으로인한현금유출|비유동부채의감소|46242544282
163546,재무활동으로인한현금흐름|재무활동으로인한현금유출|비유동부채의감소|장기미지급금지급,"45,653,716,282",45653716282,163546|재무활동으로인한현금흐름|재무활동으로인한현금유출|비유동부채의감소|장기미지급금지급|45653716282
163570,재무활동으로인한현금흐름|재무활동으로인한현금유출|자본의감소,"167,988,076,970",167988076970,163570|재무활동으로인한현금흐름|재무활동으로인한현금유출|자본의감소|167988076970
163575,재무활동으로인한현금흐름|재무활동으로인한현금유출|자본의감소|자기주식취득,"167,988,076,970",167988076970,163575|재무활동으로인한현금흐름|재무활동으로인한현금유출|자본의감소|자기주식취득|167988076970
164000,현금및현금성자산의증가(감소),"82,424,899,949",82424899949,164000|현금및현금성자산의증가(감소)|82424899949
164030,환율변동으로인한차이조정,"-1,743,072,250",-1743072250,164030|환율변동으로인한차이조정|-1743072250
165000,기초의현금및현금성자산,"430,809,068,539",430809068539,165000|기초의현금및현금성자산|430809068539
166000,기말의현금및현금성자산,"511,490,896,238",511490896238,166000|기말의현금및현금성자산|511490896238
167000,현금유입과유출없는거래,"128,871,705,000",128871705000,167000|현금유입과유출없는거래|128871705000
167002,"현금유입과유출없는거래|유,무형자산의유동자산대체","106,354,000",106354000,"167002|현금유입과유출없는거래|유,무형자산의유동자산대체|106354000"
167005,"현금유입과유출없는거래|유,무형자산의투자자산대체","34,151,691,000",34151691000,"167005|현금유입과유출없는거래|유,무형자산의투자자산대체|34151691000"
167012,"현금유입과유출없는거래|장기미지급금,선수금유동성대체","50,030,401,000",50030401000,"167012|현금유입과유출없는거래|장기미지급금,선수금유동성대체|50030401000"
167064,현금유입과유출없는거래|기타비유동자산유동성대체,"31,929,913,000",31929913000,167064|현금유입과유출없는거래|기타비유동자산유동성대체|31929913000
167065,현금유입과유출없는거래|기타포괄손익누계액의변동,"1,900,950,000",1900950000,167065|현금유입과유출없는거래|기타포괄손익누계액의변동|1900950000
167051,현금유입과유출없는거래|미지급금으로취득한유형자산,"207,818,000",207818000,167051|현금유입과유출없는거래|미지급금으로취득한유형자산|207818000
167055,현금유입과유출없는거래|투자자산의유동자산대체,"8,968,499,000",8968499000,167055|현금유입과유출없는거래|투자자산의유동자산대체|8968499000
167049,현금유입과유출없는거래|기타의현금유입과유출없는거래,"1,576,079,000",1576079000,167049|현금유입과유출없는거래|기타의현금유입과유출없는거래|1576079000
