﻿계정코드,계정명,20231231 K 원,clean_answer,match_key
121121,수익|총수익|제품판매로인한수익|국내,"88,254,105,000",88254105000,121121|수익|총수익|제품판매로인한수익|국내|88254105000
121122,수익|총수익|제품판매로인한수익|수출,"1,750,191,560,302",1750191560302,121122|수익|총수익|제품판매로인한수익|수출|1750191560302
122000,매출원가,"216,935,619,000",216935619000,122000|매출원가|216935619000
122200,매출원가|제품매출원가,"216,935,619,000",216935619000,122200|매출원가|제품매출원가|216935619000
122220,매출원가|제품매출원가|당기제품제조원가,"216,935,619,000",216935619000,122220|매출원가|제품매출원가|당기제품제조원가|216935619000
123000,매출총이익(손실),"1,621,510,046,302",1621510046302,123000|매출총이익(손실)|1621510046302
124000,판매비와관리비,"809,889,684,150",809889684150,124000|판매비와관리비|809889684150
124100,판매비와관리비|인건비,"242,819,858,000",242819858000,124100|판매비와관리비|인건비|242819858000
124200,판매비와관리비|일반관리비,"516,287,922,000",516287922000,124200|판매비와관리비|일반관리비|516287922000
124216,판매비와관리비|일반관리비|감가상각비,"57,524,333,000",57524333000,124216|판매비와관리비|일반관리비|감가상각비|57524333000
124300,판매비와관리비|판매비,"41,405,446,000",41405446000,124300|판매비와관리비|판매비|41405446000
124400,판매비와관리비|기타판매비와관리비,"9,376,458,150",9376458150,124400|판매비와관리비|기타판매비와관리비|9376458150
124453,판매비와관리비|기타판매비와관리비|무형자산상각비|산업재산권상각,"259,135,000",259135000,124453|판매비와관리비|기타판매비와관리비|무형자산상각비|산업재산권상각|259135000
124457,판매비와관리비|기타판매비와관리비|무형자산상각비|전용시설이용권상각,"69,434,000",69434000,124457|판매비와관리비|기타판매비와관리비|무형자산상각비|전용시설이용권상각|69434000
124470,판매비와관리비|기타판매비와관리비|무형자산상각비|소프트웨어상각,"2,318,290,000",2318290000,124470|판매비와관리비|기타판매비와관리비|무형자산상각비|소프트웨어상각|2318290000
124471,판매비와관리비|기타판매비와관리비|무형자산상각비|기타무형자산상각,"752,601,000",752601000,124471|판매비와관리비|기타판매비와관리비|무형자산상각비|기타무형자산상각|752601000
124460,판매비와관리비|기타판매비와관리비|기타의기타판매비와관리비,"9,279,434,150",9279434150,124460|판매비와관리비|기타판매비와관리비|기타의기타판매비와관리비|9279434150
125100,영업외수익,"507,481,167,573",507481167573,125100|영업외수익|507481167573
125182,영업외수익|금융수익,"181,048,300,000",181048300000,125182|영업외수익|금융수익|181048300000
125101,영업외수익|금융수익|이자수익,"31,096,477,000",31096477000,125101|영업외수익|금융수익|이자수익|31096477000
125183,영업외수익|금융수익|기타금융수익,"149,305,629,000",149305629000,125183|영업외수익|금융수익|기타금융수익|149305629000
125106,영업외수익|수수료수익,"36,779,000",36779000,125106|영업외수익|수수료수익|36779000
125111,영업외수익|외화환산이익,"67,795,128,000",67795128000,125111|영업외수익|외화환산이익|67795128000
125126,영업외수익|파생상품평가이익,"2,208,618,000",2208618000,125126|영업외수익|파생상품평가이익|2208618000
125115,영업외수익|기타영업외수익,"6,878,653,573",6878653573,125115|영업외수익|기타영업외수익|6878653573
126000,영업외비용,"345,030,888,892",345030888892,126000|영업외비용|345030888892
126103,영업외비용|금융비용,"7,005,620,000",7005620000,126103|영업외비용|금융비용|7005620000
126174,영업외비용|외화환산손실,"51,189,917,000",51189917000,126174|영업외비용|외화환산손실|51189917000
126250,영업외비용|기타영업외비용,"6,050,430,892",6050430892,126250|영업외비용|기타영업외비용|6050430892
