﻿계정코드,계정명,20231231 K 원,clean_answer,match_key
113203,(유형자산정부보조금계),"258,000,000",258000.0,113203|(유형자산정부보조금계)|258000
113201,(유형자산감가상각누계액계),"184,205,160,000",184205160.0,113201|(유형자산감가상각누계액계)|184205160
113205,(유형자산손상차손누계액계),"2,344,920,000",2344920.0,113205|(유형자산손상차손누계액계)|2344920
113310,자산총계|비유동자산(계)|유형자산(계)|리스자산,"114,539,309,000",114539309.0,113310|자산총계|비유동자산(계)|유형자산(계)|리스자산|114539309
113311,(유형자산감가상각누계액계)|(리스자산감가상각누계액),"131,590,009,000",131590009.0,113311|(유형자산감가상각누계액계)|(리스자산감가상각누계액)|131590009
112690,자산총계|비유동자산(계)|유형자산(계)|리스자산|기타리스자산,"114,539,309,000",114539309.0,112690|자산총계|비유동자산(계)|유형자산(계)|리스자산|기타리스자산|114539309
112699,(유형자산감가상각누계액계)|(리스자산감가상각누계액)|(기타리스자산감가상각누계액),"131,590,009,000",131590009.0,112699|(유형자산감가상각누계액계)|(리스자산감가상각누계액)|(기타리스자산감가상각누계액)|131590009
113110,자산총계|비유동자산(계)|유형자산(계)|토지,"18,840,145,000",18840145.0,113110|자산총계|비유동자산(계)|유형자산(계)|토지|18840145
113146,자산총계|비유동자산(계)|유형자산(계)|시설장치,"34,699,191,412",34699191.412,113146|자산총계|비유동자산(계)|유형자산(계)|시설장치|34699191
113148,(유형자산정부보조금계)|(시설장치정부보조금),"258,000,000",258000.0,113148|(유형자산정부보조금계)|(시설장치정부보조금)|258000
113149,(유형자산감가상각누계액계)|(시설장치감가상각누계액),"28,449,704,000",28449704.0,113149|(유형자산감가상각누계액계)|(시설장치감가상각누계액)|28449704
113180,자산총계|비유동자산(계)|유형자산(계)|비품,"19,480,897,000",19480897.0,113180|자산총계|비유동자산(계)|유형자산(계)|비품|19480897
113181,(유형자산감가상각누계액계)|(비품감가상각누계액),"24,165,447,000",24165447.0,113181|(유형자산감가상각누계액계)|(비품감가상각누계액)|24165447
113199,자산총계|비유동자산(계)|유형자산(계)|건설중인자산,"2,814,457,000",2814457.0,113199|자산총계|비유동자산(계)|유형자산(계)|건설중인자산|2814457
113196,(유형자산손상차손누계액계)|(건설중인자산손상차손누계액),"2,344,920,000",2344920.0,113196|(유형자산손상차손누계액계)|(건설중인자산손상차손누계액)|2344920
112175,(투자부동산감가상각누계액),"2,268,442,000",2268442.0,112175|(투자부동산감가상각누계액)|2268442
112143,자산총계|비유동자산(계)|투자부동산|토지,"476,977,673,421",476977673.421,112143|자산총계|비유동자산(계)|투자부동산|토지|476977673
112144,자산총계|비유동자산(계)|투자부동산|건물,"70,363,747,000",70363747.0,112144|자산총계|비유동자산(계)|투자부동산|건물|70363747
112178,(투자부동산감가상각누계액)|(건물감가상각누계액),"2,268,442,000",2268442.0,112178|(투자부동산감가상각누계액)|(건물감가상각누계액)|2268442
113007,자산총계|비유동자산(계)|무형자산(계)|기타의무형자산(계),"11,601,899,887",11601899.887,113007|자산총계|비유동자산(계)|무형자산(계)|기타의무형자산(계)|11601900
113220,자산총계|비유동자산(계)|무형자산(계)|기타의무형자산(계)|산업재산권,"509,294,000",509294.0,113220|자산총계|비유동자산(계)|무형자산(계)|기타의무형자산(계)|산업재산권|509294
113290,자산총계|비유동자산(계)|무형자산(계)|기타의무형자산(계)|전용시설이용권,"1,200,083,000",1200083.0,113290|자산총계|비유동자산(계)|무형자산(계)|기타의무형자산(계)|전용시설이용권|1200083
113297,자산총계|비유동자산(계)|무형자산(계)|기타의무형자산(계)|소프트웨어,"4,513,487,000",4513487.0,113297|자산총계|비유동자산(계)|무형자산(계)|기타의무형자산(계)|소프트웨어|4513487
113300,자산총계|비유동자산(계)|무형자산(계)|기타의무형자산(계)|기타무형자산,"5,379,035,887",5379035.887,113300|자산총계|비유동자산(계)|무형자산(계)|기타의무형자산(계)|기타무형자산|5379036
113383,자산총계|비유동자산(계)|장기투자자산,"1,711,947,496,775",1711947496.775,113383|자산총계|비유동자산(계)|장기투자자산|1711947497
112108,자산총계|비유동자산(계)|장기투자자산|당기손익인식금융자산,"172,104,508,629",172104508.629,112108|자산총계|비유동자산(계)|장기투자자산|당기손익인식금융자산|172104509
112109,자산총계|비유동자산(계)|장기투자자산|당기손익인식금융자산|매매목적파생상품,"2,142,967,185",2142967.185,112109|자산총계|비유동자산(계)|장기투자자산|당기손익인식금융자산|매매목적파생상품|2142967
112113,자산총계|비유동자산(계)|장기투자자산|당기손익인식금융자산|기타당기손익인식금융자산,"169,961,541,444",169961541.444,112113|자산총계|비유동자산(계)|장기투자자산|당기손익인식금융자산|기타당기손익인식금융자산|169961541
112111,자산총계|비유동자산(계)|장기투자자산|당기손익인식금융자산|기타당기손익인식금융자산|장기금융상품,"5,578,034,000",5578034.0,112111|자산총계|비유동자산(계)|장기투자자산|당기손익인식금융자산|기타당기손익인식금융자산|장기금융상품|5578034
112106,자산총계|비유동자산(계)|장기투자자산|당기손익인식금융자산|기타당기손익인식금융자산|장기금융상품|기타장기금융상품,"5,578,034,000",5578034.0,112106|자산총계|비유동자산(계)|장기투자자산|당기손익인식금융자산|기타당기손익인식금융자산|장기금융상품|기타장기금융상품|5578034
112117,자산총계|비유동자산(계)|장기투자자산|종속기업투자,"765,623,089,201",765623089.201,112117|자산총계|비유동자산(계)|장기투자자산|종속기업투자|765623089
112118,자산총계|비유동자산(계)|장기투자자산|관계기업투자,"600,443,681,000",600443681.0,112118|자산총계|비유동자산(계)|장기투자자산|관계기업투자|600443681
112119,자산총계|비유동자산(계)|장기투자자산|조인트벤처투자,"40,302,819,000",40302819.0,112119|자산총계|비유동자산(계)|장기투자자산|조인트벤처투자|40302819
112631,자산총계|비유동자산(계)|매출채권및기타채권,"63,285,196,192",63285196.192,112631|자산총계|비유동자산(계)|매출채권및기타채권|63285196
112180,(매출채권및기타채권 대손충당부채),"62,029,187,000",62029187.0,112180|(매출채권및기타채권 대손충당부채)|62029187
112241,자산총계|비유동자산(계)|매출채권및기타채권|장기미수수익,"301,421,000",301421.0,112241|자산총계|비유동자산(계)|매출채권및기타채권|장기미수수익|301421
112242,(매출채권및기타채권 대손충당부채)|(장기미수수익대손충당부채),"5,637,000",5637.0,112242|(매출채권및기타채권 대손충당부채)|(장기미수수익대손충당부채)|5637
112245,자산총계|비유동자산(계)|매출채권및기타채권|장기미수수익|원화장기미수수익,"301,421,000",301421.0,112245|자산총계|비유동자산(계)|매출채권및기타채권|장기미수수익|원화장기미수수익|301421
112210,자산총계|비유동자산(계)|매출채권및기타채권|장기대여금,"5,068,200,000",5068200.0,112210|자산총계|비유동자산(계)|매출채권및기타채권|장기대여금|5068200
112215,(매출채권및기타채권 대손충당부채)|(장기대여금대손충당부채),"62,023,550,000",62023550.0,112215|(매출채권및기타채권 대손충당부채)|(장기대여금대손충당부채)|62023550
112213,자산총계|비유동자산(계)|매출채권및기타채권|장기대여금|기타장기대여금,"5,068,200,000",5068200.0,112213|자산총계|비유동자산(계)|매출채권및기타채권|장기대여금|기타장기대여금|5068200
112261,자산총계|비유동자산(계)|매출채권및기타채권|보증금,"31,618,116,192",31618116.192,112261|자산총계|비유동자산(계)|매출채권및기타채권|보증금|31618116
113604,자산총계|비유동자산(계)|매출채권및기타채권|리스채권,"26,297,459,000",26297459.0,113604|자산총계|비유동자산(계)|매출채권및기타채권|리스채권|26297459
112610,자산총계|비유동자산(계)|매출채권및기타채권|리스채권|금융리스채권,"26,297,459,000",26297459.0,112610|자산총계|비유동자산(계)|매출채권및기타채권|리스채권|금융리스채권|26297459
111156,자산총계|유동자산(계)|매출채권및기타채권,"807,500,259,678",807500259.678,111156|자산총계|유동자산(계)|매출채권및기타채권|807500260
111249,(매출채권및기타채권 대손충당부채),"25,474,240,000",25474240.0,111249|(매출채권및기타채권 대손충당부채)|25474240
111159,(매출채권및기타채권 대손충당부채)|(매출채권대손충당부채),"1,848,103,000",1848103.0,111159|(매출채권및기타채권 대손충당부채)|(매출채권대손충당부채)|1848103
111180,자산총계|유동자산(계)|매출채권및기타채권|미수금,"18,406,517,000",18406517.0,111180|자산총계|유동자산(계)|매출채권및기타채권|미수금|18406517
111189,(매출채권및기타채권 대손충당부채)|(미수금대손충당부채),"11,475,344,000",11475344.0,111189|(매출채권및기타채권 대손충당부채)|(미수금대손충당부채)|11475344
111183,자산총계|유동자산(계)|매출채권및기타채권|미수금|기타미수금,"18,406,517,000",18406517.0,111183|자산총계|유동자산(계)|매출채권및기타채권|미수금|기타미수금|18406517
111190,자산총계|유동자산(계)|매출채권및기타채권|미수수익,"640,667,000",640667.0,111190|자산총계|유동자산(계)|매출채권및기타채권|미수수익|640667
111199,(매출채권및기타채권 대손충당부채)|(미수수익대손충당부채),"675,449,000",675449.0,111199|(매출채권및기타채권 대손충당부채)|(미수수익대손충당부채)|675449
111197,자산총계|유동자산(계)|매출채권및기타채권|미수수익|원화미수수익,"640,667,000",640667.0,111197|자산총계|유동자산(계)|매출채권및기타채권|미수수익|원화미수수익|640667
111170,자산총계|유동자산(계)|매출채권및기타채권|단기대여금,"82,894,678,963",82894678.963,111170|자산총계|유동자산(계)|매출채권및기타채권|단기대여금|82894679
111179,(매출채권및기타채권 대손충당부채)|(단기대여금대손충당부채),"11,475,344,000",11475344.0,111179|(매출채권및기타채권 대손충당부채)|(단기대여금대손충당부채)|11475344
111174,자산총계|유동자산(계)|매출채권및기타채권|단기대여금|기타단기대여금,"82,894,678,963",82894678.963,111174|자산총계|유동자산(계)|매출채권및기타채권|단기대여금|기타단기대여금|82894679
111591,자산총계|유동자산(계)|매출채권및기타채권|리스채권,"11,980,376,000",11980376.0,111591|자산총계|유동자산(계)|매출채권및기타채권|리스채권|11980376
111594,자산총계|유동자산(계)|매출채권및기타채권|리스채권|금융리스채권,"11,980,376,000",11980376.0,111594|자산총계|유동자산(계)|매출채권및기타채권|리스채권|금융리스채권|11980376
111233,자산총계|유동자산(계)|단기투자자산,"2,336,901,019,088",2336901019.088,111233|자산총계|유동자산(계)|단기투자자산|2336901019
111230,자산총계|유동자산(계)|단기투자자산|당기손익인식금융자산,"2,336,901,019,088",2336901019.088,111230|자산총계|유동자산(계)|단기투자자산|당기손익인식금융자산|2336901019
111232,자산총계|유동자산(계)|단기투자자산|당기손익인식금융자산|기타당기손익인식금융자산,"2,336,901,019,088",2336901019.088,111232|자산총계|유동자산(계)|단기투자자산|당기손익인식금융자산|기타당기손익인식금융자산|2336901019
111220,자산총계|유동자산(계)|단기투자자산|당기손익인식금융자산|기타당기손익인식금융자산|단기금융상품,"1,787,649,000",1787649.0,111220|자산총계|유동자산(계)|단기투자자산|당기손익인식금융자산|기타당기손익인식금융자산|단기금융상품|1787649
111225,자산총계|유동자산(계)|단기투자자산|당기손익인식금융자산|기타당기손익인식금융자산|단기금융상품|기타단기금융상품,"1,787,649,000",1787649.0,111225|자산총계|유동자산(계)|단기투자자산|당기손익인식금융자산|기타당기손익인식금융자산|단기금융상품|기타단기금융상품|1787649
111401,자산총계|유동자산(계)|기타비금융자산,"40,971,313,254",40971313.254,111401|자산총계|유동자산(계)|기타비금융자산|40971313
111410,자산총계|유동자산(계)|기타비금융자산|선급금,"1,612,427,000",1612427.0,111410|자산총계|유동자산(계)|기타비금융자산|선급금|1612427
111415,자산총계|유동자산(계)|기타비금융자산|선급금|기타선급금,"1,612,427,000",1612427.0,111415|자산총계|유동자산(계)|기타비금융자산|선급금|기타선급금|1612427
111420,자산총계|유동자산(계)|기타비금융자산|선급비용,"37,599,728,254",37599728.254,111420|자산총계|유동자산(계)|기타비금융자산|선급비용|37599728
111137,자산총계|유동자산(계)|현금및현금성자산|기타현금성자산,"511,490,896,238",511490896.238,111137|자산총계|유동자산(계)|현금및현금성자산|기타현금성자산|511490896
118630,부채와자본총계|자본총계|기타자본구성요소,"2,539,880,846,247",2539880846.247,118630|부채와자본총계|자본총계|기타자본구성요소|2539880846
118600,부채와자본총계|자본총계|기타자본구성요소|기타포괄손익누계액,"-7,304,827,000",-7304827.0,118600|부채와자본총계|자본총계|기타자본구성요소|기타포괄손익누계액|-7304827
118470,부채와자본총계|자본총계|기타자본구성요소|기타포괄손익누계액|해외사업환산손실(-),"68,649,000",68649.0,118470|부채와자본총계|자본총계|기타자본구성요소|기타포괄손익누계액|해외사업환산손실(-)|68649
118530,부채와자본총계|자본총계|기타자본구성요소|기타포괄손익누계액|투자자산평가손실(-),"6,013,340,000",6013340.0,118530|부채와자본총계|자본총계|기타자본구성요소|기타포괄손익누계액|투자자산평가손실(-)|6013340
118531,부채와자본총계|자본총계|기타자본구성요소|기타포괄손익누계액|투자자산평가손실(-)|매도가능금융자산평가손실(-),"6,013,340,000",6013340.0,118531|부채와자본총계|자본총계|기타자본구성요소|기타포괄손익누계액|투자자산평가손실(-)|매도가능금융자산평가손실(-)|6013340
118621,부채와자본총계|자본총계|기타자본구성요소|기타포괄손익누계액|보험수리적손실(-),"1,222,838,000",1222838.0,118621|부채와자본총계|자본총계|기타자본구성요소|기타포괄손익누계액|보험수리적손실(-)|1222838
118090,부채와자본총계|자본총계|기타자본구성요소|기타자본구성,"2,547,185,673,247",2547185673.247,118090|부채와자본총계|자본총계|기타자본구성요소|기타자본구성|2547185673
118236,부채와자본총계|자본총계|기타자본구성요소|기타자본구성|자기주식처분이익,"9,663,414,000",9663414.0,118236|부채와자본총계|자본총계|기타자본구성요소|기타자본구성|자기주식처분이익|9663414
118599,부채와자본총계|자본총계|기타자본구성요소|기타자본구성|기타의기타자본구성,"1,045,583,032,247",1045583032.247,118599|부채와자본총계|자본총계|기타자본구성요소|기타자본구성|기타의기타자본구성|1045583032
117112,부채와자본총계|부채총계|비유동부채(계)|매입채무및기타채무,"9,000,748,000",9000748.0,117112|부채와자본총계|부채총계|비유동부채(계)|매입채무및기타채무|9000748
116409,부채와자본총계|부채총계|비유동부채(계)|매입채무및기타채무|장기미지급금|기타장기미지급금,"184,709,000",184709.0,116409|부채와자본총계|부채총계|비유동부채(계)|매입채무및기타채무|장기미지급금|기타장기미지급금|184709
117114,부채와자본총계|부채총계|비유동부채(계)|기타금융부채,"168,719,164,328",168719164.328,117114|부채와자본총계|부채총계|비유동부채(계)|기타금융부채|168719164
117115,부채와자본총계|부채총계|비유동부채(계)|기타금융부채|당기손익인식금융부채,"66,047,710,679",66047710.679,117115|부채와자본총계|부채총계|비유동부채(계)|기타금융부채|당기손익인식금융부채|66047711
117117,부채와자본총계|부채총계|비유동부채(계)|기타금융부채|당기손익인식금융부채|기타당기손익인식금융부채,"51,837,885,373",51837885.373,117117|부채와자본총계|부채총계|비유동부채(계)|기타금융부채|당기손익인식금융부채|기타당기손익인식금융부채|51837885
116260,부채와자본총계|부채총계|비유동부채(계)|기타금융부채|금융리스부채,"102,671,453,649",102671453.649,116260|부채와자본총계|부채총계|비유동부채(계)|기타금융부채|금융리스부채|102671454
117119,부채와자본총계|부채총계|비유동부채(계)|기타비금융부채,"53,009,182,826",53009182.826,117119|부채와자본총계|부채총계|비유동부채(계)|기타비금융부채|53009183
116600,부채와자본총계|부채총계|비유동부채(계)|장기충당부채(계),"13,582,927,860",13582927.86,116600|부채와자본총계|부채총계|비유동부채(계)|장기충당부채(계)|13582928
116640,부채와자본총계|부채총계|비유동부채(계)|장기충당부채(계)|기타부채성충당부채,"59,999,000",59999.0,116640|부채와자본총계|부채총계|비유동부채(계)|장기충당부채(계)|기타부채성충당부채|59999
115120,부채와자본총계|부채총계|유동부채(계)|매입채무및기타채무,"219,715,795,764",219715795.764,115120|부채와자본총계|부채총계|유동부채(계)|매입채무및기타채무|219715796
115147,부채와자본총계|부채총계|유동부채(계)|매입채무및기타채무|미지급금|기타미지급금,"55,348,808,000",55348808.0,115147|부채와자본총계|부채총계|유동부채(계)|매입채무및기타채무|미지급금|기타미지급금|55348808
115164,부채와자본총계|부채총계|유동부채(계)|매입채무및기타채무|예수금|기타예수금,"6,276,521,000",6276521.0,115164|부채와자본총계|부채총계|유동부채(계)|매입채무및기타채무|예수금|기타예수금|6276521
115180,부채와자본총계|부채총계|유동부채(계)|매입채무및기타채무|미지급비용,"157,618,035,764",157618035.764,115180|부채와자본총계|부채총계|유동부채(계)|매입채무및기타채무|미지급비용|157618036
115122,부채와자본총계|부채총계|유동부채(계)|유동차입부채,"52,265,451,000",52265451.0,115122|부채와자본총계|부채총계|유동부채(계)|유동차입부채|52265451
115190,부채와자본총계|부채총계|유동부채(계)|유동차입부채|유동성장기부채,"52,265,451,000",52265451.0,115190|부채와자본총계|부채총계|유동부채(계)|유동차입부채|유동성장기부채|52265451
115123,부채와자본총계|부채총계|유동부채(계)|기타비금융부채,"78,790,003,544",78790003.544,115123|부채와자본총계|부채총계|유동부채(계)|기타비금융부채|78790004
115153,부채와자본총계|부채총계|유동부채(계)|기타비금융부채|선수금|기타선수금,"2,089,064,000",2089064.0,115153|부채와자본총계|부채총계|유동부채(계)|기타비금융부채|선수금|기타선수금|2089064
115210,부채와자본총계|부채총계|유동부채(계)|기타비금융부채|선수수익,"76,700,939,544",76700939.544,115210|부채와자본총계|부채총계|유동부채(계)|기타비금융부채|선수수익|76700940
115211,부채와자본총계|부채총계|유동부채(계)|단기충당부채,"4,131,000",4131.0,115211|부채와자본총계|부채총계|유동부채(계)|단기충당부채|4131
115219,부채와자본총계|부채총계|유동부채(계)|단기충당부채|기타단기부채성충당부채,"4,131,000",4131.0,115219|부채와자본총계|부채총계|유동부채(계)|단기충당부채|기타단기부채성충당부채|4131
