﻿계정코드,계정명,20231231 K 원,clean_answer,match_key
132000,미처분이익잉여금|수정후전기이월미처분이익잉여금,"2,319,154,530,957",2319154530957,132000|미처분이익잉여금|수정후전기이월미처분이익잉여금|2319154530957
131100,미처분이익잉여금|수정후전기이월미처분이익잉여금|전기이월미처분이익잉여금,"2,487,142,607,927",2487142607927,131100|미처분이익잉여금|수정후전기이월미처분이익잉여금|전기이월미처분이익잉여금|2487142607927
131113,미처분이익잉여금|수정후전기이월미처분이익잉여금|자기주식처분손실(-),"167,988,076,970",167988076970,131113|미처분이익잉여금|수정후전기이월미처분이익잉여금|자기주식처분손실(-)|167988076970
135000,이익잉여금처분가능액,"3,047,231,712,239",3047231712239,135000|이익잉여금처분가능액|3047231712239
