﻿계정코드,계정명,20231231 K 원,clean_answer,match_key
261000,기말납입자본|기초납입자본,"4,908,154,500",4908154500,261000|기말납입자본|기초납입자본|4908154500
261010,기말납입자본|유상증자,"15,574,500",15574500,261010|기말납입자본|유상증자|15574500
263014,기말이익잉여금|처분후이익잉여금,"2,487,142,607,927",2487142607927,263014|기말이익잉여금|처분후이익잉여금|2487142607927
263110,기말이익잉여금|당기순손익,"728,077,181,282",728077181282,263110|기말이익잉여금|당기순손익|728077181282
263340,기말이익잉여금|기타,"-167,988,076,970",-167988076970,263340|기말이익잉여금|기타|-167988076970
267010,기말기타자본구성요소|기초기타자본구성요소,"2,550,253,504,446",2550253504446,267010|기말기타자본구성요소|기초기타자본구성요소|2550253504446
267250,기말기타자본구성요소|합병(분할)로인한자본잉여금증감,"-6,201,675,708",-6201675708,267250|기말기타자본구성요소|합병(분할)로인한자본잉여금증감|-6201675708
267320,기말기타자본구성요소|주식선택권,"16,240,053,700",16240053700,267320|기말기타자본구성요소|주식선택권|16240053700
267370,기말기타자본구성요소|매도가능금융자산평가이익,"-19,876,378,276",-19876378276,267370|기말기타자본구성요소|매도가능금융자산평가이익|-19876378276
267440,기말기타자본구성요소|해외사업환산손익의증감,"-1,024,349",-1024349,267440|기말기타자본구성요소|해외사업환산손익의증감|-1024349
267460,기말기타자본구성요소|기타,"-533,633,566",-533633566,267460|기말기타자본구성요소|기타|-533633566
267470,기말기타자본구성요소,"2,539,880,846,247",2539880846247,267470|기말기타자본구성요소|2539880846247
