﻿계정코드,계정명,reason,value
133500,미처분이익잉여금,"('reason', ""재무상태표의 '이익잉여금' 항목에서 2023년 12월 31일 기말 금액은 3,047,231,712,239원입니다."")","('value', '3,047,231,712,239원')"
132000,미처분이익잉여금|수정후전기이월미처분이익잉여금,"('reason', ""재무상태표의 '이익잉여금' 항목에서 2023년 12월 31일 기말 금액은 3,047,231,712,239원입니다."")","('value', '3,047,231,712,239원')"
131100,미처분이익잉여금|수정후전기이월미처분이익잉여금|전기이월미처분이익잉여금,"('reason', ""재무상태표의 '이익잉여금' 항목에서 2023년 12월 31일 기말 금액은 3,047,231,712,239원입니다."")","('value', '3,047,231,712,239원')"
131600,미처분이익잉여금|수정후전기이월미처분이익잉여금|회계정책변경누적효과(-),"('reason', '회계정책변경누적효과는 제공된 데이터에 명시되지 않았습니다.')","('value', '알 수 없음')"
131113,미처분이익잉여금|수정후전기이월미처분이익잉여금|자기주식처분손실(-),"('reason', '자기주식처분손실은 제공된 데이터에 명시되지 않았습니다.')","('value', '알 수 없음')"
131450,미처분이익잉여금|수정후전기이월미처분이익잉여금|지분법이익,"('reason', '지분법이익은 제공된 데이터에 명시되지 않았습니다.')","('value', '알 수 없음')"
131500,미처분이익잉여금|수정후전기이월미처분이익잉여금|기타,"('reason', '기타 항목은 제공된 데이터에 명시되지 않았습니다.')","('value', '알 수 없음')"
133000,미처분이익잉여금|당기순이익,"('reason', ""포괄손익계산서의 '당기순이익' 항목에서 2023년 금액은 728,077,181,282원입니다."")","('value', '728,077,181,282원')"
135000,이익잉여금처분가능액,"('reason', '이익잉여금처분가능액은 제공된 데이터에 명시되지 않았습니다.')","('value', '알 수 없음')"
137000,결손금처리액,"('reason', '결손금처리액은 제공된 데이터에 명시되지 않았습니다.')","('value', '알 수 없음')"
137600,결손금처리액|자본준비금이입,"('reason', '자본준비금이입은 제공된 데이터에 명시되지 않았습니다.')","('value', '알 수 없음')"
138000,차기이월미처분이익잉여금,"('reason', ""재무상태표의 '이익잉여금' 항목에서 2023년 12월 31일 기말 금액은 3,047,231,712,239원입니다."")","('value', '3,047,231,712,239원')"
