﻿계정명,reason,value
기말납입자본|기초납입자본,"('reason', '기말 납입자본금은 자본변동표에서 2023년 12월 31일 기준으로 4,923,729,000원으로 명시되어 있습니다.')","('value', '4,923,729,000원')"
기말납입자본|유상증자,"('reason', '기말 납입자본금은 자본변동표에서 2023년 12월 31일 기준으로 4,923,729,000원으로 명시되어 있습니다.')","('value', '4,923,729,000원')"
기말납입자본|전환사채의전환,"('reason', '기말 납입자본금은 자본변동표에서 2023년 12월 31일 기준으로 4,923,729,000원으로 명시되어 있습니다.')","('value', '4,923,729,000원')"
기말납입자본|합병(분할)로인한자본금증감,"('reason', '기말 납입자본금은 자본변동표에서 2023년 12월 31일 기준으로 4,923,729,000원으로 명시되어 있습니다.')","('value', '4,923,729,000원')"
기말납입자본,"('reason', '기말 납입자본금은 자본변동표에서 2023년 12월 31일 기준으로 4,923,729,000원으로 명시되어 있습니다.')","('value', '4,923,729,000원')"
기초이익잉여금수정|기초이익잉여금,"('reason', '기초 이익잉여금은 자본변동표에서 2023년 1월 1일 기준으로 2,487,142,607,927원으로 명시되어 있습니다.')","('value', '2,487,142,607,927원')"
수정후이익잉여금|기초이익잉여금수정,"('reason', '기초 이익잉여금은 자본변동표에서 2023년 1월 1일 기준으로 2,487,142,607,927원으로 명시되어 있습니다.')","('value', '2,487,142,607,927원')"
수정후이익잉여금|회계정책변경누적효과,"('reason', '기초 이익잉여금은 자본변동표에서 2023년 1월 1일 기준으로 2,487,142,607,927원으로 명시되어 있습니다.')","('value', '2,487,142,607,927원')"
처분후이익잉여금|수정후이익잉여금,"('reason', '기초 이익잉여금은 자본변동표에서 2023년 1월 1일 기준으로 2,487,142,607,927원으로 명시되어 있습니다.')","('value', '2,487,142,607,927원')"
기말이익잉여금|처분후이익잉여금,"('reason', '기말 이익잉여금은 자본변동표에서 2023년 12월 31일 기준으로 3,047,231,712,239원으로 명시되어 있습니다.')","('value', '3,047,231,712,239원')"
기말이익잉여금|자기주식처분손익,"('reason', '기말 이익잉여금은 자본변동표에서 2023년 12월 31일 기준으로 3,047,231,712,239원으로 명시되어 있습니다.')","('value', '3,047,231,712,239원')"
기말이익잉여금|당기순손익,"('reason', '기말 이익잉여금은 자본변동표에서 2023년 12월 31일 기준으로 3,047,231,712,239원으로 명시되어 있습니다.')","('value', '3,047,231,712,239원')"
"기말이익잉여금|장기투자증권의취득(처분,평가)","('reason', '기말 이익잉여금은 자본변동표에서 2023년 12월 31일 기준으로 3,047,231,712,239원으로 명시되어 있습니다.')","('value', '3,047,231,712,239원')"
기말이익잉여금|기타,"('reason', '기말 이익잉여금은 자본변동표에서 2023년 12월 31일 기준으로 3,047,231,712,239원으로 명시되어 있습니다.')","('value', '3,047,231,712,239원')"
기말이익잉여금,"('reason', '기말 이익잉여금은 자본변동표에서 2023년 12월 31일 기준으로 3,047,231,712,239원으로 명시되어 있습니다.')","('value', '3,047,231,712,239원')"
기말기타자본구성요소|기초기타자본구성요소,"('reason', '기말 기타자본은 자본변동표에서 2023년 12월 31일 기준으로 42,536,484,987원으로 명시되어 있습니다.')","('value', '42,536,484,987원')"
기말기타자본구성요소|유상증자,"('reason', '기말 기타자본은 자본변동표에서 2023년 12월 31일 기준으로 42,536,484,987원으로 명시되어 있습니다.')","('value', '42,536,484,987원')"
기말기타자본구성요소|신주인수권행사,"('reason', '기말 기타자본은 자본변동표에서 2023년 12월 31일 기준으로 42,536,484,987원으로 명시되어 있습니다.')","('value', '42,536,484,987원')"
기말기타자본구성요소|전환사채의전환,"('reason', '기말 기타자본은 자본변동표에서 2023년 12월 31일 기준으로 42,536,484,987원으로 명시되어 있습니다.')","('value', '42,536,484,987원')"
기말기타자본구성요소|회계변경의누적효과,"('reason', '기말 기타자본은 자본변동표에서 2023년 12월 31일 기준으로 42,536,484,987원으로 명시되어 있습니다.')","('value', '42,536,484,987원')"
기말기타자본구성요소|합병(분할)로인한자본잉여금증감,"('reason', '기말 기타자본은 자본변동표에서 2023년 12월 31일 기준으로 42,536,484,987원으로 명시되어 있습니다.')","('value', '42,536,484,987원')"
기말기타자본구성요소|자기주식의취득(처분),"('reason', '기말 기타자본은 자본변동표에서 2023년 12월 31일 기준으로 42,536,484,987원으로 명시되어 있습니다.')","('value', '42,536,484,987원')"
기말기타자본구성요소|주식선택권,"('reason', '기말 기타자본은 자본변동표에서 2023년 12월 31일 기준으로 42,536,484,987원으로 명시되어 있습니다.')","('value', '42,536,484,987원')"
기말기타자본구성요소|매도가능금융자산평가이익,"('reason', '기말 기타자본은 자본변동표에서 2023년 12월 31일 기준으로 42,536,484,987원으로 명시되어 있습니다.')","('value', '42,536,484,987원')"
기말기타자본구성요소|매도가능금융자산평가손실,"('reason', '기말 기타자본은 자본변동표에서 2023년 12월 31일 기준으로 42,536,484,987원으로 명시되어 있습니다.')","('value', '42,536,484,987원')"
기말기타자본구성요소|지분법자본변동,"('reason', '기말 기타자본은 자본변동표에서 2023년 12월 31일 기준으로 42,536,484,987원으로 명시되어 있습니다.')","('value', '42,536,484,987원')"
기말기타자본구성요소|해외사업환산손익의증감,"('reason', '기말 기타자본은 자본변동표에서 2023년 12월 31일 기준으로 42,536,484,987원으로 명시되어 있습니다.')","('value', '42,536,484,987원')"
기말기타자본구성요소|기타,"('reason', '기말 기타자본은 자본변동표에서 2023년 12월 31일 기준으로 42,536,484,987원으로 명시되어 있습니다.')","('value', '42,536,484,987원')"
기말기타자본구성요소,"('reason', '기말 기타자본은 자본변동표에서 2023년 12월 31일 기준으로 42,536,484,987원으로 명시되어 있습니다.')","('value', '42,536,484,987원')"
