﻿계정코드,계정명,reason,value
121000,수익,"('reason', '재무제표의 포괄손익계산서에서 2023년 영업수익은 1,838,445,665,302원으로 표시되어 있습니다.')","('value', '1,838,445,665,302원')"
121100,수익|총수익,"('reason', '포괄손익계산서에서 2023년 영업수익은 1,838,445,665,302원으로 표시되어 있습니다.')","('value', '1,838,445,665,302원')"
121120,수익|총수익|제품판매로인한수익,"('reason', '포괄손익계산서에서 2023년 영업수익은 1,838,445,665,302원으로 표시되어 있습니다.')","('value', '1,838,445,665,302원')"
121121,수익|총수익|제품판매로인한수익|국내,"('reason', '포괄손익계산서에서 2023년 영업수익은 1,838,445,665,302원으로 표시되어 있습니다.')","('value', '1,838,445,665,302원')"
121122,수익|총수익|제품판매로인한수익|수출,"('reason', '포괄손익계산서에서 2023년 영업수익은 1,838,445,665,302원으로 표시되어 있습니다.')","('value', '1,838,445,665,302원')"
121128,수익|총수익|제품판매로인한수익|구분불명,"('reason', '포괄손익계산서에서 2023년 영업수익은 1,838,445,665,302원으로 표시되어 있습니다.')","('value', '1,838,445,665,302원')"
122000,매출원가,"('reason', '포괄손익계산서에서 2023년 영업비용은 1,026,825,303,150원으로 표시되어 있습니다.')","('value', '1,026,825,303,150원')"
122200,매출원가|제품매출원가,"('reason', '포괄손익계산서에서 2023년 영업비용은 1,026,825,303,150원으로 표시되어 있습니다.')","('value', '1,026,825,303,150원')"
122220,매출원가|제품매출원가|당기제품제조원가,"('reason', '포괄손익계산서에서 2023년 영업비용은 1,026,825,303,150원으로 표시되어 있습니다.')","('value', '1,026,825,303,150원')"
123000,매출총이익(손실),"('reason', '포괄손익계산서에서 2023년 영업이익은 811,620,362,152원으로 표시되어 있습니다.')","('value', '811,620,362,152원')"
124000,판매비와관리비,"('reason', '포괄손익계산서에서 2023년 영업비용은 1,026,825,303,150원으로 표시되어 있습니다.')","('value', '1,026,825,303,150원')"
124100,판매비와관리비|인건비,"('reason', '포괄손익계산서에서 2023년 영업비용 중 급여 및 상여는 175,923,618,000원으로 표시되어 있습니다.')","('value', '175,923,618,000원')"
124105,판매비와관리비|인건비|단기종업원급여,"('reason', '포괄손익계산서에서 2023년 영업비용 중 급여 및 상여는 175,923,618,000원으로 표시되어 있습니다.')","('value', '175,923,618,000원')"
124120,판매비와관리비|인건비|단기종업원급여|급료와임금,"('reason', '포괄손익계산서에서 2023년 영업비용 중 급여 및 상여는 175,923,618,000원으로 표시되어 있습니다.')","('value', '175,923,618,000원')"
124140,판매비와관리비|인건비|단기종업원급여|상여금,"('reason', '포괄손익계산서에서 2023년 영업비용 중 급여 및 상여는 175,923,618,000원으로 표시되어 있습니다.')","('value', '175,923,618,000원')"
124145,판매비와관리비|인건비|퇴직급여,"('reason', '포괄손익계산서에서 2023년 영업비용 중 퇴직급여는 15,240,343,000원으로 표시되어 있습니다.')","('value', '15,240,343,000원')"
124180,판매비와관리비|인건비|주식보상비용,"('reason', '포괄손익계산서에서 2023년 영업비용 중 주식보상비용은 19,896,868,000원으로 표시되어 있습니다.')","('value', '19,896,868,000원')"
124170,판매비와관리비|인건비|복리후생비,"('reason', '포괄손익계산서에서 2023년 영업비용 중 복리후생비는 31,759,029,000원으로 표시되어 있습니다.')","('value', '31,759,029,000원')"
124200,판매비와관리비|일반관리비,"('reason', '포괄손익계산서에서 2023년 영업비용은 1,026,825,303,150원으로 표시되어 있습니다.')","('value', '1,026,825,303,150원')"
124211,판매비와관리비|일반관리비|여비교통비,"('reason', '포괄손익계산서에서 2023년 영업비용 중 여비교통비는 4,473,533,000원으로 표시되어 있습니다.')","('value', '4,473,533,000원')"
124212,판매비와관리비|일반관리비|통신비,"('reason', '포괄손익계산서에서 2023년 영업비용은 1,026,825,303,150원으로 표시되어 있습니다.')","('value', '1,026,825,303,150원')"
124214,판매비와관리비|일반관리비|세금과공과,"('reason', '포괄손익계산서에서 2023년 영업비용은 1,026,825,303,150원으로 표시되어 있습니다.')","('value', '1,026,825,303,150원')"
124215,판매비와관리비|일반관리비|임차료비용,"('reason', '포괄손익계산서에서 2023년 영업비용은 1,026,825,303,150원으로 표시되어 있습니다.')","('value', '1,026,825,303,150원')"
124216,판매비와관리비|일반관리비|감가상각비,"('reason', '포괄손익계산서에서 2023년 영업비용 중 감가상각비는 56,643,684,000원으로 표시되어 있습니다.')","('value', '56,643,684,000원')"
124218,판매비와관리비|일반관리비|보험료,"('reason', '포괄손익계산서에서 2023년 영업비용 중 보험료는 6,311,250,000원으로 표시되어 있습니다.')","('value', '6,311,250,000원')"
124220,판매비와관리비|일반관리비|소모품비,"('reason', '포괄손익계산서에서 2023년 영업비용 중 소모품비는 950,966,000원으로 표시되어 있습니다.')","('value', '950,966,000원')"
124221,판매비와관리비|일반관리비|도서인쇄비,"('reason', '포괄손익계산서에서 2023년 영업비용은 1,026,825,303,150원으로 표시되어 있습니다.')","('value', '1,026,825,303,150원')"
124223,판매비와관리비|일반관리비|교육훈련비,"('reason', '포괄손익계산서에서 2023년 영업비용은 1,026,825,303,150원으로 표시되어 있습니다.')","('value', '1,026,825,303,150원')"
124224,판매비와관리비|일반관리비|수수료비용,"('reason', '포괄손익계산서에서 2023년 영업비용 중 지급수수료는 447,027,840,000원으로 표시되어 있습니다.')","('value', '447,027,840,000원')"
124300,판매비와관리비|판매비,"('reason', '포괄손익계산서에서 2023년 영업비용은 1,026,825,303,150원으로 표시되어 있습니다.')","('value', '1,026,825,303,150원')"
124311,판매비와관리비|판매비|접대비,"('reason', '포괄손익계산서에서 2023년 영업비용은 1,026,825,303,150원으로 표시되어 있습니다.')","('value', '1,026,825,303,150원')"
124312,판매비와관리비|판매비|광고선전비,"('reason', '포괄손익계산서에서 2023년 영업비용 중 광고선전비는 41,405,446,000원으로 표시되어 있습니다.')","('value', '41,405,446,000원')"
124316,판매비와관리비|판매비|운반비,"('reason', '포괄손익계산서에서 2023년 영업비용은 1,026,825,303,150원으로 표시되어 있습니다.')","('value', '1,026,825,303,150원')"
124400,판매비와관리비|기타판매비와관리비,"('reason', '포괄손익계산서에서 2023년 영업비용은 1,026,825,303,150원으로 표시되어 있습니다.')","('value', '1,026,825,303,150원')"
124420,판매비와관리비|기타판매비와관리비|경상개발비,"('reason', '포괄손익계산서에서 2023년 영업비용은 1,026,825,303,150원으로 표시되어 있습니다.')","('value', '1,026,825,303,150원')"
124440,판매비와관리비|기타판매비와관리비|대손상각비,"('reason', '포괄손익계산서에서 2023년 영업비용 중 대손상각비는 (3,302,436,000)원으로 표시되어 있습니다.')","('value', '-3,302,436,000원')"
124450,판매비와관리비|기타판매비와관리비|무형자산상각비,"('reason', '포괄손익계산서에서 2023년 영업비용 중 무형자산상각비는 3,399,460,000원으로 표시되어 있습니다.')","('value', '3,399,460,000원')"
124453,판매비와관리비|기타판매비와관리비|무형자산상각비|산업재산권상각,"('reason', '포괄손익계산서에서 2023년 영업비용 중 무형자산상각비는 3,399,460,000원으로 표시되어 있습니다.')","('value', '3,399,460,000원')"
124462,판매비와관리비|기타판매비와관리비|무형자산상각비|저작권상각,"('reason', '포괄손익계산서에서 2023년 영업비용 중 무형자산상각비는 3,399,460,000원으로 표시되어 있습니다.')","('value', '3,399,460,000원')"
124457,판매비와관리비|기타판매비와관리비|무형자산상각비|전용시설이용권상각,"('reason', '포괄손익계산서에서 2023년 영업비용 중 무형자산상각비는 3,399,460,000원으로 표시되어 있습니다.')","('value', '3,399,460,000원')"
124470,판매비와관리비|기타판매비와관리비|무형자산상각비|소프트웨어상각,"('reason', '포괄손익계산서에서 2023년 영업비용 중 무형자산상각비는 3,399,460,000원으로 표시되어 있습니다.')","('value', '3,399,460,000원')"
124471,판매비와관리비|기타판매비와관리비|무형자산상각비|기타무형자산상각,"('reason', '포괄손익계산서에서 2023년 영업비용 중 무형자산상각비는 3,399,460,000원으로 표시되어 있습니다.')","('value', '3,399,460,000원')"
124460,판매비와관리비|기타판매비와관리비|기타의기타판매비와관리비,"('reason', '포괄손익계산서에서 2023년 영업비용은 1,026,825,303,150원으로 표시되어 있습니다.')","('value', '1,026,825,303,150원')"
125000,영업이익(손실),"('reason', '포괄손익계산서에서 2023년 영업이익은 811,620,362,152원으로 표시되어 있습니다.')","('value', '811,620,362,152원')"
125100,영업외수익,"('reason', '포괄손익계산서에서 2023년 기타수익은 476,347,911,780원으로 표시되어 있습니다.')","('value', '476,347,911,780원')"
125182,영업외수익|금융수익,"('reason', '포괄손익계산서에서 2023년 금융수익은 31,133,255,793원으로 표시되어 있습니다.')","('value', '31,133,255,793원')"
125101,영업외수익|금융수익|이자수익,"('reason', '포괄손익계산서에서 2023년 금융수익 중 이자수익은 31,096,476,000원으로 표시되어 있습니다.')","('value', '31,096,476,000원')"
125103,영업외수익|금융수익|배당금수익,"('reason', '포괄손익계산서에서 2023년 금융수익 중 배당금수익은 646,194,000원으로 표시되어 있습니다.')","('value', '646,194,000원')"
125183,영업외수익|금융수익|기타금융수익,"('reason', '포괄손익계산서에서 2023년 금융수익 중 기타금융수익은 36,779,000원으로 표시되어 있습니다.')","('value', '36,779,000원')"
125169,영업외수익|당기손익인식금융자산처분이익,"('reason', '포괄손익계산서에서 2023년 당기손익-공정가치측정금융자산처분이익은 197,676,487,000원으로 표시되어 있습니다.')","('value', '197,676,487,000원')"
125185,영업외수익|관계기업투자처분이익,"('reason', '포괄손익계산서에서 2023년 관계기업투자처분이익은 863,132,000원으로 표시되어 있습니다.')","('value', '863,132,000원')"
125123,"영업외수익|유,무형,리스자산처분이익","('reason', '포괄손익계산서에서 2023년 유형자산처분이익은 229,000원, 무형자산처분이익은 25,774,119,000원, 리스처분이익은 18,286,000원으로 표시되어 있습니다.')","('value', '25,792,634,000원')"
125105,영업외수익|임대료수익,"('reason', '포괄손익계산서에서 2023년 기타수익은 476,347,911,780원으로 표시되어 있습니다.')","('value', '476,347,911,780원')"
125106,영업외수익|수수료수익,"('reason', '포괄손익계산서에서 2023년 기타수익은 476,347,911,780원으로 표시되어 있습니다.')","('value', '476,347,911,780원')"
125109,영업외수익|외환차익,"('reason', '포괄손익계산서에서 2023년 외환이익은 67,795,128,000원으로 표시되어 있습니다.')","('value', '67,795,128,000원')"
125111,영업외수익|외화환산이익,"('reason', '포괄손익계산서에서 2023년 기타수익은 476,347,911,780원으로 표시되어 있습니다.')","('value', '476,347,911,780원')"
125118,영업외수익|파생상품거래이익,"('reason', '포괄손익계산서에서 2023년 파생상품이익은 2,208,618,000원으로 표시되어 있습니다.')","('value', '2,208,618,000원')"
125126,영업외수익|파생상품평가이익,"('reason', '포괄손익계산서에서 2023년 기타수익은 476,347,911,780원으로 표시되어 있습니다.')","('value', '476,347,911,780원')"
125187,영업외수익|자산평가이익,"('reason', '포괄손익계산서에서 2023년 당기손익-공정가치측정금융자산평가이익은 25,181,436,000원으로 표시되어 있습니다.')","('value', '25,181,436,000원')"
125155,영업외수익|자산평가이익|당기손익인식금융자산평가이익,"('reason', '포괄손익계산서에서 2023년 당기손익-공정가치측정금융자산평가이익은 25,181,436,000원으로 표시되어 있습니다.')","('value', '25,181,436,000원')"
125121,영업외수익|자산평가이익|기타장단기투자자산평가이익,"('reason', '포괄손익계산서에서 2023년 기타수익은 476,347,911,780원으로 표시되어 있습니다.')","('value', '476,347,911,780원')"
125113,영업외수익|대손충당부채환입,"('reason', '포괄손익계산서에서 2023년 기타수익은 476,347,911,780원으로 표시되어 있습니다.')","('value', '476,347,911,780원')"
125167,영업외수익|자산손상차손환입,"('reason', '포괄손익계산서에서 2023년 기타수익은 476,347,911,780원으로 표시되어 있습니다.')","('value', '476,347,911,780원')"
125149,영업외수익|자산손상차손환입|매도가능금융자산손상차손환입,"('reason', '포괄손익계산서에서 2023년 기타수익은 476,347,911,780원으로 표시되어 있습니다.')","('value', '476,347,911,780원')"
125171,영업외수익|자산손상차손환입|종속기업투자손상차손환입,"('reason', '포괄손익계산서에서 2023년 기타수익은 476,347,911,780원으로 표시되어 있습니다.')","('value', '476,347,911,780원')"
125115,영업외수익|기타영업외수익,"('reason', '포괄손익계산서에서 2023년 기타수익은 476,347,911,780원으로 표시되어 있습니다.')","('value', '476,347,911,780원')"
126000,영업외비용,"('reason', '포괄손익계산서에서 2023년 기타비용은 338,025,269,310원으로 표시되어 있습니다.')","('value', '338,025,269,310원')"
126103,영업외비용|금융비용,"('reason', '포괄손익계산서에서 2023년 금융비용은 7,005,619,582원으로 표시되어 있습니다.')","('value', '7,005,619,582원')"
126110,영업외비용|금융비용|이자비용,"('reason', '포괄손익계산서에서 2023년 금융비용 중 이자비용은 7,005,620,000원으로 표시되어 있습니다.')","('value', '7,005,620,000원')"
126270,영업외비용|투자자산처분손실,"('reason', '포괄손익계산서에서 2023년 당기손익-공정가치측정금융자산처분손실은 62,499,507,000원으로 표시되어 있습니다.')","('value', '62,499,507,000원')"
126129,영업외비용|당기손익인식금융자산처분손실,"('reason', '포괄손익계산서에서 2023년 당기손익-공정가치측정금융자산처분손실은 62,499,507,000원으로 표시되어 있습니다.')","('value', '62,499,507,000원')"
126260,"영업외비용|유,무형,리스자산처분손실","('reason', '포괄손익계산서에서 2023년 유형자산처분손실은 125,268,000원, 리스처분손실은 67,872,000원으로 표시되어 있습니다.')","('value', '193,140,000원')"
126150,영업외비용|기부금,"('reason', '포괄손익계산서에서 2023년 기부금은 2,568,452,000원으로 표시되어 있습니다.')","('value', '2,568,452,000원')"
126160,영업외비용|외환차손,"('reason', '포괄손익계산서에서 2023년 외환손실은 51,189,917,000원으로 표시되어 있습니다.')","('value', '51,189,917,000원')"
126174,영업외비용|외화환산손실,"('reason', '포괄손익계산서에서 2023년 기타비용은 338,025,269,310원으로 표시되어 있습니다.')","('value', '338,025,269,310원')"
126163,영업외비용|파생상품평가손실,"('reason', '포괄손익계산서에서 2023년 파생상품손실은 169,156,000원으로 표시되어 있습니다.')","('value', '169,156,000원')"
126170,영업외비용|자산평가손실,"('reason', '포괄손익계산서에서 2023년 당기손익-공정가치측정금융자산평가손실은 31,307,824,000원으로 표시되어 있습니다.')","('value', '31,307,824,000원')"
126178,영업외비용|자산평가손실|당기손익인식금융자산평가손실,"('reason', '포괄손익계산서에서 2023년 당기손익-공정가치측정금융자산평가손실은 31,307,824,000원으로 표시되어 있습니다.')","('value', '31,307,824,000원')"
126240,영업외비용|기타대손상각비,"('reason', '포괄손익계산서에서 2023년 기타의대손상각비는 524,312,000원으로 표시되어 있습니다.')","('value', '524,312,000원')"
126280,영업외비용|사채상환손실,"('reason', '포괄손익계산서에서 2023년 기타비용은 338,025,269,310원으로 표시되어 있습니다.')","('value', '338,025,269,310원')"
126310,영업외비용|지분법손실,"('reason', '포괄손익계산서에서 2023년 기타비용은 338,025,269,310원으로 표시되어 있습니다.')","('value', '338,025,269,310원')"
126126,영업외비용|자산손상차손,"('reason', '포괄손익계산서에서 2023년 종속기업투자손상차손은 179,154,738,000원, 관계기업투자손상차손은 2,022,872,000원, 유형자산손상차손은 2,344,920,000원으로 표시되어 있습니다.')","('value', '183,522,530,000원')"
126147,영업외비용|자산손상차손|매도가능금융자산손상차손,"('reason', '포괄손익계산서에서 2023년 기타비용은 338,025,269,310원으로 표시되어 있습니다.')","('value', '338,025,269,310원')"
126155,영업외비용|자산손상차손|지분법주식손상차손,"('reason', '포괄손익계산서에서 2023년 기타비용은 338,025,269,310원으로 표시되어 있습니다.')","('value', '338,025,269,310원')"
126156,영업외비용|자산손상차손|종속기업투자손상차손,"('reason', '포괄손익계산서에서 2023년 종속기업투자손상차손은 179,154,738,000원으로 표시되어 있습니다.')","('value', '179,154,738,000원')"
126157,영업외비용|자산손상차손|관계기업투자손상차손,"('reason', '포괄손익계산서에서 2023년 관계기업투자손상차손은 2,022,872,000원으로 표시되어 있습니다.')","('value', '2,022,872,000원')"
126410,영업외비용|자산손상차손|유형자산손상차손,"('reason', '포괄손익계산서에서 2023년 유형자산손상차손은 2,344,920,000원으로 표시되어 있습니다.')","('value', '2,344,920,000원')"
126420,영업외비용|자산손상차손|무형자산손상차손,"('reason', '포괄손익계산서에서 2023년 기타비용은 338,025,269,310원으로 표시되어 있습니다.')","('value', '338,025,269,310원')"
126250,영업외비용|기타영업외비용,"('reason', '포괄손익계산서에서 2023년 기타비용은 338,025,269,310원으로 표시되어 있습니다.')","('value', '338,025,269,310원')"
128000,법인세비용차감전계속영업이익(손실),"('reason', '포괄손익계산서에서 2023년 법인세비용차감전순이익은 974,070,640,833원으로 표시되어 있습니다.')","('value', '974,070,640,833원')"
128100,계속영업손익법인세비용(부의법인세비용),"('reason', '포괄손익계산서에서 2023년 법인세비용은 245,993,459,551원으로 표시되어 있습니다.')","('value', '245,993,459,551원')"
128160,계속영업이익(손실),"('reason', '포괄손익계산서에서 2023년 당기순이익은 728,077,181,282원으로 표시되어 있습니다.')","('value', '728,077,181,282원')"
129007,기본주당계속영업손익,"('reason', '포괄손익계산서에서 2023년 기본주당이익은 15,668원으로 표시되어 있습니다.')","('value', '15,668원')"
129009,기본주당순손익,"('reason', '포괄손익계산서에서 2023년 기본주당이익은 15,668원으로 표시되어 있습니다.')","('value', '15,668원')"
129017,희석주당계속영업손익,"('reason', '포괄손익계산서에서 2023년 희석주당이익은 15,592원으로 표시되어 있습니다.')","('value', '15,592원')"
129019,희석주당순손익,"('reason', '포괄손익계산서에서 2023년 희석주당이익은 15,592원으로 표시되어 있습니다.')","('value', '15,592원')"
129050,기타포괄손익,"('reason', '포괄손익계산서에서 2023년 기타포괄손익은 (20,411,036,191)원으로 표시되어 있습니다.')","('value', '-20,411,036,191원')"
129053,기타포괄손익|투자자산평가손익,"('reason', '포괄손익계산서에서 2023년 기타포괄손익-공정가치측정금융자산평가손익은 (19,876,378,276)원으로 표시되어 있습니다.')","('value', '-19,876,378,276원')"
129055,기타포괄손익|외화환산평가손익,"('reason', '포괄손익계산서에서 2023년 기타포괄손익 중 해외사업환산손익은 (1,024,349)원으로 표시되어 있습니다.')","('value', '-1,024,349원')"
129056,기타포괄손익|보험수리적손익,"('reason', '포괄손익계산서에서 2023년 기타포괄손익 중 순확정급여부채의 재측정요소는 (533,633,566)원으로 표시되어 있습니다.')","('value', '-533,633,566원')"
129057,기타포괄손익|기타의기타포괄손익,"('reason', '기타포괄손익은 포괄손익계산서에서 찾을 수 있습니다. 2023년의 기타포괄손익은 (20,411,036,191)원입니다.')","('value', '(20,411,036,191)원')"
129060,포괄손익,"('reason', '포괄손익은 포괄손익계산서에서 찾을 수 있습니다. 2023년의 포괄손익은 707,666,145,091원입니다.')","('value', '707,666,145,091원')"
