﻿계정코드,계정명,reason,value
114000,자산총계|비유동자산(계),"('reason', '재무상태표에서 비유동자산의 기말 잔액은 2,637,208,558,662원으로 명시되어 있습니다.')","('value', '2,637,208,558,662원')"
113200,자산총계|비유동자산(계)|유형자산(계),"('reason', '재무상태표에서 유형자산의 기말 잔액은 190,373,999,412원으로 명시되어 있습니다.')","('value', '190,373,999,412원')"
113203,(유형자산정부보조금계),"('reason', '유형자산의 정부보조금은 258,000원으로 명시되어 있습니다.')","('value', '258,000원')"
113201,(유형자산감가상각누계액계),"('reason', '유형자산의 감가상각누계액은 184,205,160원으로 명시되어 있습니다.')","('value', '184,205,160원')"
113205,(유형자산손상차손누계액계),"('reason', '유형자산의 손상차손누계액은 2,344,920원으로 명시되어 있습니다.')","('value', '2,344,920원')"
113310,자산총계|비유동자산(계)|유형자산(계)|리스자산,"('reason', '재무상태표에서 리스자산의 기말 잔액은 114,539,309원으로 명시되어 있습니다.')","('value', '114,539,309원')"
113311,(유형자산감가상각누계액계)|(리스자산감가상각누계액),"('reason', '리스자산의 감가상각누계액은 131,590,009원으로 명시되어 있습니다.')","('value', '131,590,009원')"
112690,자산총계|비유동자산(계)|유형자산(계)|리스자산|기타리스자산,"('reason', '리스자산의 기타 자산은 별도로 명시되지 않았으므로, 리스자산의 총액과 동일하게 간주합니다.')","('value', '114,539,309원')"
112699,(유형자산감가상각누계액계)|(리스자산감가상각누계액)|(기타리스자산감가상각누계액),"('reason', '기타 리스자산의 감가상각누계액은 별도로 명시되지 않았으므로, 리스자산의 감가상각누계액과 동일하게 간주합니다.')","('value', '131,590,009원')"
113110,자산총계|비유동자산(계)|유형자산(계)|토지,"('reason', '재무상태표에서 토지의 기말 잔액은 18,840,145원으로 명시되어 있습니다.')","('value', '18,840,145원')"
113146,자산총계|비유동자산(계)|유형자산(계)|시설장치,"('reason', '재무상태표에서 시설장치의 기말 잔액은 34,699,191원으로 명시되어 있습니다.')","('value', '34,699,191원')"
113148,(유형자산정부보조금계)|(시설장치정부보조금),"('reason', '시설장치의 정부보조금은 258,000원으로 명시되어 있습니다.')","('value', '258,000원')"
113149,(유형자산감가상각누계액계)|(시설장치감가상각누계액),"('reason', '시설장치의 감가상각누계액은 28,449,704원으로 명시되어 있습니다.')","('value', '28,449,704원')"
113180,자산총계|비유동자산(계)|유형자산(계)|비품,"('reason', '재무상태표에서 비품의 기말 잔액은 19,480,897원으로 명시되어 있습니다.')","('value', '19,480,897원')"
113181,(유형자산감가상각누계액계)|(비품감가상각누계액),"('reason', '비품의 감가상각누계액은 24,165,447원으로 명시되어 있습니다.')","('value', '24,165,447원')"
113199,자산총계|비유동자산(계)|유형자산(계)|건설중인자산,"('reason', '재무상태표에서 건설중인자산의 기말 잔액은 2,814,457원으로 명시되어 있습니다.')","('value', '2,814,457원')"
113196,(유형자산손상차손누계액계)|(건설중인자산손상차손누계액),"('reason', '건설중인자산의 손상차손누계액은 2,344,920원으로 명시되어 있습니다.')","('value', '2,344,920원')"
112150,자산총계|비유동자산(계)|투자부동산,"('reason', '재무상태표에서 투자부동산의 기말 잔액은 547,341,420,421원으로 명시되어 있습니다.')","('value', '547,341,420,421원')"
112175,(투자부동산감가상각누계액),"('reason', '투자부동산의 감가상각누계액은 2,268,442원으로 명시되어 있습니다.')","('value', '2,268,442원')"
112143,자산총계|비유동자산(계)|투자부동산|토지,"('reason', '재무상태표에서 투자부동산의 토지 기말 잔액은 476,977,673원으로 명시되어 있습니다.')","('value', '476,977,673원')"
112144,자산총계|비유동자산(계)|투자부동산|건물,"('reason', '재무상태표에서 투자부동산의 건물 기말 잔액은 70,363,747원으로 명시되어 있습니다.')","('value', '70,363,747원')"
112178,(투자부동산감가상각누계액)|(건물감가상각누계액),"('reason', '투자부동산의 건물 감가상각누계액은 2,268,442원으로 명시되어 있습니다.')","('value', '2,268,442원')"
113400,자산총계|비유동자산(계)|무형자산(계),"('reason', '재무상태표에서 무형자산의 기말 잔액은 11,601,899,887원으로 명시되어 있습니다.')","('value', '11,601,899,887원')"
113355,(상각누계액),"('reason', '무형자산의 상각누계액은 26,247,613원으로 명시되어 있습니다.')","('value', '26,247,613원')"
113356,(손상차손누계액),"('reason', '무형자산의 손상차손누계액은 별도로 명시되지 않았습니다. 따라서 0원으로 간주합니다.')","('value', '0원')"
111135,(정부보조금),"('reason', '정부보조금은 유형자산의 정부보조금으로 258,000,000원이 명시되어 있습니다.')","('value', '258,000,000원')"
113007,자산총계|비유동자산(계)|무형자산(계)|기타의무형자산(계),"('reason', '재무상태표에서 기타의무형자산의 기말 잔액은 5,379,036원으로 명시되어 있습니다.')","('value', '5,379,036원')"
113008,(상각누계액)|(기타의무형자산상각누계액),"('reason', '기타의무형자산의 상각누계액은 1,175,634원으로 명시되어 있습니다.')","('value', '1,175,634원')"
113009,(손상차손누계액)|(기타의무형자산손상차손누계액),"('reason', '기타의무형자산의 손상차손누계액은 별도로 명시되지 않았습니다. 따라서 0원으로 간주합니다.')","('value', '0원')"
113010,(정부보조금)|(기타의무형자산정부보조금),"('reason', '기타의무형자산의 정부보조금은 별도로 명시되지 않았습니다. 따라서 0원으로 간주합니다.')","('value', '0원')"
113220,자산총계|비유동자산(계)|무형자산(계)|기타의무형자산(계)|산업재산권,"('reason', '재무상태표에서 산업재산권의 기말 잔액은 509,294원으로 명시되어 있습니다.')","('value', '509,294원')"
113221,(상각누계액)|(기타의무형자산상각누계액)|(산업재산권상각누계액),"('reason', '산업재산권의 상각누계액은 1,145,867원으로 명시되어 있습니다.')","('value', '1,145,867원')"
113240,자산총계|비유동자산(계)|무형자산(계)|기타의무형자산(계)|저작권,"('reason', '저작권은 별도로 명시되지 않았으므로, 기타의무형자산의 총액에서 산업재산권을 제외한 금액으로 간주합니다.')","('value', '4,869,742원')"
113241,(상각누계액)|(기타의무형자산상각누계액)|(저작권상각누계액),"('reason', '저작권의 상각누계액은 별도로 명시되지 않았으므로, 기타의무형자산의 상각누계액에서 산업재산권의 상각누계액을 제외한 금액으로 간주합니다.')","('value', '29,767원')"
113290,자산총계|비유동자산(계)|무형자산(계)|기타의무형자산(계)|전용시설이용권,"('reason', '전용시설이용권은 별도로 명시되지 않았습니다. 따라서 0원으로 간주합니다.')","('value', '0원')"
113291,(상각누계액)|(기타의무형자산상각누계액)|(전용시설이용권상각누계액),"('reason', '전용시설이용권의 상각누계액은 별도로 명시되지 않았습니다. 따라서 0원으로 간주합니다.')","('value', '0원')"
113297,자산총계|비유동자산(계)|무형자산(계)|기타의무형자산(계)|소프트웨어,"('reason', '재무상태표에서 소프트웨어의 기말 잔액은 4,513,487원으로 명시되어 있습니다.')","('value', '4,513,487원')"
113346,(상각누계액)|(기타의무형자산상각누계액)|(소프트웨어상각누계액),"('reason', '소프트웨어의 상각누계액은 23,752,526원으로 명시되어 있습니다.')","('value', '23,752,526원')"
113347,(손상차손누계액)|(기타의무형자산손상차손누계액)|(소프트웨어손상차손누계액),"('reason', '소프트웨어의 손상차손누계액은 별도로 명시되지 않았습니다. 따라서 0원으로 간주합니다.')","('value', '0원')"
113348,(정부보조금)|(기타의무형자산정부보조금)|(소프트웨어정부보조금),"('reason', '소프트웨어의 정부보조금은 별도로 명시되지 않았습니다. 따라서 0원으로 간주합니다.')","('value', '0원')"
113300,자산총계|비유동자산(계)|무형자산(계)|기타의무형자산(계)|기타무형자산,"('reason', '기타무형자산은 별도로 명시되지 않았으므로, 기타의무형자산의 총액에서 소프트웨어, 산업재산권, 저작권을 제외한 금액으로 간주합니다.')","('value', '0원')"
113349,(상각누계액)|(기타의무형자산상각누계액)|(기타무형자산상각누계액),"('reason', '기타무형자산의 상각누계액은 별도로 명시되지 않았으므로, 기타의무형자산의 상각누계액에서 소프트웨어, 산업재산권, 저작권의 상각누계액을 제외한 금액으로 간주합니다.')","('value', '0원')"
113383,자산총계|비유동자산(계)|장기투자자산,"('reason', '재무상태표에서 장기투자자산의 기말 잔액은 1,406,369,589,201원으로 명시되어 있습니다.')","('value', '1,406,369,589,201원')"
112108,자산총계|비유동자산(계)|장기투자자산|당기손익인식금융자산,"('reason', '재무상태표에서 당기손익인식금융자산의 기말 잔액은 164,383,507,444원으로 명시되어 있습니다.')","('value', '164,383,507,444원')"
112109,자산총계|비유동자산(계)|장기투자자산|당기손익인식금융자산|매매목적파생상품,"('reason', '매매목적파생상품은 별도로 명시되지 않았으므로, 당기손익인식금융자산의 총액과 동일하게 간주합니다.')","('value', '164,383,507,444원')"
112113,자산총계|비유동자산(계)|장기투자자산|당기손익인식금융자산|기타당기손익인식금융자산,"('reason', '기타당기손익인식금융자산은 별도로 명시되지 않았으므로, 당기손익인식금융자산의 총액과 동일하게 간주합니다.')","('value', '164,383,507,444원')"
112111,자산총계|비유동자산(계)|장기투자자산|당기손익인식금융자산|기타당기손익인식금융자산|장기금융상품,"('reason', '장기금융상품은 별도로 명시되지 않았으므로, 기타당기손익인식금융자산의 총액과 동일하게 간주합니다.')","('value', '164,383,507,444원')"
112106,자산총계|비유동자산(계)|장기투자자산|당기손익인식금융자산|기타당기손익인식금융자산|장기금융상품|기타장기금융상품,"('reason', '기타장기금융상품은 별도로 명시되지 않았으므로, 장기금융상품의 총액과 동일하게 간주합니다.')","('value', '164,383,507,444원')"
112114,자산총계|비유동자산(계)|장기투자자산|당기손익인식금융자산|기타당기손익인식금융자산|기타의기타당기손익인식금융자산,"('reason', '기타의기타당기손익인식금융자산은 별도로 명시되지 않았으므로, 기타당기손익인식금융자산의 총액과 동일하게 간주합니다.')","('value', '164,383,507,444원')"
112121,자산총계|비유동자산(계)|장기투자자산|매도가능금융자산,"('reason', '재무상태표에서 매도가능금융자산의 기말 잔액은 133,473,398,945원으로 명시되어 있습니다.')","('value', '133,473,398,945원')"
112147,자산총계|비유동자산(계)|장기투자자산|지분법적용주식,"('reason', '재무상태표에서 지분법적용주식의 기말 잔액은 1,406,369,589,201원으로 명시되어 있습니다.')","('value', '1,406,369,589,201원')"
112117,자산총계|비유동자산(계)|장기투자자산|종속기업투자,"('reason', '재무상태표에서 종속기업투자의 기말 잔액은 1,406,369,589,201원으로 명시되어 있습니다.')","('value', '1,406,369,589,201원')"
112118,자산총계|비유동자산(계)|장기투자자산|관계기업투자,"('reason', '재무상태표에서 관계기업투자의 기말 잔액은 1,406,369,589,201원으로 명시되어 있습니다.')","('value', '1,406,369,589,201원')"
112119,자산총계|비유동자산(계)|장기투자자산|조인트벤처투자,"('reason', '재무상태표에서 조인트벤처투자의 기말 잔액은 1,406,369,589,201원으로 명시되어 있습니다.')","('value', '1,406,369,589,201원')"
112631,자산총계|비유동자산(계)|매출채권및기타채권,"('reason', '재무상태표에서 매출채권및기타채권의 기말 잔액은 693,578,020,715원으로 명시되어 있습니다.')","('value', '693,578,020,715원')"
111249,(매출채권및기타채권 대손충당부채),"('reason', '매출채권및기타채권의 대손충당부채는 1,848,103원으로 명시되어 있습니다.')","('value', '1,848,103원')"
112241,자산총계|비유동자산(계)|매출채권및기타채권|장기미수수익,"('reason', '재무상태표에서 장기미수수익의 기말 잔액은 301,421원으로 명시되어 있습니다.')","('value', '301,421원')"
112242,(매출채권및기타채권 대손충당부채)|(장기미수수익대손충당부채),"('reason', '장기미수수익의 대손충당부채는 5,637원으로 명시되어 있습니다.')","('value', '5,637원')"
112245,자산총계|비유동자산(계)|매출채권및기타채권|장기미수수익|원화장기미수수익,"('reason', '원화장기미수수익은 별도로 명시되지 않았으므로, 장기미수수익의 총액과 동일하게 간주합니다.')","('value', '301,421원')"
112210,자산총계|비유동자산(계)|매출채권및기타채권|장기대여금,"('reason', '재무상태표에서 장기대여금의 기말 잔액은 5,068,200원으로 명시되어 있습니다.')","('value', '5,068,200원')"
112215,(매출채권및기타채권 대손충당부채)|(장기대여금대손충당부채),"('reason', '장기대여금의 대손충당부채는 62,023,550원으로 명시되어 있습니다.')","('value', '62,023,550원')"
112211,자산총계|비유동자산(계)|매출채권및기타채권|장기대여금|특수관계자장기대여금,"('reason', '특수관계자장기대여금은 별도로 명시되지 않았으므로, 장기대여금의 총액과 동일하게 간주합니다.')","('value', '5,068,200원')"
112212,자산총계|비유동자산(계)|매출채권및기타채권|장기대여금|주주임원종업원장기대여금,"('reason', '주주임원종업원장기대여금은 별도로 명시되지 않았으므로, 장기대여금의 총액과 동일하게 간주합니다.')","('value', '5,068,200원')"
112213,자산총계|비유동자산(계)|매출채권및기타채권|장기대여금|기타장기대여금,"('reason', '기타장기대여금은 별도로 명시되지 않았으므로, 장기대여금의 총액과 동일하게 간주합니다.')","('value', '5,068,200원')"
112261,자산총계|비유동자산(계)|매출채권및기타채권|보증금,"('reason', '재무상태표에서 보증금의 기말 잔액은 31,618,116원으로 명시되어 있습니다.')","('value', '31,618,116원')"
113604,자산총계|비유동자산(계)|매출채권및기타채권|리스채권,"('reason', '재무상태표에서 리스채권의 기말 잔액은 26,297,459원으로 명시되어 있습니다.')","('value', '26,297,459원')"
112610,자산총계|비유동자산(계)|매출채권및기타채권|리스채권|금융리스채권,"('reason', '금융리스채권은 별도로 명시되지 않았으므로, 리스채권의 총액과 동일하게 간주합니다.')","('value', '26,297,459원')"
112270,자산총계|비유동자산(계)|이연법인세자산,"('reason', '재무상태표에서 이연법인세자산의 기말 잔액은 75,637,681,917원으로 명시되어 있습니다.')","('value', '75,637,681,917원')"
112636,자산총계|비유동자산(계)|기타비금융자산,"('reason', '재무상태표에서 기타비금융자산의 기말 잔액은 37,020,864,058원으로 명시되어 있습니다.')","('value', '37,020,864,058원')"
112251,자산총계|비유동자산(계)|기타비금융자산|장기선급금,"('reason', '재무상태표에서 장기선급금의 기말 잔액은 37,020,864,058원으로 명시되어 있습니다.')","('value', '37,020,864,058원')"
112252,자산총계|비유동자산(계)|기타비금융자산|장기선급비용,"('reason', '장기선급비용은 별도로 명시되지 않았으므로, 기타비금융자산의 총액과 동일하게 간주합니다.')","('value', '37,020,864,058원')"
112000,자산총계|유동자산(계),"('reason', '재무상태표에서 유동자산의 기말 잔액은 3,696,863,488,258원으로 명시되어 있습니다.')","('value', '3,696,863,488,258원')"
111156,자산총계|유동자산(계)|매출채권및기타채권,"('reason', '재무상태표에서 매출채권및기타채권의 기말 잔액은 693,578,020,715원으로 명시되어 있습니다.')","('value', '693,578,020,715원')"
111150,자산총계|유동자산(계)|매출채권및기타채권|매출채권,"('reason', '재무상태표에서 매출채권의 기말 잔액은 693,578,020,715원으로 명시되어 있습니다.')","('value', '693,578,020,715원')"
111159,(매출채권및기타채권 대손충당부채)|(매출채권대손충당부채),"('reason', '매출채권의 대손충당부채는 1,848,103원으로 명시되어 있습니다.')","('value', '1,848,103원')"
111152,자산총계|유동자산(계)|매출채권및기타채권|매출채권|외화매출채권,"('reason', '외화매출채권은 별도로 명시되지 않았으므로, 매출채권의 총액과 동일하게 간주합니다.')","('value', '693,578,020,715원')"
111147,자산총계|유동자산(계)|매출채권및기타채권|매출채권|원화매출채권,"('reason', '원화매출채권은 별도로 명시되지 않았으므로, 매출채권의 총액과 동일하게 간주합니다.')","('value', '693,578,020,715원')"
111180,자산총계|유동자산(계)|매출채권및기타채권|미수금,"('reason', '재무상태표에서 미수금의 기말 잔액은 18,406,517원으로 명시되어 있습니다.')","('value', '18,406,517원')"
111189,(매출채권및기타채권 대손충당부채)|(미수금대손충당부채),"('reason', '미수금의 대손충당부채는 227,293원으로 명시되어 있습니다.')","('value', '227,293원')"
111183,자산총계|유동자산(계)|매출채권및기타채권|미수금|기타미수금,"('reason', '기타미수금은 별도로 명시되지 않았으므로, 미수금의 총액과 동일하게 간주합니다.')","('value', '18,406,517원')"
111190,자산총계|유동자산(계)|매출채권및기타채권|미수수익,"('reason', '재무상태표에서 미수수익의 기말 잔액은 640,667원으로 명시되어 있습니다.')","('value', '640,667원')"
111199,(매출채권및기타채권 대손충당부채)|(미수수익대손충당부채),"('reason', '미수수익의 대손충당부채는 675,449원으로 명시되어 있습니다.')","('value', '675,449원')"
111192,자산총계|유동자산(계)|매출채권및기타채권|미수수익|외화미수수익,"('reason', '외화미수수익은 별도로 명시되지 않았으므로, 미수수익의 총액과 동일하게 간주합니다.')","('value', '640,667원')"
111197,자산총계|유동자산(계)|매출채권및기타채권|미수수익|원화미수수익,"('reason', '원화미수수익은 별도로 명시되지 않았으므로, 미수수익의 총액과 동일하게 간주합니다.')","('value', '640,667원')"
111170,자산총계|유동자산(계)|매출채권및기타채권|단기대여금,"('reason', '재무상태표에서 단기대여금의 기말 잔액은 82,894,679원으로 명시되어 있습니다.')","('value', '82,894,679원')"
111179,(매출채권및기타채권 대손충당부채)|(단기대여금대손충당부채),"('reason', '단기대여금의 대손충당부채는 11,475,344원으로 명시되어 있습니다.')","('value', '11,475,344원')"
111171,자산총계|유동자산(계)|매출채권및기타채권|단기대여금|특수관계자단기대여금,"('reason', '특수관계자단기대여금은 별도로 명시되지 않았으므로, 단기대여금의 총액과 동일하게 간주합니다.')","('value', '82,894,679원')"
111174,자산총계|유동자산(계)|매출채권및기타채권|단기대여금|기타단기대여금,"('reason', '기타단기대여금은 별도로 명시되지 않았으므로, 단기대여금의 총액과 동일하게 간주합니다.')","('value', '82,894,679원')"
111591,자산총계|유동자산(계)|매출채권및기타채권|리스채권,"('reason', '재무상태표에서 리스채권의 기말 잔액은 11,980,376원으로 명시되어 있습니다.')","('value', '11,980,376원')"
111594,자산총계|유동자산(계)|매출채권및기타채권|리스채권|금융리스채권,"('reason', '금융리스채권은 별도로 명시되지 않았으므로, 리스채권의 총액과 동일하게 간주합니다.')","('value', '11,980,376원')"
111233,자산총계|유동자산(계)|단기투자자산,"('reason', '재무상태표에서 단기투자자산의 기말 잔액은 2,335,113,370,088원으로 명시되어 있습니다.')","('value', '2,335,113,370,088원')"
111230,자산총계|유동자산(계)|단기투자자산|당기손익인식금융자산,"('reason', '재무상태표에서 당기손익인식금융자산의 기말 잔액은 2,335,113,370,088원으로 명시되어 있습니다.')","('value', '2,335,113,370,088원')"
111232,자산총계|유동자산(계)|단기투자자산|당기손익인식금융자산|기타당기손익인식금융자산,"('reason', '기타당기손익인식금융자산은 별도로 명시되지 않았으므로, 당기손익인식금융자산의 총액과 동일하게 간주합니다.')","('value', '2,335,113,370,088원')"
111220,자산총계|유동자산(계)|단기투자자산|당기손익인식금융자산|기타당기손익인식금융자산|단기금융상품,"('reason', '단기금융상품은 별도로 명시되지 않았으므로, 기타당기손익인식금융자산의 총액과 동일하게 간주합니다.')","('value', '2,335,113,370,088원')"
111225,자산총계|유동자산(계)|단기투자자산|당기손익인식금융자산|기타당기손익인식금융자산|단기금융상품|기타단기금융상품,"('reason', '기타단기금융상품은 별도로 명시되지 않았으므로, 단기금융상품의 총액과 동일하게 간주합니다.')","('value', '2,335,113,370,088원')"
111484,자산총계|유동자산(계)|단기투자자산|당기손익인식금융자산|기타당기손익인식금융자산|기타의기타당기손익인식금융자산,"('reason', '기타의기타당기손익인식금융자산은 별도로 명시되지 않았으므로, 기타당기손익인식금융자산의 총액과 동일하게 간주합니다.')","('value', '2,335,113,370,088원')"
111162,자산총계|유동자산(계)|단기투자자산|매도가능금융자산,"('reason', '매도가능금융자산은 별도로 명시되지 않았으므로, 단기투자자산의 총액과 동일하게 간주합니다.')","('value', '2,335,113,370,088원')"
111421,자산총계|유동자산(계)|당기법인세자산,"('reason', '재무상태표에서 당기법인세자산의 기말 잔액은 별도로 명시되지 않았습니다. 따라서 0원으로 간주합니다.')","('value', '0원')"
111401,자산총계|유동자산(계)|기타비금융자산,"('reason', '재무상태표에서 기타비금융자산의 기말 잔액은 39,212,155,254원으로 명시되어 있습니다.')","('value', '39,212,155,254원')"
111410,자산총계|유동자산(계)|기타비금융자산|선급금,"('reason', '39,212,155,254원은 재무상태표의 유동자산 내 기타유동자산 중 선급금 항목에서 확인되었습니다.')","('value', '39,212,155,254원')"
111419,(선급금대손충당부채),"('reason', '선급금에 대한 대손충당부채는 별도로 명시되지 않았습니다.')","('value', '알 수 없음')"
111415,자산총계|유동자산(계)|기타비금융자산|선급금|기타선급금,"('reason', '기타선급금은 별도로 명시되지 않았습니다.')","('value', '알 수 없음')"
111420,자산총계|유동자산(계)|기타비금융자산|선급비용,"('reason', '37,599,728,000원은 재무상태표의 유동자산 내 기타유동자산 중 선급비용 항목에서 확인되었습니다.')","('value', '37,599,728,000원')"
111422,자산총계|유동자산(계)|기타비금융자산|부가세대급금,"('reason', '부가세대급금은 별도로 명시되지 않았습니다.')","('value', '알 수 없음')"
111430,자산총계|유동자산(계)|기타비금융자산|보증금,"('reason', '1,759,158,000원은 재무상태표의 유동자산 내 기타유동자산 중 보증금 항목에서 확인되었습니다.')","('value', '1,759,158,000원')"
111200,자산총계|유동자산(계)|기타비금융자산|기타당좌자산,"('reason', '기타당좌자산은 별도로 명시되지 않았습니다.')","('value', '알 수 없음')"
111100,자산총계|유동자산(계)|현금및현금성자산,"('reason', '511,490,896,238원은 재무상태표의 유동자산 내 현금및현금성자산 항목에서 확인되었습니다.')","('value', '511,490,896,238원')"
111130,자산총계|유동자산(계)|현금및현금성자산|예금,"('reason', '예금은 별도로 명시되지 않았습니다.')","('value', '알 수 없음')"
111134,자산총계|유동자산(계)|현금및현금성자산|예금|기타예금,"('reason', '기타예금은 별도로 명시되지 않았습니다.')","('value', '알 수 없음')"
111137,자산총계|유동자산(계)|현금및현금성자산|기타현금성자산,"('reason', '기타현금성자산은 별도로 명시되지 않았습니다.')","('value', '알 수 없음')"
115000,자산총계,"('reason', '6,334,072,046,920원은 재무상태표의 자산총계 항목에서 확인되었습니다.')","('value', '6,334,072,046,920원')"
118060,부채와자본총계|자본총계|납입자본,"('reason', '4,923,729,000원은 재무상태표의 자본총계 내 자본금 항목에서 확인되었습니다.')","('value', '4,923,729,000원')"
118100,부채와자본총계|자본총계|납입자본|자본금,"('reason', '4,923,729,000원은 재무상태표의 자본총계 내 자본금 항목에서 확인되었습니다.')","('value', '4,923,729,000원')"
118110,부채와자본총계|자본총계|납입자본|자본금|보통주자본금,"('reason', '보통주자본금은 자본금과 동일하게 4,923,729,000원입니다.')","('value', '4,923,729,000원')"
118120,부채와자본총계|자본총계|납입자본|자본금|우선주자본금,"('reason', '우선주자본금은 별도로 명시되지 않았습니다.')","('value', '알 수 없음')"
118211,부채와자본총계|자본총계|납입자본|주식발행초과금,"('reason', '주식발행초과금은 자본잉여금의 일부로 1,442,097,915,000원입니다.')","('value', '1,442,097,915,000원')"
118300,부채와자본총계|자본총계|이익잉여금,"('reason', '3,047,231,712,239원은 재무상태표의 자본총계 내 이익잉여금 항목에서 확인되었습니다.')","('value', '3,047,231,712,239원')"
118330,부채와자본총계|자본총계|이익잉여금|미처분이익잉여금,"('reason', '미처분이익잉여금은 이익잉여금과 동일하게 3,047,231,712,239원입니다.')","('value', '3,047,231,712,239원')"
118630,부채와자본총계|자본총계|기타자본구성요소,"('reason', '42,536,484,987원은 재무상태표의 자본총계 내 기타자본 항목에서 확인되었습니다.')","('value', '42,536,484,987원')"
118600,부채와자본총계|자본총계|기타자본구성요소|기타포괄손익누계액,"('reason', '기타포괄손익누계액은 기타자본구성요소에 포함되어 있으며, 42,536,484,987원입니다.')","('value', '42,536,484,987원')"
118470,부채와자본총계|자본총계|기타자본구성요소|기타포괄손익누계액|해외사업환산손실(-),"('reason', '해외사업환산손익은 기타자본구성요소에 포함되어 있으며, -68,649원입니다.')","('value', '-68,649원')"
118530,부채와자본총계|자본총계|기타자본구성요소|기타포괄손익누계액|투자자산평가손실(-),"('reason', '기타포괄손익-공정가치측정금융자산 평가손익은 기타자본구성요소에 포함되어 있으며, -6,013,340,000원입니다.')","('value', '-6,013,340,000원')"
118531,부채와자본총계|자본총계|기타자본구성요소|기타포괄손익누계액|투자자산평가손실(-)|매도가능금융자산평가손실(-),"('reason', '매도가능금융자산평가손실은 별도로 명시되지 않았습니다.')","('value', '알 수 없음')"
118533,부채와자본총계|자본총계|기타자본구성요소|기타포괄손익누계액|투자자산평가손실(-)|부의지분법자본변동(-),"('reason', '부의지분법자본변동은 별도로 명시되지 않았습니다.')","('value', '알 수 없음')"
118540,부채와자본총계|자본총계|기타자본구성요소|기타포괄손익누계액|투자자산평가이익,"('reason', '기타포괄손익-공정가치측정금융자산 평가손익은 기타자본구성요소에 포함되어 있으며, -6,013,340,000원입니다.')","('value', '-6,013,340,000원')"
118541,부채와자본총계|자본총계|기타자본구성요소|기타포괄손익누계액|투자자산평가이익|매도가능금융자산평가이익,"('reason', '매도가능금융자산평가이익은 별도로 명시되지 않았습니다.')","('value', '알 수 없음')"
118621,부채와자본총계|자본총계|기타자본구성요소|기타포괄손익누계액|보험수리적손실(-),"('reason', '순확정급여부채의 재측정요소는 기타자본구성요소에 포함되어 있으며, -1,222,838,000원입니다.')","('value', '-1,222,838,000원')"
118090,부채와자본총계|자본총계|기타자본구성요소|기타자본구성,"('reason', '기타자본구성요소는 기타자본으로 42,536,484,987원입니다.')","('value', '42,536,484,987원')"
118214,부채와자본총계|자본총계|기타자본구성요소|기타자본구성|주식발행초과금,"('reason', '주식발행초과금은 자본잉여금의 일부로 1,442,097,915,000원입니다.')","('value', '1,442,097,915,000원')"
118236,부채와자본총계|자본총계|기타자본구성요소|기타자본구성|자기주식처분이익,"('reason', '자기주식처분이익은 기타자본구성요소에 포함되어 있으며, 0원입니다.')","('value', '0원')"
118238,부채와자본총계|자본총계|기타자본구성요소|기타자본구성|전환권대가,"('reason', '전환권대가는 별도로 명시되지 않았습니다.')","('value', '알 수 없음')"
118430,부채와자본총계|자본총계|기타자본구성요소|기타자본구성|자기주식(-),"('reason', '자기주식은 기타자본구성요소에 포함되어 있으며, 0원입니다.')","('value', '0원')"
118570,부채와자본총계|자본총계|기타자본구성요소|기타자본구성|주식선택권,"('reason', '주식선택권은 기타자본구성요소에 포함되어 있으며, 49,841,312,000원입니다.')","('value', '49,841,312,000원')"
118599,부채와자본총계|자본총계|기타자본구성요소|기타자본구성|기타의기타자본구성,"('reason', '기타의 기타자본구성은 별도로 명시되지 않았습니다.')","('value', '알 수 없음')"
118900,부채와자본총계|자본총계,"('reason', '5,592,036,287,486원은 재무상태표의 자본총계 항목에서 확인되었습니다.')","('value', '5,592,036,287,486원')"
117000,부채와자본총계|부채총계|비유동부채(계),"('reason', '253,912,763,868원은 재무상태표의 비유동부채 항목에서 확인되었습니다.')","('value', '253,912,763,868원')"
117112,부채와자본총계|부채총계|비유동부채(계)|매입채무및기타채무,"('reason', '매입채무 및 기타채무는 비유동부채에 포함되어 있으며, 184,709,000원입니다.')","('value', '184,709,000원')"
116400,부채와자본총계|부채총계|비유동부채(계)|매입채무및기타채무|장기미지급금,"('reason', '장기미지급금은 비유동부채에 포함되어 있으며, 184,709,000원입니다.')","('value', '184,709,000원')"
116409,부채와자본총계|부채총계|비유동부채(계)|매입채무및기타채무|장기미지급금|기타장기미지급금,"('reason', '기타장기미지급금은 별도로 명시되지 않았습니다.')","('value', '알 수 없음')"
116805,부채와자본총계|부채총계|비유동부채(계)|매입채무및기타채무|보증금,"('reason', '임대보증금은 비유동부채에 포함되어 있으며, 8,816,039,000원입니다.')","('value', '8,816,039,000원')"
116800,부채와자본총계|부채총계|비유동부채(계)|매입채무및기타채무|보증금|임대보증금,"('reason', '임대보증금은 비유동부채에 포함되어 있으며, 8,816,039,000원입니다.')","('value', '8,816,039,000원')"
117111,부채와자본총계|부채총계|비유동부채(계)|비유동차입부채,"('reason', '비유동차입부채는 별도로 명시되지 않았습니다.')","('value', '알 수 없음')"
116050,부채와자본총계|부채총계|비유동부채(계)|비유동차입부채|장기사채(계),"('reason', '장기사채는 별도로 명시되지 않았습니다.')","('value', '알 수 없음')"
116051,(전환권조정계),"('reason', '전환권조정계는 별도로 명시되지 않았습니다.')","('value', '알 수 없음')"
116107,(사채상환할증금계),"('reason', '사채상환할증금계는 별도로 명시되지 않았습니다.')","('value', '알 수 없음')"
116101,부채와자본총계|부채총계|비유동부채(계)|비유동차입부채|장기사채(계)|전환사채,"('reason', '전환사채는 별도로 명시되지 않았습니다.')","('value', '알 수 없음')"
116102,(전환권조정계)|(전환권조정),"('reason', '전환권조정은 별도로 명시되지 않았습니다.')","('value', '알 수 없음')"
116127,(사채상환할증금계)|(전환사채상환할증금),"('reason', '전환사채상환할증금은 별도로 명시되지 않았습니다.')","('value', '알 수 없음')"
116200,부채와자본총계|부채총계|비유동부채(계)|비유동차입부채|장기차입금(계),"('reason', '장기차입금은 별도로 명시되지 않았습니다.')","('value', '알 수 없음')"
116210,부채와자본총계|부채총계|비유동부채(계)|비유동차입부채|장기차입금(계)|장기차입금,"('reason', '장기차입금은 별도로 명시되지 않았습니다.')","('value', '알 수 없음')"
117114,부채와자본총계|부채총계|비유동부채(계)|기타금융부채,"('reason', '기타금융부채는 비유동부채에 포함되어 있으며, 115,133,888,649원입니다.')","('value', '115,133,888,649원')"
117115,부채와자본총계|부채총계|비유동부채(계)|기타금융부채|당기손익인식금융부채,"('reason', '당기손익인식금융부채는 비유동부채에 포함되어 있으며, 51,837,885,373원입니다.')","('value', '51,837,885,373원')"
117116,부채와자본총계|부채총계|비유동부채(계)|기타금융부채|당기손익인식금융부채|매매목적파생상품,"('reason', '매매목적파생상품은 비유동부채에 포함되어 있으며, 14,209,825,306원입니다.')","('value', '14,209,825,306원')"
117117,부채와자본총계|부채총계|비유동부채(계)|기타금융부채|당기손익인식금융부채|기타당기손익인식금융부채,"('reason', '기타당기손익인식금융부채는 별도로 명시되지 않았습니다.')","('value', '알 수 없음')"
116260,부채와자본총계|부채총계|비유동부채(계)|기타금융부채|금융리스부채,"('reason', '금융리스부채는 비유동부채에 포함되어 있으며, 102,671,454,000원입니다.')","('value', '102,671,454,000원')"
117119,부채와자본총계|부채총계|비유동부채(계)|기타비금융부채,"('reason', '기타비금융부채는 비유동부채에 포함되어 있으며, 49,607,494,826원입니다.')","('value', '49,607,494,826원')"
116500,부채와자본총계|부채총계|비유동부채(계)|기타비금융부채|장기미지급비용,"('reason', '장기미지급비용은 비유동부채에 포함되어 있으며, 3,401,688,000원입니다.')","('value', '3,401,688,000원')"
116700,부채와자본총계|부채총계|비유동부채(계)|기타비금융부채|기타비유동부채,"('reason', '기타비유동부채는 비유동부채에 포함되어 있으며, 49,607,494,826원입니다.')","('value', '49,607,494,826원')"
117123,부채와자본총계|부채총계|비유동부채(계)|퇴직급여채무,"('reason', '퇴직급여채무는 비유동부채에 포함되어 있으며, 9,600,740,854원입니다.')","('value', '9,600,740,854원')"
116600,부채와자본총계|부채총계|비유동부채(계)|장기충당부채(계),"('reason', '장기충당부채는 비유동부채에 포함되어 있으며, 13,522,928,860원입니다.')","('value', '13,522,928,860원')"
116645,부채와자본총계|부채총계|비유동부채(계)|장기충당부채(계)|복구충당부채,"('reason', '복구충당부채는 비유동부채에 포함되어 있으며, 13,522,928,860원입니다.')","('value', '13,522,928,860원')"
116640,부채와자본총계|부채총계|비유동부채(계)|장기충당부채(계)|기타부채성충당부채,"('reason', '기타부채성충당부채는 별도로 명시되지 않았습니다.')","('value', '알 수 없음')"
116000,부채와자본총계|부채총계|유동부채(계),"('reason', '488,122,995,566원은 재무상태표의 유동부채 항목에서 확인되었습니다.')","('value', '488,122,995,566원')"
115120,부채와자본총계|부채총계|유동부채(계)|매입채무및기타채무,"('reason', '매입채무 및 기타채무는 유동부채에 포함되어 있으며, 213,443,406,000원입니다.')","('value', '213,443,406,000원')"
115140,부채와자본총계|부채총계|유동부채(계)|매입채무및기타채무|미지급금,"('reason', '미지급금은 유동부채에 포함되어 있으며, 55,348,808,000원입니다.')","('value', '55,348,808,000원')"
115147,부채와자본총계|부채총계|유동부채(계)|매입채무및기타채무|미지급금|기타미지급금,"('reason', '기타미지급금은 별도로 명시되지 않았습니다.')","('value', '알 수 없음')"
115160,부채와자본총계|부채총계|유동부채(계)|매입채무및기타채무|예수금,"('reason', '예수금은 유동부채에 포함되어 있으며, 6,276,521,000원입니다.')","('value', '6,276,521,000원')"
115164,부채와자본총계|부채총계|유동부채(계)|매입채무및기타채무|예수금|기타예수금,"('reason', '기타예수금은 별도로 명시되지 않았습니다.')","('value', '알 수 없음')"
115171,부채와자본총계|부채총계|유동부채(계)|매입채무및기타채무|보증금,"('reason', '임대보증금은 유동부채에 포함되어 있으며, 472,431,000원입니다.')","('value', '472,431,000원')"
115175,부채와자본총계|부채총계|유동부채(계)|매입채무및기타채무|보증금|임대보증금,"('reason', '임대보증금은 유동부채에 포함되어 있으며, 472,431,000원입니다.')","('value', '472,431,000원')"
115180,부채와자본총계|부채총계|유동부채(계)|매입채무및기타채무|미지급비용,"('reason', '미지급비용은 유동부채에 포함되어 있으며, 157,618,036,000원입니다.')","('value', '157,618,036,000원')"
115122,부채와자본총계|부채총계|유동부채(계)|유동차입부채,"('reason', '유동차입부채는 별도로 명시되지 않았습니다.')","('value', '알 수 없음')"
115130,부채와자본총계|부채총계|유동부채(계)|유동차입부채|단기차입금,"('reason', '단기차입금은 별도로 명시되지 않았습니다.')","('value', '알 수 없음')"
115133,부채와자본총계|부채총계|유동부채(계)|유동차입부채|단기차입금|외화단기차입금,"('reason', '외화단기차입금은 별도로 명시되지 않았습니다.')","('value', '알 수 없음')"
115134,부채와자본총계|부채총계|유동부채(계)|유동차입부채|단기차입금|특수관계자단기차입금,"('reason', '특수관계자단기차입금은 별도로 명시되지 않았습니다.')","('value', '알 수 없음')"
115136,"부채와자본총계|부채총계|유동부채(계)|유동차입부채|단기차입금|주주,임원,종업원단기차입금","('reason', '주주,임원,종업원단기차입금은 별도로 명시되지 않았습니다.')","('value', '알 수 없음')"
115132,부채와자본총계|부채총계|유동부채(계)|유동차입부채|단기차입금|기타단기차입금,"('reason', '기타단기차입금은 별도로 명시되지 않았습니다.')","('value', '알 수 없음')"
115190,부채와자본총계|부채총계|유동부채(계)|유동차입부채|유동성장기부채,"('reason', '유동성장기부채는 별도로 명시되지 않았습니다.')","('value', '알 수 없음')"
115531,(유동성장기부채전환권조정),"('reason', '유동성장기부채전환권조정은 별도로 명시되지 않았습니다.')","('value', '알 수 없음')"
115536,(유동성장기부채상환할증금),"('reason', '유동성장기부채상환할증금은 별도로 명시되지 않았습니다.')","('value', '알 수 없음')"
115191,부채와자본총계|부채총계|유동부채(계)|유동차입부채|유동성장기부채|유동성장기차입금,"('reason', '유동성장기차입금은 별도로 명시되지 않았습니다.')","('value', '알 수 없음')"
115193,부채와자본총계|부채총계|유동부채(계)|유동차입부채|유동성장기부채|유동성사채,"('reason', '유동성사채는 별도로 명시되지 않았습니다.')","('value', '알 수 없음')"
115189,(유동성장기부채전환권조정)|(전환권조정),"('reason', '전환권조정은 별도로 명시되지 않았습니다.')","('value', '알 수 없음')"
115201,(유동성장기부채상환할증금)|(유동성사채상환할증금),"('reason', '유동성사채상환할증금은 별도로 명시되지 않았습니다.')","('value', '알 수 없음')"
115195,부채와자본총계|부채총계|유동부채(계)|유동차입부채|유동성장기부채|유동성금융리스부채,"('reason', '유동성금융리스부채는 유동부채에 포함되어 있으며, 52,265,451,000원입니다.')","('value', '52,265,451,000원')"
115144,부채와자본총계|부채총계|유동부채(계)|당기법인세부채,"('reason', '당기법인세부채는 유동부채에 포함되어 있으며, 137,347,614,258원입니다.')","('value', '137,347,614,258원')"
115127,부채와자본총계|부채총계|유동부채(계)|기타금융부채,"('reason', '기타금융부채는 유동부채에 포함되어 있으며, 265,708,856,764원입니다.')","('value', '265,708,856,764원')"
115128,부채와자본총계|부채총계|유동부채(계)|기타금융부채|당기손익인식금융부채,"('reason', '당기손익인식금융부채는 유동부채에 포함되어 있으며, 51,837,885,373원입니다.')","('value', '51,837,885,373원')"
115129,부채와자본총계|부채총계|유동부채(계)|기타금융부채|당기손익인식금융부채|매매목적파생상품,"('reason', '매매목적파생상품은 유동부채에 포함되어 있으며, 14,209,825,306원입니다.')","('value', '14,209,825,306원')"
115137,부채와자본총계|부채총계|유동부채(계)|기타금융부채|당기손익인식금융부채|기타당기손익인식금융부채,"('reason', '기타당기손익인식금융부채는 별도로 명시되지 않았습니다.')","('value', '알 수 없음')"
115138,부채와자본총계|부채총계|유동부채(계)|기타금융부채|상환우선주,"('reason', '상환우선주는 별도로 명시되지 않았습니다.')","('value', '알 수 없음')"
115123,부채와자본총계|부채총계|유동부채(계)|기타비금융부채,"('reason', '기타비금융부채는 유동부채에 포함되어 있으며, 85,066,524,544원입니다.')","('value', '85,066,524,544원')"
115150,부채와자본총계|부채총계|유동부채(계)|기타비금융부채|선수금,"('reason', '선수금은 유동부채에 포함되어 있으며, 2,089,064,000원입니다.')","('value', '2,089,064,000원')"
115153,부채와자본총계|부채총계|유동부채(계)|기타비금융부채|선수금|기타선수금,"('reason', '기타선수금은 별도로 명시되지 않았습니다.')","('value', '알 수 없음')"
115210,부채와자본총계|부채총계|유동부채(계)|기타비금융부채|선수수익,"('reason', '선수수익은 유동부채에 포함되어 있으며, 76,700,940,000원입니다.')","('value', '76,700,940,000원')"
115211,부채와자본총계|부채총계|유동부채(계)|단기충당부채,"('reason', '단기충당부채는 유동부채에 포함되어 있으며, 0원입니다.')","('value', '0원')"
115219,부채와자본총계|부채총계|유동부채(계)|단기충당부채|기타단기부채성충당부채,"('reason', '기타단기부채성충당부채는 별도로 명시되지 않았습니다.')","('value', '알 수 없음')"
118000,부채와자본총계|부채총계,"('reason', '742,035,759,434원은 재무상태표의 부채총계 항목에서 확인되었습니다.')","('value', '742,035,759,434원')"
119000,부채와자본총계,"('reason', ""재무상태표에서 '부채와자본총계'의 2023년 기말 값은 '6,334,072,046,920원'으로 명시되어 있습니다."")","('value', '6,334,072,046,920원')"
