﻿계정코드,계정명,reason,value
161000,영업활동으로인한현금흐름,"('reason', ""재무제표의 현금흐름표에서 '영업활동으로 인한 현금흐름'은 692,896,718,847원으로 명시되어 있습니다."")","('value', '692,896,718,847원')"
161100,영업활동으로인한현금흐름|당기순이익(손실),"('reason', ""재무제표의 현금흐름표에서 '당기순이익'은 728,077,181,282원으로 명시되어 있습니다."")","('value', '728,077,181,282원')"
161210,영업활동으로인한현금흐름|현금유출없는비용등가산,"('reason', ""현금흐름표에서 '당기순이익조정을 위한 가감' 항목은 176,831,929,768원으로 명시되어 있습니다."")","('value', '176,831,929,768원')"
161211,"영업활동으로인한현금흐름|현금유출없는비용등가산|유형자산, 투자부동산감가상각비","('reason', ""현금흐름표의 '감가상각비'는 56,643,684,000원, '투자부동산상각비'는 880,649,000원으로 명시되어 있습니다. 두 값을 합산하면 57,524,333,000원입니다."")","('value', '57,524,333,000원')"
161212,영업활동으로인한현금흐름|현금유출없는비용등가산|무형자산상각비,"('reason', ""현금흐름표에서 '무형자산상각비'는 3,399,460,000원으로 명시되어 있습니다."")","('value', '3,399,460,000원')"
161249,영업활동으로인한현금흐름|현금유출없는비용등가산|무형자산상각비|기타무형자산상각비,"('reason', ""현금흐름표에서 '무형자산상각비'는 3,399,460,000원으로 명시되어 있습니다."")","('value', '3,399,460,000원')"
161214,영업활동으로인한현금흐름|현금유출없는비용등가산|대손상각비,"('reason', ""현금흐름표에서 '대손상각비(환입)'는 -3,302,436,000원으로 명시되어 있습니다."")","('value', '-3,302,436,000원')"
161268,영업활동으로인한현금흐름|현금유출없는비용등가산|기타대손상각비,"('reason', ""현금흐름표에서 '기타대손상각비'는 524,312,000원으로 명시되어 있습니다."")","('value', '524,312,000원')"
161215,영업활동으로인한현금흐름|현금유출없는비용등가산|퇴직급여,"('reason', ""현금흐름표에서 '퇴직급여'는 2,546,947,000원으로 명시되어 있습니다."")","('value', '2,546,947,000원')"
161218,영업활동으로인한현금흐름|현금유출없는비용등가산|투자자산처분손실,"('reason', ""현금흐름표에서 '당기손익-공정가치측정금융자산처분손실'은 62,499,507,000원으로 명시되어 있습니다."")","('value', '62,499,507,000원')"
161296,영업활동으로인한현금흐름|현금유출없는비용등가산|당기손익인식금융자산처분손실,"('reason', ""현금흐름표에서 '당기손익-공정가치측정금융자산처분손실'은 62,499,507,000원으로 명시되어 있습니다."")","('value', '62,499,507,000원')"
161219,"영업활동으로인한현금흐름|현금유출없는비용등가산|유,무형,리스자산처분손실","('reason', ""현금흐름표에서 '유형자산처분손실'은 125,268,000원, '리스처분손실'은 67,872,000원으로 명시되어 있습니다. 두 값을 합산하면 193,140,000원입니다."")","('value', '193,140,000원')"
161282,영업활동으로인한현금흐름|현금유출없는비용등가산|당기손익인식금융자산평가손실,"('reason', ""현금흐름표에서 '당기손익-공정가치측정금융자산평가손실'은 31,307,824,000원으로 명시되어 있습니다."")","('value', '31,307,824,000원')"
161259,영업활동으로인한현금흐름|현금유출없는비용등가산|매도가능금융자산손상차손,"('reason', ""현금흐름표에서 '기타의대손상각비'는 524,312,000원으로 명시되어 있습니다."")","('value', '524,312,000원')"
161201,영업활동으로인한현금흐름|현금유출없는비용등가산|지분법주식손상차손,"('reason', ""현금흐름표에서 '관계기업투자손상차손'은 2,022,872,000원으로 명시되어 있습니다."")","('value', '2,022,872,000원')"
161205,영업활동으로인한현금흐름|현금유출없는비용등가산|종속기업투자손상차손,"('reason', ""현금흐름표에서 '종속기업투자손상차손'은 179,154,738,000원으로 명시되어 있습니다."")","('value', '179,154,738,000원')"
161206,영업활동으로인한현금흐름|현금유출없는비용등가산|관계기업투자손상차손,"('reason', ""현금흐름표에서 '관계기업투자손상차손'은 2,022,872,000원으로 명시되어 있습니다."")","('value', '2,022,872,000원')"
161260,영업활동으로인한현금흐름|현금유출없는비용등가산|유형자산손상차손,"('reason', ""현금흐름표에서 '유형자산손상차손'은 2,344,920,000원으로 명시되어 있습니다."")","('value', '2,344,920,000원')"
161270,영업활동으로인한현금흐름|현금유출없는비용등가산|무형자산손상차손,"('reason', ""현금흐름표에서 '무형자산상각비'는 3,399,460,000원으로 명시되어 있습니다. 무형자산 손상차손은 별도로 명시되지 않았습니다."")","('value', '알 수 없음')"
161246,영업활동으로인한현금흐름|현금유출없는비용등가산|지분법손실,"('reason', ""현금흐름표에서 '관계기업투자손상차손'은 2,022,872,000원으로 명시되어 있습니다."")","('value', '2,022,872,000원')"
161247,영업활동으로인한현금흐름|현금유출없는비용등가산|법인세비용,"('reason', ""현금흐름표에서 '법인세비용'은 245,993,460,000원으로 명시되어 있습니다."")","('value', '245,993,460,000원')"
161223,영업활동으로인한현금흐름|현금유출없는비용등가산|외화환산손실,"('reason', ""현금흐름표에서 '외환손실'은 51,189,917,000원으로 명시되어 있습니다."")","('value', '51,189,917,000원')"
161248,영업활동으로인한현금흐름|현금유출없는비용등가산|사채상환손실,"('reason', '현금흐름표에서 사채상환손실은 명시되어 있지 않습니다.')","('value', '알 수 없음')"
161226,영업활동으로인한현금흐름|현금유출없는비용등가산|이자비용,"('reason', ""현금흐름표에서 '이자비용'은 7,005,620,000원으로 명시되어 있습니다."")","('value', '7,005,620,000원')"
161262,영업활동으로인한현금흐름|현금유출없는비용등가산|주식보상비용,"('reason', ""현금흐름표에서 '주식보상비용'은 19,896,868,000원으로 명시되어 있습니다."")","('value', '19,896,868,000원')"
161277,영업활동으로인한현금흐름|현금유출없는비용등가산|파생상품평가손실,"('reason', ""현금흐름표에서 '파생상품손실'은 169,156,000원으로 명시되어 있습니다."")","('value', '169,156,000원')"
161239,영업활동으로인한현금흐름|현금유출없는비용등가산|현금의유출이없는기타비용,"('reason', ""현금흐름표에서 '기타비용'은 4,767,805,000원으로 명시되어 있습니다."")","('value', '4,767,805,000원')"
161510,영업활동으로인한현금흐름|현금유입없는수익등차감,"('reason', ""현금흐름표에서 '영업활동으로 인한 자산 부채의 변동' 항목은 -96,069,624,479원으로 명시되어 있습니다."")","('value', '-96,069,624,479원')"
161696,영업활동으로인한현금흐름|현금유입없는수익등차감|당기손익인식금융자산처분이익,"('reason', ""현금흐름표에서 '당기손익-공정가치측정금융자산처분이익'은 197,676,487,000원으로 명시되어 있습니다."")","('value', '197,676,487,000원')"
161690,영업활동으로인한현금흐름|현금유입없는수익등차감|관계기업투자처분이익,"('reason', ""현금흐름표에서 '관계기업투자처분이익'은 863,132,000원으로 명시되어 있습니다."")","('value', '863,132,000원')"
161514,"영업활동으로인한현금흐름|현금유입없는수익등차감|유,무형,리스자산처분이익","('reason', ""현금흐름표에서 '유형자산처분이익'은 229,000원, '리스처분이익'은 18,286,000원으로 명시되어 있습니다. 두 값을 합산하면 18,515,000원입니다."")","('value', '18,515,000원')"
161674,영업활동으로인한현금흐름|현금유입없는수익등차감|당기손익인식금융자산평가이익,"('reason', ""현금흐름표에서 '당기손익-공정가치측정금융자산평가이익'은 25,181,436,000원으로 명시되어 있습니다."")","('value', '25,181,436,000원')"
161668,영업활동으로인한현금흐름|현금유입없는수익등차감|매도가능금융자산손상차손환입,"('reason', '현금흐름표에서 매도가능금융자산손상차손환입은 명시되어 있지 않습니다.')","('value', '알 수 없음')"
161655,영업활동으로인한현금흐름|현금유입없는수익등차감|종속기업투자손상차손환입,"('reason', ""현금흐름표에서 '종속기업투자손상차손'은 179,154,738,000원으로 명시되어 있습니다. 환입은 별도로 명시되어 있지 않습니다."")","('value', '알 수 없음')"
161516,영업활동으로인한현금흐름|현금유입없는수익등차감|외화환산이익,"('reason', ""현금흐름표에서 '외환이익'은 67,795,128,000원으로 명시되어 있습니다."")","('value', '67,795,128,000원')"
161518,영업활동으로인한현금흐름|현금유입없는수익등차감|대손충당부채환입,"('reason', ""현금흐름표에서 '대손상각비(환입)'는 -3,302,436,000원으로 명시되어 있습니다."")","('value', '-3,302,436,000원')"
161521,영업활동으로인한현금흐름|현금유입없는수익등차감|이자수익,"('reason', ""현금흐름표에서 '이자수익'은 31,096,477,000원으로 명시되어 있습니다."")","('value', '31,096,477,000원')"
161555,영업활동으로인한현금흐름|현금유입없는수익등차감|배당금수익,"('reason', ""현금흐름표에서 '배당금수익'은 646,194,000원으로 명시되어 있습니다."")","('value', '646,194,000원')"
161567,영업활동으로인한현금흐름|현금유입없는수익등차감|기타금융수익,"('reason', ""현금흐름표에서 '금융보증수익'은 36,779,000원으로 명시되어 있습니다."")","('value', '36,779,000원')"
161553,영업활동으로인한현금흐름|현금유입없는수익등차감|주식보상비용환입,"('reason', ""현금흐름표에서 '주식보상비용'은 19,896,868,000원으로 명시되어 있습니다. 환입은 별도로 명시되어 있지 않습니다."")","('value', '알 수 없음')"
161556,영업활동으로인한현금흐름|현금유입없는수익등차감|법인세비용의환급,"('reason', ""현금흐름표에서 '법인세비용'은 245,993,460,000원으로 명시되어 있습니다. 환급은 별도로 명시되어 있지 않습니다."")","('value', '알 수 없음')"
161558,영업활동으로인한현금흐름|현금유입없는수익등차감|부채성충당부채환입액,"('reason', ""현금흐름표에서 '기타의대손상각비'는 524,312,000원으로 명시되어 있습니다. 환입액은 별도로 명시되어 있지 않습니다."")","('value', '알 수 없음')"
161610,영업활동으로인한현금흐름|현금유입없는수익등차감|파생상품거래이익,"('reason', ""현금흐름표에서 '파생상품이익'은 2,208,618,000원으로 명시되어 있습니다."")","('value', '2,208,618,000원')"
161612,영업활동으로인한현금흐름|현금유입없는수익등차감|파생상품평가이익,"('reason', ""현금흐름표에서 '파생상품이익'은 2,208,618,000원으로 명시되어 있습니다."")","('value', '2,208,618,000원')"
161529,영업활동으로인한현금흐름|현금유입없는수익등차감|현금의유입이없는기타수익,"('reason', ""현금흐름표에서 '기타수익'은 1,385,605,000원으로 명시되어 있습니다."")","('value', '1,385,605,000원')"
161540,영업활동으로인한현금흐름|영업활동관련자산부채변동,"('reason', ""현금흐름표에서 '영업활동으로 인한 자산 부채의 변동' 항목은 -96,069,624,479원으로 명시되어 있습니다."")","('value', '-96,069,624,479원')"
161541,영업활동으로인한현금흐름|영업활동관련자산부채변동|매출채권의감소(증가),"('reason', ""현금흐름표에서 '매출채권'의 변동은 -159,010,276,000원으로 명시되어 있습니다."")","('value', '-159,010,276,000원')"
161543,영업활동으로인한현금흐름|영업활동관련자산부채변동|선급금의감소(증가),"('reason', ""현금흐름표에서 '선급금'의 변동은 7,288,764,000원으로 명시되어 있습니다."")","('value', '7,288,764,000원')"
161568,영업활동으로인한현금흐름|영업활동관련자산부채변동|당기법인세자산의감소(증가),"('reason', ""현금흐름표에서 '법인세비용'은 245,993,460,000원으로 명시되어 있습니다. 당기법인세자산의 변동은 별도로 명시되어 있지 않습니다."")","('value', '알 수 없음')"
161544,영업활동으로인한현금흐름|영업활동관련자산부채변동|선급비용의감소(증가),"('reason', ""현금흐름표에서 '선급비용'의 변동은 -15,252,128,000원으로 명시되어 있습니다."")","('value', '-15,252,128,000원')"
161685,영업활동으로인한현금흐름|영업활동관련자산부채변동|장기선급비용의감소(증가),"('reason', ""현금흐름표에서 '장기선급금'의 변동은 299,426,000원으로 명시되어 있습니다."")","('value', '299,426,000원')"
161545,영업활동으로인한현금흐름|영업활동관련자산부채변동|미수금의감소(증가),"('reason', ""현금흐름표에서 '미수금'의 변동은 -1,882,065,000원으로 명시되어 있습니다."")","('value', '-1,882,065,000원')"
161686,영업활동으로인한현금흐름|영업활동관련자산부채변동|미수수익의감소(증가),"('reason', ""현금흐름표에서 '미수수익'의 변동은 별도로 명시되어 있지 않습니다."")","('value', '알 수 없음')"
161687,영업활동으로인한현금흐름|영업활동관련자산부채변동|부가세대급금의감소(증가),"('reason', '현금흐름표에서 부가세대급금의 변동은 별도로 명시되어 있지 않습니다.')","('value', '알 수 없음')"
161546,영업활동으로인한현금흐름|영업활동관련자산부채변동|이연법인세자산감소(증가),"('reason', '현금흐름표에서 이연법인세자산의 변동은 별도로 명시되어 있지 않습니다.')","('value', '알 수 없음')"
161551,영업활동으로인한현금흐름|영업활동관련자산부채변동|기타투자및비유동자산감소(증가),"('reason', '현금흐름표에서 기타투자 및 비유동자산의 변동은 별도로 명시되어 있지 않습니다.')","('value', '알 수 없음')"
161572,영업활동으로인한현금흐름|영업활동관련자산부채변동|선수금의증가(감소),"('reason', ""현금흐름표에서 '선수금'의 변동은 1,027,733,000원으로 명시되어 있습니다."")","('value', '1,027,733,000원')"
161573,영업활동으로인한현금흐름|영업활동관련자산부채변동|예수금의증가(감소),"('reason', ""현금흐름표에서 '예수금'의 변동은 3,934,973,000원으로 명시되어 있습니다."")","('value', '3,934,973,000원')"
161574,영업활동으로인한현금흐름|영업활동관련자산부채변동|미지급비용의증가(감소),"('reason', ""현금흐름표에서 '미지급비용'의 변동은 34,878,966,000원으로 명시되어 있습니다."")","('value', '34,878,966,000원')"
161575,영업활동으로인한현금흐름|영업활동관련자산부채변동|미지급금의증가(감소),"('reason', ""현금흐름표에서 '미지급금'의 변동은 -22,984,549,000원으로 명시되어 있습니다."")","('value', '-22,984,549,000원')"
161579,영업활동으로인한현금흐름|영업활동관련자산부채변동|기타유동부채증가(감소),"('reason', '현금흐름표에서 기타유동부채의 변동은 별도로 명시되어 있지 않습니다.')","('value', '알 수 없음')"
161566,영업활동으로인한현금흐름|영업활동관련자산부채변동|퇴직급여채무의 증가(감소),"('reason', ""현금흐름표에서 '퇴직금의 지급'은 -981,830,000원으로 명시되어 있습니다."")","('value', '-981,830,000원')"
161582,영업활동으로인한현금흐름|영업활동관련자산부채변동|퇴직금의지급,"('reason', ""현금흐름표에서 '퇴직금의 지급'은 -981,830,000원으로 명시되어 있습니다."")","('value', '-981,830,000원')"
161591,영업활동으로인한현금흐름|영업활동관련자산부채변동|부채성충당부채의증가(감소),"('reason', ""현금흐름표에서 '기타충당부채'의 변동은 -3,374,045,000원으로 명시되어 있습니다."")","('value', '-3,374,045,000원')"
161589,영업활동으로인한현금흐름|영업활동관련자산부채변동|비유동부채의증가(감소),"('reason', '현금흐름표에서 비유동부채의 변동은 별도로 명시되어 있지 않습니다.')","('value', '알 수 없음')"
161710,영업활동으로인한현금흐름|금융비용유출액,"('reason', ""현금흐름표에서 '이자비용'은 7,005,620,000원으로 명시되어 있습니다."")","('value', '7,005,620,000원')"
161711,영업활동으로인한현금흐름|이자수익유입액,"('reason', ""현금흐름표에서 '이자수익'은 31,096,477,000원으로 명시되어 있습니다."")","('value', '31,096,477,000원')"
161713,영업활동으로인한현금흐름|배당금수익유입액,"('reason', ""현금흐름표에서 '배당금수익'은 646,194,000원으로 명시되어 있습니다."")","('value', '646,194,000원')"
161714,영업활동으로인한현금흐름|법인세의납부(환급),"('reason', ""현금흐름표에서 '법인세비용'은 245,993,460,000원으로 명시되어 있습니다. 납부(환급)액은 별도로 명시되어 있지 않습니다."")","('value', '알 수 없음')"
162000,투자활동으로인한현금흐름,"('reason', ""재무제표의 현금흐름표에서 '투자활동으로 인한 현금흐름'은 -396,460,962,886원으로 명시되어 있습니다."")","('value', '-396,460,962,886원')"
162100,투자활동으로인한현금흐름|투자활동으로인한현금유입,"('reason', ""현금흐름표에서 '투자활동으로 인한 현금유입액'은 14,174,235,504,723원으로 명시되어 있습니다."")","('value', '14,174,235,504,723원')"
162110,투자활동으로인한현금흐름|투자활동으로인한현금유입|유동자산의감소,"('reason', ""현금흐름표에서 '단기금융상품의 감소'는 30,000,000,000원으로 명시되어 있습니다."")","('value', '30,000,000,000원')"
162111,투자활동으로인한현금흐름|투자활동으로인한현금유입|유동자산의감소|단기투자증권의처분,"('reason', ""현금흐름표에서 '단기금융상품의 감소'는 30,000,000,000원으로 명시되어 있습니다."")","('value', '30,000,000,000원')"
162112,투자활동으로인한현금흐름|투자활동으로인한현금유입|유동자산의감소|단기대여금의회수,"('reason', ""현금흐름표에서 '단기대여금의 회수'는 68,930,601,890원으로 명시되어 있습니다."")","('value', '68,930,601,890원')"
162116,투자활동으로인한현금흐름|투자활동으로인한현금유입|유동자산의감소|단기금융상품의회수,"('reason', ""현금흐름표에서 '단기금융상품의 감소'는 30,000,000,000원으로 명시되어 있습니다."")","('value', '30,000,000,000원')"
162120,투자활동으로인한현금흐름|투자활동으로인한현금유입|투자자산등의감소,"('reason', ""현금흐름표에서 '당기손익-공정가치측정금융자산의 처분'은 14,020,936,233,120원으로 명시되어 있습니다."")","('value', '14,020,936,233,120원')"
162133,투자활동으로인한현금흐름|투자활동으로인한현금유입|투자자산등의감소|장기금융상품의감소,"('reason', ""현금흐름표에서 '장기금융상품의 감소'는 별도로 명시되어 있지 않습니다."")","('value', '알 수 없음')"
162171,투자활동으로인한현금흐름|투자활동으로인한현금유입|투자자산등의감소|당기손익인식금융자산의 처분,"('reason', ""현금흐름표에서 '당기손익-공정가치측정금융자산의 처분'은 14,020,936,233,120원으로 명시되어 있습니다."")","('value', '14,020,936,233,120원')"
162191,투자활동으로인한현금흐름|투자활동으로인한현금유입|투자자산등의감소|종속회사투자관련현금유입액,"('reason', ""현금흐름표에서 '종속기업투자의 처분'은 별도로 명시되어 있지 않습니다."")","('value', '알 수 없음')"
162192,투자활동으로인한현금흐름|투자활동으로인한현금유입|투자자산등의감소|종속회사투자관련현금유입액|종속회사투자의처분,"('reason', ""현금흐름표에서 '종속기업투자의 처분'은 별도로 명시되어 있지 않습니다."")","('value', '알 수 없음')"
162196,투자활동으로인한현금흐름|투자활동으로인한현금유입|투자자산등의감소|관계회사투자관련현금유입액,"('reason', ""현금흐름표에서 '관계기업투자의 처분'은 6,484,610,000원으로 명시되어 있습니다."")","('value', '6,484,610,000원')"
162197,투자활동으로인한현금흐름|투자활동으로인한현금유입|투자자산등의감소|관계회사투자관련현금유입액|관계회사투자의처분,"('reason', ""현금흐름표에서 '관계기업투자의 처분'은 6,484,610,000원으로 명시되어 있습니다."")","('value', '6,484,610,000원')"
162126,투자활동으로인한현금흐름|투자활동으로인한현금유입|투자자산등의감소|장기대여금의회수,"('reason', ""현금흐름표에서 '장기대여금의 회수'는 9,683,883,658원으로 명시되어 있습니다."")","('value', '9,683,883,658원')"
162131,투자활동으로인한현금흐름|투자활동으로인한현금유입|투자자산등의감소|보증금의감소,"('reason', ""현금흐름표에서 '보증금의 감소'는 830,281,210원으로 명시되어 있습니다."")","('value', '830,281,210원')"
162136,투자활동으로인한현금흐름|투자활동으로인한현금유입|투자자산등의감소|기타비유동자산의감소,"('reason', ""현금흐름표에서 '기타비유동자산의 감소'는 별도로 명시되어 있지 않습니다."")","('value', '알 수 없음')"
162150,"투자활동으로인한현금흐름|투자활동으로인한현금유입|유,무형,리스자산의감소","('reason', ""현금흐름표에서 '유형자산의 처분'은 549,282,367원, '무형자산의 처분'은 25,793,660,933원으로 명시되어 있습니다. 두 값을 합산하면 26,342,943,300원입니다."")","('value', '26,342,943,300원')"
162154,"투자활동으로인한현금흐름|투자활동으로인한현금유입|유,무형,리스자산의감소|공구,기구,비품처분","('reason', ""현금흐름표에서 '유형자산의 처분'은 549,282,367원으로 명시되어 있습니다."")","('value', '549,282,367원')"
162157,"투자활동으로인한현금흐름|투자활동으로인한현금유입|유,무형,리스자산의감소|무형자산감소","('reason', ""현금흐름표에서 '무형자산의 처분'은 25,793,660,933원으로 명시되어 있습니다."")","('value', '25,793,660,933원')"
162163,"투자활동으로인한현금흐름|투자활동으로인한현금유입|유,무형,리스자산의감소|무형자산감소|기타무형자산감소","('reason', ""현금흐름표에서 '무형자산의 처분'은 25,793,660,933원으로 명시되어 있습니다."")","('value', '25,793,660,933원')"
162169,"투자활동으로인한현금흐름|투자활동으로인한현금유입|유,무형,리스자산의감소|기타유형,리스자산처분","('reason', ""현금흐름표에서 '유형자산의 처분'은 549,282,367원으로 명시되어 있습니다."")","('value', '549,282,367원')"
162213,투자활동으로인한현금흐름|투자활동으로인한현금유입|파생상품의처분,"('reason', ""현금흐름표에서 '파생상품의 처분'은 별도로 명시되어 있지 않습니다."")","('value', '알 수 없음')"
161688,투자활동으로인한현금흐름|투자활동으로인한현금유입|정부보조금의증가,"('reason', ""현금흐름표에서 '정부보조금의 증가'는 별도로 명시되어 있지 않습니다."")","('value', '알 수 없음')"
162220,투자활동으로인한현금흐름|투자활동으로인한현금유입|합병(영업양수도)현금유입,"('reason', ""현금흐름표에서 '사업양수도로 인한 현금흐름'은 -4,305,000,000원으로 명시되어 있습니다. 이는 유입이 아닌 유출입니다."")","('value', '알 수 없음')"
162500,투자활동으로인한현금흐름|투자활동으로인한현금유출,"('reason', ""현금흐름표에서 '투자활동으로 인한 현금유출액'은 14,570,696,467,609원으로 명시되어 있습니다."")","('value', '14,570,696,467,609원')"
162510,투자활동으로인한현금흐름|투자활동으로인한현금유출|유동자산의증가,"('reason', ""현금흐름표에서 '단기대여금의 증가'는 6,704,000,000원으로 명시되어 있습니다."")","('value', '6,704,000,000원')"
162512,투자활동으로인한현금흐름|투자활동으로인한현금유출|유동자산의증가|단기대여금의증가,"('reason', ""현금흐름표에서 '단기대여금의 증가'는 6,704,000,000원으로 명시되어 있습니다."")","('value', '6,704,000,000원')"
162516,투자활동으로인한현금흐름|투자활동으로인한현금유출|유동자산의증가|단기금융상품의증가,"('reason', ""현금흐름표에서 '단기금융상품의 증가'는 별도로 명시되어 있지 않습니다."")","('value', '알 수 없음')"
162519,투자활동으로인한현금흐름|투자활동으로인한현금유출|유동자산의증가|기타유동자산증가,"('reason', ""현금흐름표에서 '기타유동자산의 증가'는 별도로 명시되어 있지 않습니다."")","('value', '알 수 없음')"
162520,투자활동으로인한현금흐름|투자활동으로인한현금유출|투자자산등의증가,"('reason', ""현금흐름표에서 '당기손익-공정가치측정금융자산의 취득'은 13,798,772,017,462원으로 명시되어 있습니다."")","('value', '13,798,772,017,462원')"
162532,투자활동으로인한현금흐름|투자활동으로인한현금유출|투자자산등의증가|장기금융상품의증가,"('reason', ""현금흐름표에서 '장기금융상품의 증가'는 별도로 명시되어 있지 않습니다."")","('value', '알 수 없음')"
162522,투자활동으로인한현금흐름|투자활동으로인한현금유출|투자자산등의증가|장기투자증권취득,"('reason', ""2023년 투자활동으로 인한 현금흐름에서 '장기금융상품의 증가'로 6,704,000천원이 기록되어 있습니다."")","('value', '6,704,000,000원')"
162523,투자활동으로인한현금흐름|투자활동으로인한현금유출|투자자산등의증가|지분법주식취득,"('reason', ""2023년 투자활동으로 인한 현금흐름에서 '관계기업 및 공동기업투자의 취득'으로 194,332,440천원이 기록되어 있습니다."")","('value', '194,332,440,000원')"
162564,투자활동으로인한현금흐름|투자활동으로인한현금유출|투자자산등의증가|당기손익인식금융자산의 취득,"('reason', ""2023년 투자활동으로 인한 현금흐름에서 '당기손익-공정가치측정금융자산의 취득'으로 13,798,772,017천원이 기록되어 있습니다."")","('value', '13,798,772,017,000원')"
162565,투자활동으로인한현금흐름|투자활동으로인한현금유출|투자자산등의증가|매도가능금융자산의 취득,"('reason', ""2023년 투자활동으로 인한 현금흐름에서 '기타포괄손익-공정가치측정금융자산의 취득'으로 75,524,113천원이 기록되어 있습니다."")","('value', '75,524,113,000원')"
162540,투자활동으로인한현금흐름|투자활동으로인한현금유출|투자자산등의증가|종속회사투자관련현금유출액,"('reason', ""2023년 투자활동으로 인한 현금흐름에서 '종속기업투자의 취득'으로 76,996,233천원이 기록되어 있습니다."")","('value', '76,996,233,000원')"
162541,투자활동으로인한현금흐름|투자활동으로인한현금유출|투자자산등의증가|종속회사투자관련현금유출액|종속회사투자의취득,"('reason', ""2023년 투자활동으로 인한 현금흐름에서 '종속기업투자의 취득'으로 76,996,233천원이 기록되어 있습니다."")","('value', '76,996,233,000원')"
162545,투자활동으로인한현금흐름|투자활동으로인한현금유출|투자자산등의증가|관계회사투자관련현금유출액,"('reason', ""2023년 투자활동으로 인한 현금흐름에서 '관계기업 및 공동기업투자의 취득'으로 194,332,440천원이 기록되어 있습니다."")","('value', '194,332,440,000원')"
162546,투자활동으로인한현금흐름|투자활동으로인한현금유출|투자자산등의증가|관계회사투자관련현금유출액|관계회사투자의취득,"('reason', ""2023년 투자활동으로 인한 현금흐름에서 '관계기업 및 공동기업투자의 취득'으로 194,332,440천원이 기록되어 있습니다."")","('value', '194,332,440,000원')"
162525,투자활동으로인한현금흐름|투자활동으로인한현금유출|투자자산등의증가|투자부동산증가,"('reason', ""2023년 투자활동으로 인한 현금흐름에서 '투자부동산의 취득'으로 343,531,810천원이 기록되어 있습니다."")","('value', '343,531,810,000원')"
162526,투자활동으로인한현금흐름|투자활동으로인한현금유출|투자자산등의증가|장기대여금증가,"('reason', ""2023년 투자활동으로 인한 현금흐름에서 '장기대여금의 증가'로 6,127,794천원이 기록되어 있습니다."")","('value', '6,127,794,000원')"
162530,투자활동으로인한현금흐름|투자활동으로인한현금유출|투자자산등의증가|보증금의증가,"('reason', ""2023년 투자활동으로 인한 현금흐름에서 '보증금의 증가'로 1,737,878천원이 기록되어 있습니다."")","('value', '1,737,878,000원')"
162535,투자활동으로인한현금흐름|투자활동으로인한현금유출|투자자산등의증가|기타비유동자산의증가,"('reason', ""2023년 투자활동으로 인한 현금흐름에서 '선급금의 증가'로 32,321,157천원이 기록되어 있습니다."")","('value', '32,321,157,000원')"
162550,"투자활동으로인한현금흐름|투자활동으로인한현금유출|유,무형,리스자산의증가","('reason', ""2023년 투자활동으로 인한 현금흐름에서 '유형자산의 취득'으로 27,513,521천원이 기록되어 있습니다."")","('value', '27,513,521,000원')"
162552,"투자활동으로인한현금흐름|투자활동으로인한현금유출|유,무형,리스자산의증가|건물구축물시설장치의취득","('reason', ""2023년 투자활동으로 인한 현금흐름에서 '유형자산의 취득'으로 27,513,521천원이 기록되어 있습니다."")","('value', '27,513,521,000원')"
162554,"투자활동으로인한현금흐름|투자활동으로인한현금유출|유,무형,리스자산의증가|공구,기구,비품취득","('reason', ""2023년 투자활동으로 인한 현금흐름에서 '유형자산의 취득'으로 27,513,521천원이 기록되어 있습니다."")","('value', '27,513,521,000원')"
162556,"투자활동으로인한현금흐름|투자활동으로인한현금유출|유,무형,리스자산의증가|건설중인자산의증가","('reason', ""2023년 투자활동으로 인한 현금흐름에서 '유형자산의 취득'으로 27,513,521천원이 기록되어 있습니다."")","('value', '27,513,521,000원')"
162557,"투자활동으로인한현금흐름|투자활동으로인한현금유출|유,무형,리스자산의증가|무형자산증가","('reason', ""2023년 투자활동으로 인한 현금흐름에서 '무형자산의 취득'으로 2,830,506천원이 기록되어 있습니다."")","('value', '2,830,506,000원')"
162563,"투자활동으로인한현금흐름|투자활동으로인한현금유출|유,무형,리스자산의증가|무형자산증가|기타무형자산증가","('reason', ""2023년 투자활동으로 인한 현금흐름에서 '무형자산의 취득'으로 2,830,506천원이 기록되어 있습니다."")","('value', '2,830,506,000원')"
162569,"투자활동으로인한현금흐름|투자활동으로인한현금유출|유,무형,리스자산의증가|기타유형,리스자산증가","('reason', ""2023년 투자활동으로 인한 현금흐름에서 '유형자산의 취득'으로 27,513,521천원이 기록되어 있습니다."")","('value', '27,513,521,000원')"
162613,투자활동으로인한현금흐름|투자활동으로인한현금유출|파생상품의취득,"('reason', ""2023년 투자활동으로 인한 현금흐름에서 '파생상품의 취득'으로 2,142,967천원이 기록되어 있습니다."")","('value', '2,142,967,000원')"
162611,투자활동으로인한현금흐름|투자활동으로인한현금유출|정부보조금의감소,"('reason', ""2023년 투자활동으로 인한 현금흐름에서 '정부보조금 반환'으로 902,950천원이 기록되어 있습니다."")","('value', '902,950,000원')"
162620,투자활동으로인한현금흐름|투자활동으로인한현금유출|합병(영업양수도)현금유출,"('reason', ""2023년 투자활동으로 인한 현금흐름에서 '사업양수도로 인한 현금흐름'으로 4,305,000천원이 기록되어 있습니다."")","('value', '4,305,000,000원')"
163000,재무활동으로인한현금흐름,"('reason', '2023년 재무활동으로 인한 현금흐름은 (214,010,856)천원으로 기록되어 있습니다.')","('value', '-214,010,856,000원')"
163100,재무활동으로인한현금흐름|재무활동으로인한현금유입,"('reason', ""2023년 재무활동으로 인한 현금흐름에서 '재무활동으로 인한 현금유입액'으로 219,765천원이 기록되어 있습니다."")","('value', '219,765,000원')"
163120,재무활동으로인한현금흐름|재무활동으로인한현금유입|유동부채의증가,"('reason', ""2023년 재무활동으로 인한 현금흐름에서 '임대보증금의 증가'로 5,701,862천원이 기록되어 있습니다."")","('value', '5,701,862,000원')"
163122,재무활동으로인한현금흐름|재무활동으로인한현금유입|유동부채의증가|단기차입금의증가,"('reason', ""2023년 재무활동으로 인한 현금흐름에서 '임대보증금의 증가'로 5,701,862천원이 기록되어 있습니다."")","('value', '5,701,862,000원')"
163140,재무활동으로인한현금흐름|재무활동으로인한현금유입|비유동부채의증가,"('reason', ""2023년 재무활동으로 인한 현금흐름에서 '임대보증금의 증가'로 5,701,862천원이 기록되어 있습니다."")","('value', '5,701,862,000원')"
163141,재무활동으로인한현금흐름|재무활동으로인한현금유입|비유동부채의증가|사채의발행,"('reason', ""2023년 재무활동으로 인한 현금흐름에서 '임대보증금의 증가'로 5,701,862천원이 기록되어 있습니다."")","('value', '5,701,862,000원')"
163142,재무활동으로인한현금흐름|재무활동으로인한현금유입|비유동부채의증가|전환사채의발행,"('reason', ""2023년 재무활동으로 인한 현금흐름에서 '임대보증금의 증가'로 5,701,862천원이 기록되어 있습니다."")","('value', '5,701,862,000원')"
163145,재무활동으로인한현금흐름|재무활동으로인한현금유입|비유동부채의증가|장기차입금증가,"('reason', ""2023년 재무활동으로 인한 현금흐름에서 '임대보증금의 증가'로 5,701,862천원이 기록되어 있습니다."")","('value', '5,701,862,000원')"
163148,재무활동으로인한현금흐름|재무활동으로인한현금유입|비유동부채의증가|보증금의증가,"('reason', ""2023년 재무활동으로 인한 현금흐름에서 '임대보증금의 증가'로 5,701,862천원이 기록되어 있습니다."")","('value', '5,701,862,000원')"
163170,재무활동으로인한현금흐름|재무활동으로인한현금유입|자본의증가,"('reason', ""2023년 재무활동으로 인한 현금흐름에서 '주식선택권의 행사'로 219,765천원이 기록되어 있습니다."")","('value', '219,765,000원')"
163171,재무활동으로인한현금흐름|재무활동으로인한현금유입|자본의증가|유상증자(주식발행초과금),"('reason', ""2023년 재무활동으로 인한 현금흐름에서 '주식선택권의 행사'로 219,765천원이 기록되어 있습니다."")","('value', '219,765,000원')"
163500,재무활동으로인한현금흐름|재무활동으로인한현금유출,"('reason', ""2023년 재무활동으로 인한 현금흐름에서 '재무활동으로 인한 현금유출액'으로 214,230,621천원이 기록되어 있습니다."")","('value', '214,230,621,000원')"
163520,재무활동으로인한현금흐름|재무활동으로인한현금유출|유동부채의감소,"('reason', ""2023년 재무활동으로 인한 현금흐름에서 '리스부채의 상환'으로 45,653,716천원이 기록되어 있습니다."")","('value', '45,653,716,000원')"
163522,재무활동으로인한현금흐름|재무활동으로인한현금유출|유동부채의감소|단기차입금의상환,"('reason', ""2023년 재무활동으로 인한 현금흐름에서 '리스부채의 상환'으로 45,653,716천원이 기록되어 있습니다."")","('value', '45,653,716,000원')"
163525,재무활동으로인한현금흐름|재무활동으로인한현금유출|유동부채의감소|유동성장기차입금상환,"('reason', ""2023년 재무활동으로 인한 현금흐름에서 '리스부채의 상환'으로 45,653,716천원이 기록되어 있습니다."")","('value', '45,653,716,000원')"
163540,재무활동으로인한현금흐름|재무활동으로인한현금유출|비유동부채의감소,"('reason', ""2023년 재무활동으로 인한 현금흐름에서 '임대보증금의 감소'로 588,828천원이 기록되어 있습니다."")","('value', '588,828,000원')"
163542,재무활동으로인한현금흐름|재무활동으로인한현금유출|비유동부채의감소|전환사채의상환,"('reason', ""2023년 재무활동으로 인한 현금흐름에서 '임대보증금의 감소'로 588,828천원이 기록되어 있습니다."")","('value', '588,828,000원')"
163544,재무활동으로인한현금흐름|재무활동으로인한현금유출|비유동부채의감소|장기차입금상환,"('reason', ""2023년 재무활동으로 인한 현금흐름에서 '임대보증금의 감소'로 588,828천원이 기록되어 있습니다."")","('value', '588,828,000원')"
163546,재무활동으로인한현금흐름|재무활동으로인한현금유출|비유동부채의감소|장기미지급금지급,"('reason', ""2023년 재무활동으로 인한 현금흐름에서 '임대보증금의 감소'로 588,828천원이 기록되어 있습니다."")","('value', '588,828,000원')"
163547,재무활동으로인한현금흐름|재무활동으로인한현금유출|비유동부채의감소|보증금의감소,"('reason', ""2023년 재무활동으로 인한 현금흐름에서 '임대보증금의 감소'로 588,828천원이 기록되어 있습니다."")","('value', '588,828,000원')"
163570,재무활동으로인한현금흐름|재무활동으로인한현금유출|자본의감소,"('reason', ""2023년 재무활동으로 인한 현금흐름에서 '자기주식의 취득'으로 167,988,077천원이 기록되어 있습니다."")","('value', '167,988,077,000원')"
163572,재무활동으로인한현금흐름|재무활동으로인한현금유출|자본의감소|자본잉여금감소,"('reason', ""2023년 재무활동으로 인한 현금흐름에서 '자기주식의 취득'으로 167,988,077천원이 기록되어 있습니다."")","('value', '167,988,077,000원')"
163575,재무활동으로인한현금흐름|재무활동으로인한현금유출|자본의감소|자기주식취득,"('reason', ""2023년 재무활동으로 인한 현금흐름에서 '자기주식의 취득'으로 167,988,077천원이 기록되어 있습니다."")","('value', '167,988,077,000원')"
164000,현금및현금성자산의증가(감소),"('reason', '2023년 현금및현금성자산의 증가(감소)는 82,424,900천원으로 기록되어 있습니다.')","('value', '82,424,900,000원')"
164030,환율변동으로인한차이조정,"('reason', '2023년 환율변동으로 인한 차이조정은 (1,743,072)천원으로 기록되어 있습니다.')","('value', '-1,743,072,000원')"
165000,기초의현금및현금성자산,"('reason', '2023년 기초의 현금및현금성자산은 430,809,069천원으로 기록되어 있습니다.')","('value', '430,809,069,000원')"
166000,기말의현금및현금성자산,"('reason', '2023년 기말의 현금및현금성자산은 511,490,896천원으로 기록되어 있습니다.')","('value', '511,490,896,000원')"
167000,현금유입과유출없는거래,"('reason', '2023년 현금유입과 유출없는 거래는 21,346,772천원으로 기록되어 있습니다.')","('value', '21,346,772,000원')"
167002,"현금유입과유출없는거래|유,무형자산의유동자산대체","('reason', ""2023년 현금유입과 유출없는 거래에서 '장기선급금의 본계정 대체'로 21,346,772천원이 기록되어 있습니다."")","('value', '21,346,772,000원')"
167004,현금유입과유출없는거래|투자자산간대체,"('reason', ""2023년 현금유입과 유출없는 거래에서 '당기손익-공정가치측정금융자산의 기타포괄손익-공정가치측정금융자산 대체'로 1,900,950천원이 기록되어 있습니다."")","('value', '1,900,950,000원')"
167005,"현금유입과유출없는거래|유,무형자산의투자자산대체","('reason', ""2023년 현금유입과 유출없는 거래에서 '장기선급금의 본계정 대체'로 21,346,772천원이 기록되어 있습니다."")","('value', '21,346,772,000원')"
167006,"현금유입과유출없는거래|유,무형자산간대체","('reason', ""2023년 현금유입과 유출없는 거래에서 '장기선급금의 본계정 대체'로 21,346,772천원이 기록되어 있습니다."")","('value', '21,346,772,000원')"
167008,"현금유입과유출없는거래|금융리스에 의한 유,무형자산구입","('reason', ""2023년 현금유입과 유출없는 거래에서 '장기선급금의 본계정 대체'로 21,346,772천원이 기록되어 있습니다."")","('value', '21,346,772,000원')"
167009,현금유입과유출없는거래|사채의유동성대체,"('reason', ""2023년 현금유입과 유출없는 거래에서 '장기선급금의 본계정 대체'로 21,346,772천원이 기록되어 있습니다."")","('value', '21,346,772,000원')"
167010,현금유입과유출없는거래|장기차입금유동성대체,"('reason', ""2023년 현금유입과 유출없는 거래에서 '장기선급금의 본계정 대체'로 21,346,772천원이 기록되어 있습니다."")","('value', '21,346,772,000원')"
167012,"현금유입과유출없는거래|장기미지급금,선수금유동성대체","('reason', ""2023년 현금유입과 유출없는 거래에서 '장기선급금의 본계정 대체'로 21,346,772천원이 기록되어 있습니다."")","('value', '21,346,772,000원')"
167013,현금유입과유출없는거래|기타비유동부채유동성대체,"('reason', ""2023년 현금유입과 유출없는 거래에서 '장기선급금의 본계정 대체'로 21,346,772천원이 기록되어 있습니다."")","('value', '21,346,772,000원')"
167064,현금유입과유출없는거래|기타비유동자산유동성대체,"('reason', ""2023년 현금유입과 유출없는 거래에서 '장기선급금의 본계정 대체'로 21,346,772천원이 기록되어 있습니다."")","('value', '21,346,772,000원')"
167021,현금유입과유출없는거래|전환사채등의자본전환,"('reason', ""2023년 현금유입과 유출없는 거래에서 '장기선급금의 본계정 대체'로 21,346,772천원이 기록되어 있습니다."")","('value', '21,346,772,000원')"
167022,현금유입과유출없는거래|기타자본조정의변동,"('reason', ""2023년 현금유입과 유출없는 거래에서 '장기선급금의 본계정 대체'로 21,346,772천원이 기록되어 있습니다."")","('value', '21,346,772,000원')"
167065,현금유입과유출없는거래|기타포괄손익누계액의변동,"('reason', ""2023년 현금유입과 유출없는 거래에서 '장기선급금의 본계정 대체'로 21,346,772천원이 기록되어 있습니다."")","('value', '21,346,772,000원')"
167063,현금유입과유출없는거래|자기주식처분이익,"('reason', ""2023년 현금유입과 유출없는 거래에서 '장기선급금의 본계정 대체'로 21,346,772천원이 기록되어 있습니다."")","('value', '21,346,772,000원')"
167032,현금유입과유출없는거래|합병(영업양수도)비현금거래,"('reason', ""2023년 현금유입과 유출없는 거래에서 '장기선급금의 본계정 대체'로 21,346,772천원이 기록되어 있습니다."")","('value', '21,346,772,000원')"
167051,현금유입과유출없는거래|미지급금으로취득한유형자산,"('reason', ""2023년 현금유입과 유출없는 거래에서 '장기선급금의 본계정 대체'로 21,346,772천원이 기록되어 있습니다."")","('value', '21,346,772,000원')"
167053,현금유입과유출없는거래|장기투자증권의단기투자증권전환,"('reason', ""2023년 현금유입과 유출없는 거래에서 '장기선급금의 본계정 대체'로 21,346,772천원이 기록되어 있습니다."")","('value', '21,346,772,000원')"
167054,현금유입과유출없는거래|유동자산의투자자산대체,"('reason', ""2023년 현금유입과 유출없는 거래에서 '장기선급금의 본계정 대체'로 21,346,772천원이 기록되어 있습니다."")","('value', '21,346,772,000원')"
167055,현금유입과유출없는거래|투자자산의유동자산대체,"('reason', ""2023년 현금유입과 유출없는 거래에서 '장기선급금의 본계정 대체'로 21,346,772천원이 기록되어 있습니다."")","('value', '21,346,772,000원')"
167049,현금유입과유출없는거래|기타의현금유입과유출없는거래,"('reason', ""2023년 현금유입과 유출없는 거래에서 '장기선급금의 본계정 대체'로 21,346,772천원이 기록되어 있습니다."")","('value', '21,346,772,000원')"
