﻿계정코드,계정명,예측값
114000,자산총계|비유동자산(계),2637208558662
118900,부채와자본총계|자본총계,5592036287486
117000,부채와자본총계|부채총계|비유동부채(계),253912763868
116400,부채와자본총계|부채총계|비유동부채(계)|매입채무및기타채무|장기미지급금,184709000
116805,부채와자본총계|부채총계|비유동부채(계)|매입채무및기타채무|보증금,8816039000
116800,부채와자본총계|부채총계|비유동부채(계)|매입채무및기타채무|보증금|임대보증금,8816039000
117116,부채와자본총계|부채총계|비유동부채(계)|기타금융부채|당기손익인식금융부채|매매목적파생상품,14209825306
116500,부채와자본총계|부채총계|비유동부채(계)|기타비금융부채|장기미지급비용,3401688000
116700,부채와자본총계|부채총계|비유동부채(계)|기타비금융부채|기타비유동부채,49607494826
118570,부채와자본총계|자본총계|기타자본구성요소|기타자본구성|주식선택권,49841312000
117123,부채와자본총계|부채총계|비유동부채(계)|퇴직급여채무,9600740854
116000,부채와자본총계|부채총계|유동부채(계),488122995566
115140,부채와자본총계|부채총계|유동부채(계)|매입채무및기타채무|미지급금,55348808000
115160,부채와자본총계|부채총계|유동부채(계)|매입채무및기타채무|예수금,6276521000
115171,부채와자본총계|부채총계|유동부채(계)|매입채무및기타채무|보증금,472431000
115175,부채와자본총계|부채총계|유동부채(계)|매입채무및기타채무|보증금|임대보증금,472431000
115195,부채와자본총계|부채총계|유동부채(계)|유동차입부채|유동성장기부채|유동성금융리스부채,52265451000
115144,부채와자본총계|부채총계|유동부채(계)|당기법인세부채,137347614258
115150,부채와자본총계|부채총계|유동부채(계)|기타비금융부채|선수금,2089064000
116645,부채와자본총계|부채총계|비유동부채(계)|장기충당부채(계)|복구충당부채,13522928860
118000,부채와자본총계|부채총계,742035759434
118214,부채와자본총계|자본총계|기타자본구성요소|기타자본구성|주식발행초과금,1442097915000
118300,부채와자본총계|자본총계|이익잉여금,3047231712239
113200,자산총계|비유동자산(계)|유형자산(계),190373999412
112150,자산총계|비유동자산(계)|투자부동산,547341420421
113400,자산총계|비유동자산(계)|무형자산(계),11601899887
112114,자산총계|비유동자산(계)|장기투자자산|당기손익인식금융자산|기타당기손익인식금융자산|기타의기타당기손익인식금융자산,164383507444
112121,자산총계|비유동자산(계)|장기투자자산|매도가능금융자산,133473398945
112270,자산총계|비유동자산(계)|이연법인세자산,75637681917
112636,자산총계|비유동자산(계)|기타비금융자산,37020864058
112251,자산총계|비유동자산(계)|기타비금융자산|장기선급금,37020864058
118330,부채와자본총계|자본총계|이익잉여금|미처분이익잉여금,3047231712239
112000,자산총계|유동자산(계),3696863488258
111147,자산총계|유동자산(계)|매출채권및기타채권|매출채권|원화매출채권,693578020715
111484,자산총계|유동자산(계)|단기투자자산|당기손익인식금융자산|기타당기손익인식금융자산|기타의기타당기손익인식금융자산,2335113370088
111430,자산총계|유동자산(계)|기타비금융자산|보증금,1759158000
111100,자산총계|유동자산(계)|현금및현금성자산,511490896238
115000,자산총계,6334072046920
118060,부채와자본총계|자본총계|납입자본,4923729000
118100,부채와자본총계|자본총계|납입자본|자본금,4923729000
118110,부채와자본총계|자본총계|납입자본|자본금|보통주자본금,4923729000
111150,자산총계|유동자산(계)|매출채권및기타채권|매출채권,693578020715
119000,부채와자본총계,6334072046920
