﻿계정코드,항목명
16161000,영업활동으로인한현금흐름
16161100,영업활동으로인한현금흐름|당기순이익(손실)
16161210,영업활동으로인한현금흐름|현금유출없는비용등가산
16161211,"영업활동으로인한현금흐름|현금유출없는비용등가산|유형자산, 투자부동산감가상각비"
16161212,영업활동으로인한현금흐름|현금유출없는비용등가산|무형자산상각비
16161249,영업활동으로인한현금흐름|현금유출없는비용등가산|무형자산상각비|기타무형자산상각비
16161214,영업활동으로인한현금흐름|현금유출없는비용등가산|대손상각비
16161268,영업활동으로인한현금흐름|현금유출없는비용등가산|기타대손상각비
16161215,영업활동으로인한현금흐름|현금유출없는비용등가산|퇴직급여
16161218,영업활동으로인한현금흐름|현금유출없는비용등가산|투자자산처분손실
16161296,영업활동으로인한현금흐름|현금유출없는비용등가산|당기손익인식금융자산처분손실
16161219,"영업활동으로인한현금흐름|현금유출없는비용등가산|유,무형,리스자산처분손실"
16161282,영업활동으로인한현금흐름|현금유출없는비용등가산|당기손익인식금융자산평가손실
16161259,영업활동으로인한현금흐름|현금유출없는비용등가산|매도가능금융자산손상차손
16161201,영업활동으로인한현금흐름|현금유출없는비용등가산|지분법주식손상차손
16161205,영업활동으로인한현금흐름|현금유출없는비용등가산|종속기업투자손상차손
16161206,영업활동으로인한현금흐름|현금유출없는비용등가산|관계기업투자손상차손
16161260,영업활동으로인한현금흐름|현금유출없는비용등가산|유형자산손상차손
16161270,영업활동으로인한현금흐름|현금유출없는비용등가산|무형자산손상차손
16161246,영업활동으로인한현금흐름|현금유출없는비용등가산|지분법손실
16161247,영업활동으로인한현금흐름|현금유출없는비용등가산|법인세비용
16161223,영업활동으로인한현금흐름|현금유출없는비용등가산|외화환산손실
16161248,영업활동으로인한현금흐름|현금유출없는비용등가산|사채상환손실
16161226,영업활동으로인한현금흐름|현금유출없는비용등가산|이자비용
16161262,영업활동으로인한현금흐름|현금유출없는비용등가산|주식보상비용
16161277,영업활동으로인한현금흐름|현금유출없는비용등가산|파생상품평가손실
16161239,영업활동으로인한현금흐름|현금유출없는비용등가산|현금의유출이없는기타비용
16161510,영업활동으로인한현금흐름|현금유입없는수익등차감
16161696,영업활동으로인한현금흐름|현금유입없는수익등차감|당기손익인식금융자산처분이익
16161690,영업활동으로인한현금흐름|현금유입없는수익등차감|관계기업투자처분이익
16161514,"영업활동으로인한현금흐름|현금유입없는수익등차감|유,무형,리스자산처분이익"
16161674,영업활동으로인한현금흐름|현금유입없는수익등차감|당기손익인식금융자산평가이익
16161668,영업활동으로인한현금흐름|현금유입없는수익등차감|매도가능금융자산손상차손환입
16161655,영업활동으로인한현금흐름|현금유입없는수익등차감|종속기업투자손상차손환입
16161516,영업활동으로인한현금흐름|현금유입없는수익등차감|외화환산이익
16161518,영업활동으로인한현금흐름|현금유입없는수익등차감|대손충당부채환입
16161521,영업활동으로인한현금흐름|현금유입없는수익등차감|이자수익
16161555,영업활동으로인한현금흐름|현금유입없는수익등차감|배당금수익
16161567,영업활동으로인한현금흐름|현금유입없는수익등차감|기타금융수익
16161553,영업활동으로인한현금흐름|현금유입없는수익등차감|주식보상비용환입
16161556,영업활동으로인한현금흐름|현금유입없는수익등차감|법인세비용의환급
16161558,영업활동으로인한현금흐름|현금유입없는수익등차감|부채성충당부채환입액
16161610,영업활동으로인한현금흐름|현금유입없는수익등차감|파생상품거래이익
16161612,영업활동으로인한현금흐름|현금유입없는수익등차감|파생상품평가이익
16161529,영업활동으로인한현금흐름|현금유입없는수익등차감|현금의유입이없는기타수익
16161540,영업활동으로인한현금흐름|영업활동관련자산부채변동
16161541,영업활동으로인한현금흐름|영업활동관련자산부채변동|매출채권의감소(증가)
16161543,영업활동으로인한현금흐름|영업활동관련자산부채변동|선급금의감소(증가)
16161568,영업활동으로인한현금흐름|영업활동관련자산부채변동|당기법인세자산의감소(증가)
16161544,영업활동으로인한현금흐름|영업활동관련자산부채변동|선급비용의감소(증가)
16161685,영업활동으로인한현금흐름|영업활동관련자산부채변동|장기선급비용의감소(증가)
16161545,영업활동으로인한현금흐름|영업활동관련자산부채변동|미수금의감소(증가)
16161686,영업활동으로인한현금흐름|영업활동관련자산부채변동|미수수익의감소(증가)
16161687,영업활동으로인한현금흐름|영업활동관련자산부채변동|부가세대급금의감소(증가)
16161546,영업활동으로인한현금흐름|영업활동관련자산부채변동|이연법인세자산감소(증가)
16161551,영업활동으로인한현금흐름|영업활동관련자산부채변동|기타투자및비유동자산감소(증가)
16161572,영업활동으로인한현금흐름|영업활동관련자산부채변동|선수금의증가(감소)
16161573,영업활동으로인한현금흐름|영업활동관련자산부채변동|예수금의증가(감소)
16161574,영업활동으로인한현금흐름|영업활동관련자산부채변동|미지급비용의증가(감소)
16161575,영업활동으로인한현금흐름|영업활동관련자산부채변동|미지급금의증가(감소)
16161579,영업활동으로인한현금흐름|영업활동관련자산부채변동|기타유동부채증가(감소)
16161566,영업활동으로인한현금흐름|영업활동관련자산부채변동|퇴직급여채무의 증가(감소)
16161582,영업활동으로인한현금흐름|영업활동관련자산부채변동|퇴직금의지급
16161591,영업활동으로인한현금흐름|영업활동관련자산부채변동|부채성충당부채의증가(감소)
16161589,영업활동으로인한현금흐름|영업활동관련자산부채변동|비유동부채의증가(감소)
16161710,영업활동으로인한현금흐름|금융비용유출액
16161711,영업활동으로인한현금흐름|이자수익유입액
16161713,영업활동으로인한현금흐름|배당금수익유입액
16161714,영업활동으로인한현금흐름|법인세의납부(환급)
16162000,투자활동으로인한현금흐름
16162100,투자활동으로인한현금흐름|투자활동으로인한현금유입
16162110,투자활동으로인한현금흐름|투자활동으로인한현금유입|유동자산의감소
16162111,투자활동으로인한현금흐름|투자활동으로인한현금유입|유동자산의감소|단기투자증권의처분
16162112,투자활동으로인한현금흐름|투자활동으로인한현금유입|유동자산의감소|단기대여금의회수
16162116,투자활동으로인한현금흐름|투자활동으로인한현금유입|유동자산의감소|단기금융상품의회수
16162120,투자활동으로인한현금흐름|투자활동으로인한현금유입|투자자산등의감소
16162133,투자활동으로인한현금흐름|투자활동으로인한현금유입|투자자산등의감소|장기금융상품의감소
16162171,투자활동으로인한현금흐름|투자활동으로인한현금유입|투자자산등의감소|당기손익인식금융자산의 처분
16162191,투자활동으로인한현금흐름|투자활동으로인한현금유입|투자자산등의감소|종속회사투자관련현금유입액
16162192,투자활동으로인한현금흐름|투자활동으로인한현금유입|투자자산등의감소|종속회사투자관련현금유입액|종속회사투자의처분
16162196,투자활동으로인한현금흐름|투자활동으로인한현금유입|투자자산등의감소|관계회사투자관련현금유입액
16162197,투자활동으로인한현금흐름|투자활동으로인한현금유입|투자자산등의감소|관계회사투자관련현금유입액|관계회사투자의처분
16162126,투자활동으로인한현금흐름|투자활동으로인한현금유입|투자자산등의감소|장기대여금의회수
16162131,투자활동으로인한현금흐름|투자활동으로인한현금유입|투자자산등의감소|보증금의감소
16162136,투자활동으로인한현금흐름|투자활동으로인한현금유입|투자자산등의감소|기타비유동자산의감소
16162150,"투자활동으로인한현금흐름|투자활동으로인한현금유입|유,무형,리스자산의감소"
16162154,"투자활동으로인한현금흐름|투자활동으로인한현금유입|유,무형,리스자산의감소|공구,기구,비품처분"
16162157,"투자활동으로인한현금흐름|투자활동으로인한현금유입|유,무형,리스자산의감소|무형자산감소"
16162163,"투자활동으로인한현금흐름|투자활동으로인한현금유입|유,무형,리스자산의감소|무형자산감소|기타무형자산감소"
16162169,"투자활동으로인한현금흐름|투자활동으로인한현금유입|유,무형,리스자산의감소|기타유형,리스자산처분"
16162213,투자활동으로인한현금흐름|투자활동으로인한현금유입|파생상품의처분
16161688,투자활동으로인한현금흐름|투자활동으로인한현금유입|정부보조금의증가
16162220,투자활동으로인한현금흐름|투자활동으로인한현금유입|합병(영업양수도)현금유입
16162500,투자활동으로인한현금흐름|투자활동으로인한현금유출
16162510,투자활동으로인한현금흐름|투자활동으로인한현금유출|유동자산의증가
16162512,투자활동으로인한현금흐름|투자활동으로인한현금유출|유동자산의증가|단기대여금의증가
16162516,투자활동으로인한현금흐름|투자활동으로인한현금유출|유동자산의증가|단기금융상품의증가
16162519,투자활동으로인한현금흐름|투자활동으로인한현금유출|유동자산의증가|기타유동자산증가
16162520,투자활동으로인한현금흐름|투자활동으로인한현금유출|투자자산등의증가
16162532,투자활동으로인한현금흐름|투자활동으로인한현금유출|투자자산등의증가|장기금융상품의증가
16162522,투자활동으로인한현금흐름|투자활동으로인한현금유출|투자자산등의증가|장기투자증권취득
16162523,투자활동으로인한현금흐름|투자활동으로인한현금유출|투자자산등의증가|지분법주식취득
16162564,투자활동으로인한현금흐름|투자활동으로인한현금유출|투자자산등의증가|당기손익인식금융자산의 취득
16162565,투자활동으로인한현금흐름|투자활동으로인한현금유출|투자자산등의증가|매도가능금융자산의 취득
16162540,투자활동으로인한현금흐름|투자활동으로인한현금유출|투자자산등의증가|종속회사투자관련현금유출액
16162541,투자활동으로인한현금흐름|투자활동으로인한현금유출|투자자산등의증가|종속회사투자관련현금유출액|종속회사투자의취득
16162545,투자활동으로인한현금흐름|투자활동으로인한현금유출|투자자산등의증가|관계회사투자관련현금유출액
16162546,투자활동으로인한현금흐름|투자활동으로인한현금유출|투자자산등의증가|관계회사투자관련현금유출액|관계회사투자의취득
16162525,투자활동으로인한현금흐름|투자활동으로인한현금유출|투자자산등의증가|투자부동산증가
16162526,투자활동으로인한현금흐름|투자활동으로인한현금유출|투자자산등의증가|장기대여금증가
16162530,투자활동으로인한현금흐름|투자활동으로인한현금유출|투자자산등의증가|보증금의증가
16162535,투자활동으로인한현금흐름|투자활동으로인한현금유출|투자자산등의증가|기타비유동자산의증가
16162550,"투자활동으로인한현금흐름|투자활동으로인한현금유출|유,무형,리스자산의증가"
16162552,"투자활동으로인한현금흐름|투자활동으로인한현금유출|유,무형,리스자산의증가|건물구축물시설장치의취득"
16162554,"투자활동으로인한현금흐름|투자활동으로인한현금유출|유,무형,리스자산의증가|공구,기구,비품취득"
16162556,"투자활동으로인한현금흐름|투자활동으로인한현금유출|유,무형,리스자산의증가|건설중인자산의증가"
16162557,"투자활동으로인한현금흐름|투자활동으로인한현금유출|유,무형,리스자산의증가|무형자산증가"
16162563,"투자활동으로인한현금흐름|투자활동으로인한현금유출|유,무형,리스자산의증가|무형자산증가|기타무형자산증가"
16162569,"투자활동으로인한현금흐름|투자활동으로인한현금유출|유,무형,리스자산의증가|기타유형,리스자산증가"
16162613,투자활동으로인한현금흐름|투자활동으로인한현금유출|파생상품의취득
16162611,투자활동으로인한현금흐름|투자활동으로인한현금유출|정부보조금의감소
16162620,투자활동으로인한현금흐름|투자활동으로인한현금유출|합병(영업양수도)현금유출
16163000,재무활동으로인한현금흐름
16163100,재무활동으로인한현금흐름|재무활동으로인한현금유입
16163120,재무활동으로인한현금흐름|재무활동으로인한현금유입|유동부채의증가
16163122,재무활동으로인한현금흐름|재무활동으로인한현금유입|유동부채의증가|단기차입금의증가
16163140,재무활동으로인한현금흐름|재무활동으로인한현금유입|비유동부채의증가
16163141,재무활동으로인한현금흐름|재무활동으로인한현금유입|비유동부채의증가|사채의발행
16163142,재무활동으로인한현금흐름|재무활동으로인한현금유입|비유동부채의증가|전환사채의발행
16163145,재무활동으로인한현금흐름|재무활동으로인한현금유입|비유동부채의증가|장기차입금증가
16163148,재무활동으로인한현금흐름|재무활동으로인한현금유입|비유동부채의증가|보증금의증가
16163170,재무활동으로인한현금흐름|재무활동으로인한현금유입|자본의증가
16163171,재무활동으로인한현금흐름|재무활동으로인한현금유입|자본의증가|유상증자(주식발행초과금)
16163500,재무활동으로인한현금흐름|재무활동으로인한현금유출
16163520,재무활동으로인한현금흐름|재무활동으로인한현금유출|유동부채의감소
16163522,재무활동으로인한현금흐름|재무활동으로인한현금유출|유동부채의감소|단기차입금의상환
16163525,재무활동으로인한현금흐름|재무활동으로인한현금유출|유동부채의감소|유동성장기차입금상환
16163540,재무활동으로인한현금흐름|재무활동으로인한현금유출|비유동부채의감소
16163542,재무활동으로인한현금흐름|재무활동으로인한현금유출|비유동부채의감소|전환사채의상환
16163544,재무활동으로인한현금흐름|재무활동으로인한현금유출|비유동부채의감소|장기차입금상환
16163546,재무활동으로인한현금흐름|재무활동으로인한현금유출|비유동부채의감소|장기미지급금지급
16163547,재무활동으로인한현금흐름|재무활동으로인한현금유출|비유동부채의감소|보증금의감소
16163570,재무활동으로인한현금흐름|재무활동으로인한현금유출|자본의감소
16163572,재무활동으로인한현금흐름|재무활동으로인한현금유출|자본의감소|자본잉여금감소
16163575,재무활동으로인한현금흐름|재무활동으로인한현금유출|자본의감소|자기주식취득
16164000,현금및현금성자산의증가(감소)
16164030,환율변동으로인한차이조정
16165000,기초의현금및현금성자산
16166000,기말의현금및현금성자산
16167000,현금유입과유출없는거래
16167002,"현금유입과유출없는거래|유,무형자산의유동자산대체"
16167004,현금유입과유출없는거래|투자자산간대체
16167005,"현금유입과유출없는거래|유,무형자산의투자자산대체"
16167006,"현금유입과유출없는거래|유,무형자산간대체"
16167008,"현금유입과유출없는거래|금융리스에 의한 유,무형자산구입"
16167009,현금유입과유출없는거래|사채의유동성대체
16167010,현금유입과유출없는거래|장기차입금유동성대체
16167012,"현금유입과유출없는거래|장기미지급금,선수금유동성대체"
16167013,현금유입과유출없는거래|기타비유동부채유동성대체
16167064,현금유입과유출없는거래|기타비유동자산유동성대체
16167021,현금유입과유출없는거래|전환사채등의자본전환
16167022,현금유입과유출없는거래|기타자본조정의변동
16167065,현금유입과유출없는거래|기타포괄손익누계액의변동
16167063,현금유입과유출없는거래|자기주식처분이익
16167032,현금유입과유출없는거래|합병(영업양수도)비현금거래
16167051,현금유입과유출없는거래|미지급금으로취득한유형자산
16167053,현금유입과유출없는거래|장기투자증권의단기투자증권전환
16167054,현금유입과유출없는거래|유동자산의투자자산대체
16167055,현금유입과유출없는거래|투자자산의유동자산대체
16167049,현금유입과유출없는거래|기타의현금유입과유출없는거래
