﻿계정코드,항목명
13133500,미처분이익잉여금
13132000,미처분이익잉여금|수정후전기이월미처분이익잉여금
13131100,미처분이익잉여금|수정후전기이월미처분이익잉여금|전기이월미처분이익잉여금
13131600,미처분이익잉여금|수정후전기이월미처분이익잉여금|회계정책변경누적효과(-)
13131113,미처분이익잉여금|수정후전기이월미처분이익잉여금|자기주식처분손실(-)
13131450,미처분이익잉여금|수정후전기이월미처분이익잉여금|지분법이익
13131500,미처분이익잉여금|수정후전기이월미처분이익잉여금|기타
13133000,미처분이익잉여금|당기순이익
13135000,이익잉여금처분가능액
13137000,결손금처리액
13137600,결손금처리액|자본준비금이입
13138000,차기이월미처분이익잉여금
