﻿계정코드,항목명
12121000,수익
12121100,수익|총수익
12121120,수익|총수익|제품판매로인한수익
12121121,수익|총수익|제품판매로인한수익|국내
12121122,수익|총수익|제품판매로인한수익|수출
12121128,수익|총수익|제품판매로인한수익|구분불명
12122000,매출원가
12122200,매출원가|제품매출원가
12122220,매출원가|제품매출원가|당기제품제조원가
12123000,매출총이익(손실)
12124000,판매비와관리비
12124100,판매비와관리비|인건비
12124105,판매비와관리비|인건비|단기종업원급여
12124120,판매비와관리비|인건비|단기종업원급여|급료와임금
12124140,판매비와관리비|인건비|단기종업원급여|상여금
12124145,판매비와관리비|인건비|퇴직급여
12124180,판매비와관리비|인건비|주식보상비용
12124170,판매비와관리비|인건비|복리후생비
12124200,판매비와관리비|일반관리비
12124211,판매비와관리비|일반관리비|여비교통비
12124212,판매비와관리비|일반관리비|통신비
12124214,판매비와관리비|일반관리비|세금과공과
12124215,판매비와관리비|일반관리비|임차료비용
12124216,판매비와관리비|일반관리비|감가상각비
12124218,판매비와관리비|일반관리비|보험료
12124220,판매비와관리비|일반관리비|소모품비
12124221,판매비와관리비|일반관리비|도서인쇄비
12124223,판매비와관리비|일반관리비|교육훈련비
12124224,판매비와관리비|일반관리비|수수료비용
12124300,판매비와관리비|판매비
12124311,판매비와관리비|판매비|접대비
12124312,판매비와관리비|판매비|광고선전비
12124316,판매비와관리비|판매비|운반비
12124400,판매비와관리비|기타판매비와관리비
12124420,판매비와관리비|기타판매비와관리비|경상개발비
12124440,판매비와관리비|기타판매비와관리비|대손상각비
12124450,판매비와관리비|기타판매비와관리비|무형자산상각비
12124453,판매비와관리비|기타판매비와관리비|무형자산상각비|산업재산권상각
12124462,판매비와관리비|기타판매비와관리비|무형자산상각비|저작권상각
12124457,판매비와관리비|기타판매비와관리비|무형자산상각비|전용시설이용권상각
12124470,판매비와관리비|기타판매비와관리비|무형자산상각비|소프트웨어상각
12124471,판매비와관리비|기타판매비와관리비|무형자산상각비|기타무형자산상각
12124460,판매비와관리비|기타판매비와관리비|기타의기타판매비와관리비
12125000,영업이익(손실)
12125100,영업외수익
12125182,영업외수익|금융수익
12125101,영업외수익|금융수익|이자수익
12125103,영업외수익|금융수익|배당금수익
12125183,영업외수익|금융수익|기타금융수익
12125169,영업외수익|당기손익인식금융자산처분이익
12125185,영업외수익|관계기업투자처분이익
12125123,"영업외수익|유,무형,리스자산처분이익"
12125105,영업외수익|임대료수익
12125106,영업외수익|수수료수익
12125109,영업외수익|외환차익
12125111,영업외수익|외화환산이익
12125118,영업외수익|파생상품거래이익
12125126,영업외수익|파생상품평가이익
12125187,영업외수익|자산평가이익
12125155,영업외수익|자산평가이익|당기손익인식금융자산평가이익
12125121,영업외수익|자산평가이익|기타장단기투자자산평가이익
12125113,영업외수익|대손충당부채환입
12125167,영업외수익|자산손상차손환입
12125149,영업외수익|자산손상차손환입|매도가능금융자산손상차손환입
12125171,영업외수익|자산손상차손환입|종속기업투자손상차손환입
12125115,영업외수익|기타영업외수익
12126000,영업외비용
12126103,영업외비용|금융비용
12126110,영업외비용|금융비용|이자비용
12126270,영업외비용|투자자산처분손실
12126129,영업외비용|당기손익인식금융자산처분손실
12126260,"영업외비용|유,무형,리스자산처분손실"
12126150,영업외비용|기부금
12126160,영업외비용|외환차손
12126174,영업외비용|외화환산손실
12126163,영업외비용|파생상품평가손실
12126170,영업외비용|자산평가손실
12126178,영업외비용|자산평가손실|당기손익인식금융자산평가손실
12126240,영업외비용|기타대손상각비
12126280,영업외비용|사채상환손실
12126310,영업외비용|지분법손실
12126126,영업외비용|자산손상차손
12126147,영업외비용|자산손상차손|매도가능금융자산손상차손
12126155,영업외비용|자산손상차손|지분법주식손상차손
12126156,영업외비용|자산손상차손|종속기업투자손상차손
12126157,영업외비용|자산손상차손|관계기업투자손상차손
12126410,영업외비용|자산손상차손|유형자산손상차손
12126420,영업외비용|자산손상차손|무형자산손상차손
12126250,영업외비용|기타영업외비용
12128000,법인세비용차감전계속영업이익(손실)
12128100,계속영업손익법인세비용(부의법인세비용)
12128160,계속영업이익(손실)
12129007,기본주당계속영업손익
12129009,기본주당순손익
12129017,희석주당계속영업손익
12129019,희석주당순손익
12129050,기타포괄손익
12129053,기타포괄손익|투자자산평가손익
12129055,기타포괄손익|외화환산평가손익
12129056,기타포괄손익|보험수리적손익
12129057,기타포괄손익|기타의기타포괄손익
12129060,포괄손익
