﻿계정코드,label
11114000,자산총계|비유동자산(계)
11113200,자산총계|비유동자산(계)|유형자산(계)
11113203,(유형자산정부보조금계)
11113201,(유형자산감가상각누계액계)
11113205,(유형자산손상차손누계액계)
11113310,자산총계|비유동자산(계)|유형자산(계)|리스자산
11113311,(유형자산감가상각누계액계)|(리스자산감가상각누계액)
11112690,자산총계|비유동자산(계)|유형자산(계)|리스자산|기타리스자산
11112699,(유형자산감가상각누계액계)|(리스자산감가상각누계액)|(기타리스자산감가상각누계액)
11113110,자산총계|비유동자산(계)|유형자산(계)|토지
11113146,자산총계|비유동자산(계)|유형자산(계)|시설장치
11113148,(유형자산정부보조금계)|(시설장치정부보조금)
11113149,(유형자산감가상각누계액계)|(시설장치감가상각누계액)
11113180,자산총계|비유동자산(계)|유형자산(계)|비품
11113181,(유형자산감가상각누계액계)|(비품감가상각누계액)
11113199,자산총계|비유동자산(계)|유형자산(계)|건설중인자산
11113196,(유형자산손상차손누계액계)|(건설중인자산손상차손누계액)
11112150,자산총계|비유동자산(계)|투자부동산
11112175,(투자부동산감가상각누계액)
11112143,자산총계|비유동자산(계)|투자부동산|토지
11112144,자산총계|비유동자산(계)|투자부동산|건물
11112178,(투자부동산감가상각누계액)|(건물감가상각누계액)
11113400,자산총계|비유동자산(계)|무형자산(계)
11113355,(상각누계액)
11113356,(손상차손누계액)
11113299,(정부보조금)
11113007,자산총계|비유동자산(계)|무형자산(계)|기타의무형자산(계)
11113008,(상각누계액)|(기타의무형자산상각누계액)
11113009,(손상차손누계액)|(기타의무형자산손상차손누계액)
11113010,(정부보조금)|(기타의무형자산정부보조금)
11113220,자산총계|비유동자산(계)|무형자산(계)|기타의무형자산(계)|산업재산권
11113221,(상각누계액)|(기타의무형자산상각누계액)|(산업재산권상각누계액)
11113240,자산총계|비유동자산(계)|무형자산(계)|기타의무형자산(계)|저작권
11113241,(상각누계액)|(기타의무형자산상각누계액)|(저작권상각누계액)
11113290,자산총계|비유동자산(계)|무형자산(계)|기타의무형자산(계)|전용시설이용권
11113291,(상각누계액)|(기타의무형자산상각누계액)|(전용시설이용권상각누계액)
11113297,자산총계|비유동자산(계)|무형자산(계)|기타의무형자산(계)|소프트웨어
11113346,(상각누계액)|(기타의무형자산상각누계액)|(소프트웨어상각누계액)
11113347,(손상차손누계액)|(기타의무형자산손상차손누계액)|(소프트웨어손상차손누계액)
11113348,(정부보조금)|(기타의무형자산정부보조금)|(소프트웨어정부보조금)
11113300,자산총계|비유동자산(계)|무형자산(계)|기타의무형자산(계)|기타무형자산
11113349,(상각누계액)|(기타의무형자산상각누계액)|(기타무형자산상각누계액)
11113383,자산총계|비유동자산(계)|장기투자자산
11112108,자산총계|비유동자산(계)|장기투자자산|당기손익인식금융자산
11112109,자산총계|비유동자산(계)|장기투자자산|당기손익인식금융자산|매매목적파생상품
11112113,자산총계|비유동자산(계)|장기투자자산|당기손익인식금융자산|기타당기손익인식금융자산
11112111,자산총계|비유동자산(계)|장기투자자산|당기손익인식금융자산|기타당기손익인식금융자산|장기금융상품
11112106,자산총계|비유동자산(계)|장기투자자산|당기손익인식금융자산|기타당기손익인식금융자산|장기금융상품|기타장기금융상품
11112114,자산총계|비유동자산(계)|장기투자자산|당기손익인식금융자산|기타당기손익인식금융자산|기타의기타당기손익인식금융자산
11112121,자산총계|비유동자산(계)|장기투자자산|매도가능금융자산
11112147,자산총계|비유동자산(계)|장기투자자산|지분법적용주식
11112117,자산총계|비유동자산(계)|장기투자자산|종속기업투자
11112118,자산총계|비유동자산(계)|장기투자자산|관계기업투자
11112119,자산총계|비유동자산(계)|장기투자자산|조인트벤처투자
11112631,자산총계|비유동자산(계)|매출채권및기타채권
11112180,(매출채권및기타채권 대손충당부채)
11112241,자산총계|비유동자산(계)|매출채권및기타채권|장기미수수익
11112242,(매출채권및기타채권 대손충당부채)|(장기미수수익대손충당부채)
11112245,자산총계|비유동자산(계)|매출채권및기타채권|장기미수수익|원화장기미수수익
11112210,자산총계|비유동자산(계)|매출채권및기타채권|장기대여금
11112215,(매출채권및기타채권 대손충당부채)|(장기대여금대손충당부채)
11112211,자산총계|비유동자산(계)|매출채권및기타채권|장기대여금|특수관계자장기대여금
11112212,자산총계|비유동자산(계)|매출채권및기타채권|장기대여금|주주임원종업원장기대여금
11112213,자산총계|비유동자산(계)|매출채권및기타채권|장기대여금|기타장기대여금
11112261,자산총계|비유동자산(계)|매출채권및기타채권|보증금
11113604,자산총계|비유동자산(계)|매출채권및기타채권|리스채권
11112610,자산총계|비유동자산(계)|매출채권및기타채권|리스채권|금융리스채권
11112270,자산총계|비유동자산(계)|이연법인세자산
11112636,자산총계|비유동자산(계)|기타비금융자산
11112251,자산총계|비유동자산(계)|기타비금융자산|장기선급금
11112252,자산총계|비유동자산(계)|기타비금융자산|장기선급비용
11112000,자산총계|유동자산(계)
11111156,자산총계|유동자산(계)|매출채권및기타채권
11111249,(매출채권및기타채권 대손충당부채)
11111150,자산총계|유동자산(계)|매출채권및기타채권|매출채권
11111159,(매출채권및기타채권 대손충당부채)|(매출채권대손충당부채)
11111152,자산총계|유동자산(계)|매출채권및기타채권|매출채권|외화매출채권
11111147,자산총계|유동자산(계)|매출채권및기타채권|매출채권|원화매출채권
11111180,자산총계|유동자산(계)|매출채권및기타채권|미수금
11111189,(매출채권및기타채권 대손충당부채)|(미수금대손충당부채)
11111183,자산총계|유동자산(계)|매출채권및기타채권|미수금|기타미수금
11111190,자산총계|유동자산(계)|매출채권및기타채권|미수수익
11111199,(매출채권및기타채권 대손충당부채)|(미수수익대손충당부채)
11111192,자산총계|유동자산(계)|매출채권및기타채권|미수수익|외화미수수익
11111197,자산총계|유동자산(계)|매출채권및기타채권|미수수익|원화미수수익
11111170,자산총계|유동자산(계)|매출채권및기타채권|단기대여금
11111179,(매출채권및기타채권 대손충당부채)|(단기대여금대손충당부채)
11111171,자산총계|유동자산(계)|매출채권및기타채권|단기대여금|특수관계자단기대여금
11111174,자산총계|유동자산(계)|매출채권및기타채권|단기대여금|기타단기대여금
11111591,자산총계|유동자산(계)|매출채권및기타채권|리스채권
11111594,자산총계|유동자산(계)|매출채권및기타채권|리스채권|금융리스채권
11111233,자산총계|유동자산(계)|단기투자자산
11111230,자산총계|유동자산(계)|단기투자자산|당기손익인식금융자산
11111232,자산총계|유동자산(계)|단기투자자산|당기손익인식금융자산|기타당기손익인식금융자산
11111220,자산총계|유동자산(계)|단기투자자산|당기손익인식금융자산|기타당기손익인식금융자산|단기금융상품
11111225,자산총계|유동자산(계)|단기투자자산|당기손익인식금융자산|기타당기손익인식금융자산|단기금융상품|기타단기금융상품
11111484,자산총계|유동자산(계)|단기투자자산|당기손익인식금융자산|기타당기손익인식금융자산|기타의기타당기손익인식금융자산
11111162,자산총계|유동자산(계)|단기투자자산|매도가능금융자산
11111421,자산총계|유동자산(계)|당기법인세자산
11111401,자산총계|유동자산(계)|기타비금융자산
11111410,자산총계|유동자산(계)|기타비금융자산|선급금
11111419,(선급금대손충당부채)
11111415,자산총계|유동자산(계)|기타비금융자산|선급금|기타선급금
11111420,자산총계|유동자산(계)|기타비금융자산|선급비용
11111422,자산총계|유동자산(계)|기타비금융자산|부가세대급금
11111430,자산총계|유동자산(계)|기타비금융자산|보증금
11111200,자산총계|유동자산(계)|기타비금융자산|기타당좌자산
11111100,자산총계|유동자산(계)|현금및현금성자산
11111135,(정부보조금)
11111130,자산총계|유동자산(계)|현금및현금성자산|예금
11111134,자산총계|유동자산(계)|현금및현금성자산|예금|기타예금
11111137,자산총계|유동자산(계)|현금및현금성자산|기타현금성자산
11115000,자산총계
11118060,부채와자본총계|자본총계|납입자본
11118100,부채와자본총계|자본총계|납입자본|자본금
11118110,부채와자본총계|자본총계|납입자본|자본금|보통주자본금
11118120,부채와자본총계|자본총계|납입자본|자본금|우선주자본금
11118211,부채와자본총계|자본총계|납입자본|주식발행초과금
11118300,부채와자본총계|자본총계|이익잉여금
11118330,부채와자본총계|자본총계|이익잉여금|미처분이익잉여금
11118630,부채와자본총계|자본총계|기타자본구성요소
11118600,부채와자본총계|자본총계|기타자본구성요소|기타포괄손익누계액
11118470,부채와자본총계|자본총계|기타자본구성요소|기타포괄손익누계액|해외사업환산손실(-)
11118530,부채와자본총계|자본총계|기타자본구성요소|기타포괄손익누계액|투자자산평가손실(-)
11118531,부채와자본총계|자본총계|기타자본구성요소|기타포괄손익누계액|투자자산평가손실(-)|매도가능금융자산평가손실(-)
11118533,부채와자본총계|자본총계|기타자본구성요소|기타포괄손익누계액|투자자산평가손실(-)|부의지분법자본변동(-)
11118540,부채와자본총계|자본총계|기타자본구성요소|기타포괄손익누계액|투자자산평가이익
11118541,부채와자본총계|자본총계|기타자본구성요소|기타포괄손익누계액|투자자산평가이익|매도가능금융자산평가이익
11118621,부채와자본총계|자본총계|기타자본구성요소|기타포괄손익누계액|보험수리적손실(-)
11118090,부채와자본총계|자본총계|기타자본구성요소|기타자본구성
11118214,부채와자본총계|자본총계|기타자본구성요소|기타자본구성|주식발행초과금
11118236,부채와자본총계|자본총계|기타자본구성요소|기타자본구성|자기주식처분이익
11118238,부채와자본총계|자본총계|기타자본구성요소|기타자본구성|전환권대가
11118430,부채와자본총계|자본총계|기타자본구성요소|기타자본구성|자기주식(-)
11118570,부채와자본총계|자본총계|기타자본구성요소|기타자본구성|주식선택권
11118599,부채와자본총계|자본총계|기타자본구성요소|기타자본구성|기타의기타자본구성
11118900,부채와자본총계|자본총계
11117000,부채와자본총계|부채총계|비유동부채(계)
11117112,부채와자본총계|부채총계|비유동부채(계)|매입채무및기타채무
11116400,부채와자본총계|부채총계|비유동부채(계)|매입채무및기타채무|장기미지급금
11116409,부채와자본총계|부채총계|비유동부채(계)|매입채무및기타채무|장기미지급금|기타장기미지급금
11116805,부채와자본총계|부채총계|비유동부채(계)|매입채무및기타채무|보증금
11116800,부채와자본총계|부채총계|비유동부채(계)|매입채무및기타채무|보증금|임대보증금
11117111,부채와자본총계|부채총계|비유동부채(계)|비유동차입부채
11116050,부채와자본총계|부채총계|비유동부채(계)|비유동차입부채|장기사채(계)
11116051,(전환권조정계)
11116107,(사채상환할증금계)
11116101,부채와자본총계|부채총계|비유동부채(계)|비유동차입부채|장기사채(계)|전환사채
11116102,(전환권조정계)|(전환권조정)
11116127,(사채상환할증금계)|(전환사채상환할증금)
11116200,부채와자본총계|부채총계|비유동부채(계)|비유동차입부채|장기차입금(계)
11116210,부채와자본총계|부채총계|비유동부채(계)|비유동차입부채|장기차입금(계)|장기차입금
11117114,부채와자본총계|부채총계|비유동부채(계)|기타금융부채
11117115,부채와자본총계|부채총계|비유동부채(계)|기타금융부채|당기손익인식금융부채
11117116,부채와자본총계|부채총계|비유동부채(계)|기타금융부채|당기손익인식금융부채|매매목적파생상품
11117117,부채와자본총계|부채총계|비유동부채(계)|기타금융부채|당기손익인식금융부채|기타당기손익인식금융부채
11116260,부채와자본총계|부채총계|비유동부채(계)|기타금융부채|금융리스부채
11117119,부채와자본총계|부채총계|비유동부채(계)|기타비금융부채
11116500,부채와자본총계|부채총계|비유동부채(계)|기타비금융부채|장기미지급비용
11116700,부채와자본총계|부채총계|비유동부채(계)|기타비금융부채|기타비유동부채
11117123,부채와자본총계|부채총계|비유동부채(계)|퇴직급여채무
11116600,부채와자본총계|부채총계|비유동부채(계)|장기충당부채(계)
11116645,부채와자본총계|부채총계|비유동부채(계)|장기충당부채(계)|복구충당부채
11116640,부채와자본총계|부채총계|비유동부채(계)|장기충당부채(계)|기타부채성충당부채
11116000,부채와자본총계|부채총계|유동부채(계)
11115120,부채와자본총계|부채총계|유동부채(계)|매입채무및기타채무
11115140,부채와자본총계|부채총계|유동부채(계)|매입채무및기타채무|미지급금
11115147,부채와자본총계|부채총계|유동부채(계)|매입채무및기타채무|미지급금|기타미지급금
11115160,부채와자본총계|부채총계|유동부채(계)|매입채무및기타채무|예수금
11115164,부채와자본총계|부채총계|유동부채(계)|매입채무및기타채무|예수금|기타예수금
11115171,부채와자본총계|부채총계|유동부채(계)|매입채무및기타채무|보증금
11115175,부채와자본총계|부채총계|유동부채(계)|매입채무및기타채무|보증금|임대보증금
11115180,부채와자본총계|부채총계|유동부채(계)|매입채무및기타채무|미지급비용
11115122,부채와자본총계|부채총계|유동부채(계)|유동차입부채
11115130,부채와자본총계|부채총계|유동부채(계)|유동차입부채|단기차입금
11115133,부채와자본총계|부채총계|유동부채(계)|유동차입부채|단기차입금|외화단기차입금
11115134,부채와자본총계|부채총계|유동부채(계)|유동차입부채|단기차입금|특수관계자단기차입금
11115136,"부채와자본총계|부채총계|유동부채(계)|유동차입부채|단기차입금|주주,임원,종업원단기차입금"
11115132,부채와자본총계|부채총계|유동부채(계)|유동차입부채|단기차입금|기타단기차입금
11115190,부채와자본총계|부채총계|유동부채(계)|유동차입부채|유동성장기부채
11115531,(유동성장기부채전환권조정)
11115536,(유동성장기부채상환할증금)
11115191,부채와자본총계|부채총계|유동부채(계)|유동차입부채|유동성장기부채|유동성장기차입금
11115193,부채와자본총계|부채총계|유동부채(계)|유동차입부채|유동성장기부채|유동성사채
11115189,(유동성장기부채전환권조정)|(전환권조정)
11115201,(유동성장기부채상환할증금)|(유동성사채상환할증금)
11115195,부채와자본총계|부채총계|유동부채(계)|유동차입부채|유동성장기부채|유동성금융리스부채
11115144,부채와자본총계|부채총계|유동부채(계)|당기법인세부채
11115127,부채와자본총계|부채총계|유동부채(계)|기타금융부채
11115128,부채와자본총계|부채총계|유동부채(계)|기타금융부채|당기손익인식금융부채
11115129,부채와자본총계|부채총계|유동부채(계)|기타금융부채|당기손익인식금융부채|매매목적파생상품
11115137,부채와자본총계|부채총계|유동부채(계)|기타금융부채|당기손익인식금융부채|기타당기손익인식금융부채
11115138,부채와자본총계|부채총계|유동부채(계)|기타금융부채|상환우선주
11115123,부채와자본총계|부채총계|유동부채(계)|기타비금융부채
11115150,부채와자본총계|부채총계|유동부채(계)|기타비금융부채|선수금
11115153,부채와자본총계|부채총계|유동부채(계)|기타비금융부채|선수금|기타선수금
11115210,부채와자본총계|부채총계|유동부채(계)|기타비금융부채|선수수익
11115211,부채와자본총계|부채총계|유동부채(계)|단기충당부채
11115219,부채와자본총계|부채총계|유동부채(계)|단기충당부채|기타단기부채성충당부채
11118000,부채와자본총계|부채총계
11119000,부채와자본총계
