﻿계정코드,label
261000,기말납입자본|기초납입자본
261010,기말납입자본|유상증자
261050,기말납입자본|전환사채의전환
261090,기말납입자본|합병(분할)로인한자본금증감
261900,기말납입자본
263000,기초이익잉여금수정|기초이익잉여금
263010,수정후이익잉여금|기초이익잉여금수정
263011,수정후이익잉여금|회계정책변경누적효과
263013,처분후이익잉여금|수정후이익잉여금
263014,기말이익잉여금|처분후이익잉여금
263080,기말이익잉여금|자기주식처분손익
263110,기말이익잉여금|당기순손익
263310,"기말이익잉여금|장기투자증권의취득(처분,평가)"
263340,기말이익잉여금|기타
263900,기말이익잉여금
267010,기말기타자본구성요소|기초기타자본구성요소
267030,기말기타자본구성요소|유상증자
267180,기말기타자본구성요소|신주인수권행사
267190,기말기타자본구성요소|전환사채의전환
267210,기말기타자본구성요소|회계변경의누적효과
267250,기말기타자본구성요소|합병(분할)로인한자본잉여금증감
267310,기말기타자본구성요소|자기주식의취득(처분)
267320,기말기타자본구성요소|주식선택권
267370,기말기타자본구성요소|매도가능금융자산평가이익
267380,기말기타자본구성요소|매도가능금융자산평가손실
267430,기말기타자본구성요소|지분법자본변동
267440,기말기타자본구성요소|해외사업환산손익의증감
267460,기말기타자본구성요소|기타
267470,기말기타자본구성요소
